ISO-10303-21;
HEADER;
FILE_DESCRIPTION(('KiCad electronic assembly'),'2;1');
FILE_NAME('End_PCB_terminal_holder.step','2026-02-04T15:56:54',('Pcbnew'
    ),('Kicad'),'Open CASCADE STEP processor 7.8',
  'KiCad to STEP converter','Unknown');
FILE_SCHEMA(('AUTOMOTIVE_DESIGN { 1 0 10303 214 1 1 1 1 }'));
ENDSEC;
DATA;
#1 = APPLICATION_PROTOCOL_DEFINITION('international standard',
  'automotive_design',2000,#2);
#2 = APPLICATION_CONTEXT(
  'core data for automotive mechanical design processes');
#3 = SHAPE_DEFINITION_REPRESENTATION(#4,#10);
#4 = PRODUCT_DEFINITION_SHAPE('','',#5);
#5 = PRODUCT_DEFINITION('design','',#6,#9);
#6 = PRODUCT_DEFINITION_FORMATION('','',#7);
#7 = PRODUCT('End_PCB_terminal_holder 1','End_PCB_terminal_holder 1','',
  (#8));
#8 = PRODUCT_CONTEXT('',#2,'mechanical');
#9 = PRODUCT_DEFINITION_CONTEXT('part definition',#2,'design');
#10 = SHAPE_REPRESENTATION('',(#11,#15,#19),#23);
#11 = AXIS2_PLACEMENT_3D('',#12,#13,#14);
#12 = CARTESIAN_POINT('',(0.,0.,0.));
#13 = DIRECTION('',(0.,0.,1.));
#14 = DIRECTION('',(1.,0.,-0.));
#15 = AXIS2_PLACEMENT_3D('',#16,#17,#18);
#16 = CARTESIAN_POINT('',(102.12,-112.2,7.895));
#17 = DIRECTION('',(0.,-1.,1.110223024625E-16));
#18 = DIRECTION('',(1.,0.,0.));
#19 = AXIS2_PLACEMENT_3D('',#20,#21,#22);
#20 = CARTESIAN_POINT('',(0.,0.,0.));
#21 = DIRECTION('',(0.,0.,1.));
#22 = DIRECTION('',(1.,0.,-0.));
#23 = ( GEOMETRIC_REPRESENTATION_CONTEXT(3) 
GLOBAL_UNCERTAINTY_ASSIGNED_CONTEXT((#27)) GLOBAL_UNIT_ASSIGNED_CONTEXT(
(#24,#25,#26)) REPRESENTATION_CONTEXT('Context #1',
  '3D Context with UNIT and UNCERTAINTY') );
#24 = ( LENGTH_UNIT() NAMED_UNIT(*) SI_UNIT(.MILLI.,.METRE.) );
#25 = ( NAMED_UNIT(*) PLANE_ANGLE_UNIT() SI_UNIT($,.RADIAN.) );
#26 = ( NAMED_UNIT(*) SI_UNIT($,.STERADIAN.) SOLID_ANGLE_UNIT() );
#27 = UNCERTAINTY_MEASURE_WITH_UNIT(LENGTH_MEASURE(1.E-05),#24,
  'distance_accuracy_value','confusion accuracy');
#28 = PRODUCT_RELATED_PRODUCT_CATEGORY('part',$,(#7));
#29 = SHAPE_DEFINITION_REPRESENTATION(#30,#36);
#30 = PRODUCT_DEFINITION_SHAPE('','',#31);
#31 = PRODUCT_DEFINITION('design','',#32,#35);
#32 = PRODUCT_DEFINITION_FORMATION('','',#33);
#33 = PRODUCT('284391-5','284391-5','',(#34));
#34 = PRODUCT_CONTEXT('',#2,'mechanical');
#35 = PRODUCT_DEFINITION_CONTEXT('part definition',#2,'design');
#36 = ADVANCED_BREP_SHAPE_REPRESENTATION('',(#11,#37),#13829);
#37 = MANIFOLD_SOLID_BREP('',#38);
#38 = CLOSED_SHELL('',(#39,#209,#241,#265,#289,#493,#687,#1159,#1190,
    #1206,#1282,#1307,#1740,#1762,#1779,#1796,#1813,#1825,#1837,#1877,
    #1901,#1934,#1951,#2016,#2073,#2125,#2142,#2159,#2202,#2226,#2256,
    #2268,#2280,#2305,#2387,#2409,#2420,#2431,#2448,#2465,#2482,#2499,
    #2516,#2528,#2568,#2592,#2625,#2642,#2707,#2764,#2816,#2833,#2850,
    #2893,#2917,#2947,#2959,#2971,#2996,#3078,#3100,#3111,#3122,#3139,
    #3156,#3173,#3190,#3207,#3219,#3259,#3283,#3316,#3333,#3398,#3455,
    #3507,#3524,#3541,#3584,#3608,#3638,#3650,#3662,#3687,#3769,#3791,
    #3802,#3813,#3830,#3847,#3864,#3881,#3898,#3910,#3950,#3974,#4007,
    #4024,#4089,#4146,#4198,#4215,#4232,#4275,#4299,#4329,#4341,#4353,
    #4378,#4412,#4461,#4478,#4495,#4507,#4529,#4546,#4563,#4575,#4679,
    #4696,#4713,#5061,#5321,#5501,#5516,#5531,#5548,#5565,#5577,#5592,
    #5609,#5619,#5634,#5651,#5661,#5676,#5693,#5703,#5718,#5735,#5745,
    #6005,#6185,#6200,#6215,#6232,#6249,#6261,#6276,#6293,#6303,#6318,
    #6335,#6345,#6360,#6377,#6387,#6402,#6419,#6429,#6689,#6869,#6884,
    #6899,#6916,#6933,#6945,#6960,#6977,#6987,#7002,#7019,#7029,#7044,
    #7061,#7071,#7086,#7103,#7113,#7373,#7553,#7568,#7583,#7600,#7617,
    #7629,#7644,#7661,#7671,#7686,#7703,#7713,#7728,#7745,#7755,#7770,
    #7787,#7797,#8057,#8237,#8252,#8267,#8284,#8301,#8313,#8328,#8345,
    #8355,#8370,#8387,#8397,#8412,#8429,#8439,#8454,#8471,#8481,#8506,
    #8565,#8632,#8649,#8666,#8683,#8700,#8717,#8729,#8746,#8763,#8780,
    #8797,#8814,#8831,#8843,#8868,#8935,#8994,#9011,#9028,#9045,#9062,
    #9079,#9096,#9108,#9125,#9142,#9159,#9176,#9193,#9205,#9245,#9269,
    #9302,#9319,#9384,#9441,#9493,#9510,#9527,#9570,#9594,#9624,#9636,
    #9648,#9659,#9690,#9714,#9738,#9755,#9767,#9798,#9822,#9846,#9863,
    #9875,#9906,#9930,#9954,#9971,#9983,#10014,#10038,#10062,#10079,
    #10091,#10122,#10146,#10170,#10187,#10199,#10350,#10408,#10452,
    #10522,#10553,#10591,#10647,#10764,#10781,#10798,#10810,#10827,
    #10844,#10861,#10880,#10913,#10925,#11076,#11134,#11193,#11249,
    #11286,#11320,#11344,#11377,#11473,#11512,#11550,#11574,#11586,
    #11605,#11622,#11639,#11651,#11802,#11860,#11919,#11975,#12012,
    #12046,#12070,#12103,#12199,#12238,#12276,#12300,#12312,#12331,
    #12348,#12365,#12377,#12528,#12586,#12645,#12701,#12738,#12772,
    #12796,#12829,#12925,#12964,#13002,#13026,#13038,#13057,#13074,
    #13091,#13103,#13254,#13312,#13371,#13427,#13464,#13498,#13522,
    #13555,#13651,#13690,#13728,#13752,#13764,#13783,#13800,#13817));
#39 = ADVANCED_FACE('',(#40),#204,.F.);
#40 = FACE_BOUND('',#41,.F.);
#41 = EDGE_LOOP('',(#42,#53,#61,#69,#77,#85,#93,#101,#109,#117,#125,#134
    ,#142,#150,#158,#166,#174,#182,#190,#198));
#42 = ORIENTED_EDGE('',*,*,#43,.F.);
#43 = EDGE_CURVE('',#44,#46,#48,.T.);
#44 = VERTEX_POINT('',#45);
#45 = CARTESIAN_POINT('',(8.75,6.3,-2.013033107515));
#46 = VERTEX_POINT('',#47);
#47 = CARTESIAN_POINT('',(8.75,6.191345603373,-1.868843853125));
#48 = CIRCLE('',#49,0.15);
#49 = AXIS2_PLACEMENT_3D('',#50,#51,#52);
#50 = CARTESIAN_POINT('',(8.75,6.15,-2.013033107515));
#51 = DIRECTION('',(1.,0.,0.));
#52 = DIRECTION('',(-0.,1.,0.));
#53 = ORIENTED_EDGE('',*,*,#54,.T.);
#54 = EDGE_CURVE('',#44,#55,#57,.T.);
#55 = VERTEX_POINT('',#56);
#56 = CARTESIAN_POINT('',(8.75,6.3,-2.202072594216));
#57 = LINE('',#58,#59);
#58 = CARTESIAN_POINT('',(8.75,6.3,-2.013033107515));
#59 = VECTOR('',#60,1.);
#60 = DIRECTION('',(0.,0.,-1.));
#61 = ORIENTED_EDGE('',*,*,#62,.F.);
#62 = EDGE_CURVE('',#63,#55,#65,.T.);
#63 = VERTEX_POINT('',#64);
#64 = CARTESIAN_POINT('',(8.75,4.1,-2.202072594216));
#65 = LINE('',#66,#67);
#66 = CARTESIAN_POINT('',(8.75,4.1,-2.202072594216));
#67 = VECTOR('',#68,1.);
#68 = DIRECTION('',(0.,1.,0.));
#69 = ORIENTED_EDGE('',*,*,#70,.F.);
#70 = EDGE_CURVE('',#71,#63,#73,.T.);
#71 = VERTEX_POINT('',#72);
#72 = CARTESIAN_POINT('',(8.75,4.1,-2.797927405784));
#73 = LINE('',#74,#75);
#74 = CARTESIAN_POINT('',(8.75,4.1,-2.797927405784));
#75 = VECTOR('',#76,1.);
#76 = DIRECTION('',(0.,0.,1.));
#77 = ORIENTED_EDGE('',*,*,#78,.T.);
#78 = EDGE_CURVE('',#71,#79,#81,.T.);
#79 = VERTEX_POINT('',#80);
#80 = CARTESIAN_POINT('',(8.75,6.3,-2.797927405784));
#81 = LINE('',#82,#83);
#82 = CARTESIAN_POINT('',(8.75,4.1,-2.797927405784));
#83 = VECTOR('',#84,1.);
#84 = DIRECTION('',(0.,1.,0.));
#85 = ORIENTED_EDGE('',*,*,#86,.T.);
#86 = EDGE_CURVE('',#79,#87,#89,.T.);
#87 = VERTEX_POINT('',#88);
#88 = CARTESIAN_POINT('',(8.75,6.3,-5.402072594216));
#89 = LINE('',#90,#91);
#90 = CARTESIAN_POINT('',(8.75,6.3,-2.797927405784));
#91 = VECTOR('',#92,1.);
#92 = DIRECTION('',(0.,0.,-1.));
#93 = ORIENTED_EDGE('',*,*,#94,.F.);
#94 = EDGE_CURVE('',#95,#87,#97,.T.);
#95 = VERTEX_POINT('',#96);
#96 = CARTESIAN_POINT('',(8.75,4.1,-5.402072594216));
#97 = LINE('',#98,#99);
#98 = CARTESIAN_POINT('',(8.75,4.1,-5.402072594216));
#99 = VECTOR('',#100,1.);
#100 = DIRECTION('',(0.,1.,0.));
#101 = ORIENTED_EDGE('',*,*,#102,.F.);
#102 = EDGE_CURVE('',#103,#95,#105,.T.);
#103 = VERTEX_POINT('',#104);
#104 = CARTESIAN_POINT('',(8.75,4.1,-5.997927405784));
#105 = LINE('',#106,#107);
#106 = CARTESIAN_POINT('',(8.75,4.1,-5.997927405784));
#107 = VECTOR('',#108,1.);
#108 = DIRECTION('',(0.,0.,1.));
#109 = ORIENTED_EDGE('',*,*,#110,.T.);
#110 = EDGE_CURVE('',#103,#111,#113,.T.);
#111 = VERTEX_POINT('',#112);
#112 = CARTESIAN_POINT('',(8.75,6.3,-5.997927405784));
#113 = LINE('',#114,#115);
#114 = CARTESIAN_POINT('',(8.75,4.1,-5.997927405784));
#115 = VECTOR('',#116,1.);
#116 = DIRECTION('',(0.,1.,0.));
#117 = ORIENTED_EDGE('',*,*,#118,.T.);
#118 = EDGE_CURVE('',#111,#119,#121,.T.);
#119 = VERTEX_POINT('',#120);
#120 = CARTESIAN_POINT('',(8.75,6.3,-6.274135055323));
#121 = LINE('',#122,#123);
#122 = CARTESIAN_POINT('',(8.75,6.3,-5.997927405784));
#123 = VECTOR('',#124,1.);
#124 = DIRECTION('',(0.,0.,-1.));
#125 = ORIENTED_EDGE('',*,*,#126,.F.);
#126 = EDGE_CURVE('',#127,#119,#129,.T.);
#127 = VERTEX_POINT('',#128);
#128 = CARTESIAN_POINT('',(8.75,6.17604722665,-6.421856218275));
#129 = CIRCLE('',#130,0.15);
#130 = AXIS2_PLACEMENT_3D('',#131,#132,#133);
#131 = CARTESIAN_POINT('',(8.75,6.15,-6.274135055323));
#132 = DIRECTION('',(1.,0.,0.));
#133 = DIRECTION('',(0.,0.173648177667,-0.984807753012));
#134 = ORIENTED_EDGE('',*,*,#135,.T.);
#135 = EDGE_CURVE('',#127,#136,#138,.T.);
#136 = VERTEX_POINT('',#137);
#137 = CARTESIAN_POINT('',(8.75,2.7,-7.03477713055));
#138 = LINE('',#139,#140);
#139 = CARTESIAN_POINT('',(8.75,6.17604722665,-6.421856218275));
#140 = VECTOR('',#141,1.);
#141 = DIRECTION('',(0.,-0.984807753012,-0.173648177667));
#142 = ORIENTED_EDGE('',*,*,#143,.T.);
#143 = EDGE_CURVE('',#136,#144,#146,.T.);
#144 = VERTEX_POINT('',#145);
#145 = CARTESIAN_POINT('',(8.75,2.7,-7.4));
#146 = LINE('',#147,#148);
#147 = CARTESIAN_POINT('',(8.75,2.7,-7.03477713055));
#148 = VECTOR('',#149,1.);
#149 = DIRECTION('',(0.,0.,-1.));
#150 = ORIENTED_EDGE('',*,*,#151,.F.);
#151 = EDGE_CURVE('',#152,#144,#154,.T.);
#152 = VERTEX_POINT('',#153);
#153 = CARTESIAN_POINT('',(8.75,0.4,-7.4));
#154 = LINE('',#155,#156);
#155 = CARTESIAN_POINT('',(8.75,0.4,-7.4));
#156 = VECTOR('',#157,1.);
#157 = DIRECTION('',(0.,1.,0.));
#158 = ORIENTED_EDGE('',*,*,#159,.F.);
#159 = EDGE_CURVE('',#160,#152,#162,.T.);
#160 = VERTEX_POINT('',#161);
#161 = CARTESIAN_POINT('',(8.75,0.4,-8.2));
#162 = LINE('',#163,#164);
#163 = CARTESIAN_POINT('',(8.75,0.4,-8.2));
#164 = VECTOR('',#165,1.);
#165 = DIRECTION('',(0.,0.,1.));
#166 = ORIENTED_EDGE('',*,*,#167,.T.);
#167 = EDGE_CURVE('',#160,#168,#170,.T.);
#168 = VERTEX_POINT('',#169);
#169 = CARTESIAN_POINT('',(8.75,-6.3,-8.2));
#170 = LINE('',#171,#172);
#171 = CARTESIAN_POINT('',(8.75,0.4,-8.2));
#172 = VECTOR('',#173,1.);
#173 = DIRECTION('',(0.,-1.,0.));
#174 = ORIENTED_EDGE('',*,*,#175,.T.);
#175 = EDGE_CURVE('',#168,#176,#178,.T.);
#176 = VERTEX_POINT('',#177);
#177 = CARTESIAN_POINT('',(8.75,-6.3,0.));
#178 = LINE('',#179,#180);
#179 = CARTESIAN_POINT('',(8.75,-6.3,-8.2));
#180 = VECTOR('',#181,1.);
#181 = DIRECTION('',(0.,0.,1.));
#182 = ORIENTED_EDGE('',*,*,#183,.T.);
#183 = EDGE_CURVE('',#176,#184,#186,.T.);
#184 = VERTEX_POINT('',#185);
#185 = CARTESIAN_POINT('',(8.75,0.85,0.));
#186 = LINE('',#187,#188);
#187 = CARTESIAN_POINT('',(8.75,-6.3,0.));
#188 = VECTOR('',#189,1.);
#189 = DIRECTION('',(0.,1.,0.));
#190 = ORIENTED_EDGE('',*,*,#191,.T.);
#191 = EDGE_CURVE('',#184,#192,#194,.T.);
#192 = VERTEX_POINT('',#193);
#193 = CARTESIAN_POINT('',(8.75,0.85,-0.337237647614));
#194 = LINE('',#195,#196);
#195 = CARTESIAN_POINT('',(8.75,0.85,0.));
#196 = VECTOR('',#197,1.);
#197 = DIRECTION('',(0.,0.,-1.));
#198 = ORIENTED_EDGE('',*,*,#199,.T.);
#199 = EDGE_CURVE('',#192,#46,#200,.T.);
#200 = LINE('',#201,#202);
#201 = CARTESIAN_POINT('',(8.75,0.85,-0.337237647614));
#202 = VECTOR('',#203,1.);
#203 = DIRECTION('',(0.,0.961261695938,-0.275637355817));
#204 = PLANE('',#205);
#205 = AXIS2_PLACEMENT_3D('',#206,#207,#208);
#206 = CARTESIAN_POINT('',(8.75,0.,0.));
#207 = DIRECTION('',(-1.,0.,0.));
#208 = DIRECTION('',(0.,0.,1.));
#209 = ADVANCED_FACE('',(#210),#236,.T.);
#210 = FACE_BOUND('',#211,.T.);
#211 = EDGE_LOOP('',(#212,#220,#229,#235));
#212 = ORIENTED_EDGE('',*,*,#213,.F.);
#213 = EDGE_CURVE('',#214,#44,#216,.T.);
#214 = VERTEX_POINT('',#215);
#215 = CARTESIAN_POINT('',(-8.75,6.3,-2.013033107515));
#216 = LINE('',#217,#218);
#217 = CARTESIAN_POINT('',(-8.75,6.3,-2.013033107515));
#218 = VECTOR('',#219,1.);
#219 = DIRECTION('',(1.,0.,0.));
#220 = ORIENTED_EDGE('',*,*,#221,.F.);
#221 = EDGE_CURVE('',#222,#214,#224,.T.);
#222 = VERTEX_POINT('',#223);
#223 = CARTESIAN_POINT('',(-8.75,6.191345603373,-1.868843853125));
#224 = CIRCLE('',#225,0.15);
#225 = AXIS2_PLACEMENT_3D('',#226,#227,#228);
#226 = CARTESIAN_POINT('',(-8.75,6.15,-2.013033107515));
#227 = DIRECTION('',(-1.,0.,0.));
#228 = DIRECTION('',(0.,0.275637355817,0.961261695938));
#229 = ORIENTED_EDGE('',*,*,#230,.T.);
#230 = EDGE_CURVE('',#222,#46,#231,.T.);
#231 = LINE('',#232,#233);
#232 = CARTESIAN_POINT('',(-8.75,6.191345603373,-1.868843853125));
#233 = VECTOR('',#234,1.);
#234 = DIRECTION('',(1.,0.,0.));
#235 = ORIENTED_EDGE('',*,*,#43,.F.);
#236 = CYLINDRICAL_SURFACE('',#237,0.15);
#237 = AXIS2_PLACEMENT_3D('',#238,#239,#240);
#238 = CARTESIAN_POINT('',(-32.2148,6.15,-2.013033107515));
#239 = DIRECTION('',(1.,0.,0.));
#240 = DIRECTION('',(-0.,1.,0.));
#241 = ADVANCED_FACE('',(#242),#260,.T.);
#242 = FACE_BOUND('',#243,.F.);
#243 = EDGE_LOOP('',(#244,#245,#246,#254));
#244 = ORIENTED_EDGE('',*,*,#230,.T.);
#245 = ORIENTED_EDGE('',*,*,#199,.F.);
#246 = ORIENTED_EDGE('',*,*,#247,.T.);
#247 = EDGE_CURVE('',#192,#248,#250,.T.);
#248 = VERTEX_POINT('',#249);
#249 = CARTESIAN_POINT('',(-8.75,0.85,-0.337237647614));
#250 = LINE('',#251,#252);
#251 = CARTESIAN_POINT('',(8.75,0.85,-0.337237647614));
#252 = VECTOR('',#253,1.);
#253 = DIRECTION('',(-1.,0.,0.));
#254 = ORIENTED_EDGE('',*,*,#255,.T.);
#255 = EDGE_CURVE('',#248,#222,#256,.T.);
#256 = LINE('',#257,#258);
#257 = CARTESIAN_POINT('',(-8.75,0.85,-0.337237647614));
#258 = VECTOR('',#259,1.);
#259 = DIRECTION('',(0.,0.961261695938,-0.275637355817));
#260 = PLANE('',#261);
#261 = AXIS2_PLACEMENT_3D('',#262,#263,#264);
#262 = CARTESIAN_POINT('',(8.75,0.85,-0.337237647614));
#263 = DIRECTION('',(0.,0.275637355817,0.961261695938));
#264 = DIRECTION('',(0.,0.961261695938,-0.275637355817));
#265 = ADVANCED_FACE('',(#266),#284,.T.);
#266 = FACE_BOUND('',#267,.F.);
#267 = EDGE_LOOP('',(#268,#269,#277,#283));
#268 = ORIENTED_EDGE('',*,*,#191,.F.);
#269 = ORIENTED_EDGE('',*,*,#270,.T.);
#270 = EDGE_CURVE('',#184,#271,#273,.T.);
#271 = VERTEX_POINT('',#272);
#272 = CARTESIAN_POINT('',(-8.75,0.85,0.));
#273 = LINE('',#274,#275);
#274 = CARTESIAN_POINT('',(8.75,0.85,0.));
#275 = VECTOR('',#276,1.);
#276 = DIRECTION('',(-1.,0.,0.));
#277 = ORIENTED_EDGE('',*,*,#278,.T.);
#278 = EDGE_CURVE('',#271,#248,#279,.T.);
#279 = LINE('',#280,#281);
#280 = CARTESIAN_POINT('',(-8.75,0.85,0.));
#281 = VECTOR('',#282,1.);
#282 = DIRECTION('',(0.,0.,-1.));
#283 = ORIENTED_EDGE('',*,*,#247,.F.);
#284 = PLANE('',#285);
#285 = AXIS2_PLACEMENT_3D('',#286,#287,#288);
#286 = CARTESIAN_POINT('',(8.75,0.85,0.));
#287 = DIRECTION('',(0.,1.,0.));
#288 = DIRECTION('',(0.,0.,-1.));
#289 = ADVANCED_FACE('',(#290,#308,#344,#380,#416,#452),#488,.T.);
#290 = FACE_BOUND('',#291,.F.);
#291 = EDGE_LOOP('',(#292,#293,#301,#307));
#292 = ORIENTED_EDGE('',*,*,#183,.F.);
#293 = ORIENTED_EDGE('',*,*,#294,.T.);
#294 = EDGE_CURVE('',#176,#295,#297,.T.);
#295 = VERTEX_POINT('',#296);
#296 = CARTESIAN_POINT('',(-8.75,-6.3,0.));
#297 = LINE('',#298,#299);
#298 = CARTESIAN_POINT('',(8.75,-6.3,0.));
#299 = VECTOR('',#300,1.);
#300 = DIRECTION('',(-1.,0.,0.));
#301 = ORIENTED_EDGE('',*,*,#302,.T.);
#302 = EDGE_CURVE('',#295,#271,#303,.T.);
#303 = LINE('',#304,#305);
#304 = CARTESIAN_POINT('',(-8.75,-6.3,0.));
#305 = VECTOR('',#306,1.);
#306 = DIRECTION('',(0.,1.,0.));
#307 = ORIENTED_EDGE('',*,*,#270,.F.);
#308 = FACE_BOUND('',#309,.F.);
#309 = EDGE_LOOP('',(#310,#321,#329,#338));
#310 = ORIENTED_EDGE('',*,*,#311,.T.);
#311 = EDGE_CURVE('',#312,#314,#316,.T.);
#312 = VERTEX_POINT('',#313);
#313 = CARTESIAN_POINT('',(5.6775,0.35,0.));
#314 = VERTEX_POINT('',#315);
#315 = CARTESIAN_POINT('',(5.6775,-4.85,0.));
#316 = CIRCLE('',#317,19.40178571429);
#317 = AXIS2_PLACEMENT_3D('',#318,#319,#320);
#318 = CARTESIAN_POINT('',(24.90428571429,-2.25,0.));
#319 = DIRECTION('',(0.,0.,1.));
#320 = DIRECTION('',(-0.990980211689,0.134008283479,0.));
#321 = ORIENTED_EDGE('',*,*,#322,.T.);
#322 = EDGE_CURVE('',#314,#323,#325,.T.);
#323 = VERTEX_POINT('',#324);
#324 = CARTESIAN_POINT('',(8.3225,-4.85,0.));
#325 = LINE('',#326,#327);
#326 = CARTESIAN_POINT('',(5.6775,-4.85,0.));
#327 = VECTOR('',#328,1.);
#328 = DIRECTION('',(1.,0.,0.));
#329 = ORIENTED_EDGE('',*,*,#330,.T.);
#330 = EDGE_CURVE('',#323,#331,#333,.T.);
#331 = VERTEX_POINT('',#332);
#332 = CARTESIAN_POINT('',(8.3225,0.35,0.));
#333 = CIRCLE('',#334,19.40178571429);
#334 = AXIS2_PLACEMENT_3D('',#335,#336,#337);
#335 = CARTESIAN_POINT('',(-10.90428571429,-2.25,0.));
#336 = DIRECTION('',(0.,0.,1.));
#337 = DIRECTION('',(0.990980211689,-0.134008283479,0.));
#338 = ORIENTED_EDGE('',*,*,#339,.F.);
#339 = EDGE_CURVE('',#312,#331,#340,.T.);
#340 = LINE('',#341,#342);
#341 = CARTESIAN_POINT('',(5.6775,0.35,0.));
#342 = VECTOR('',#343,1.);
#343 = DIRECTION('',(1.,0.,0.));
#344 = FACE_BOUND('',#345,.F.);
#345 = EDGE_LOOP('',(#346,#357,#365,#374));
#346 = ORIENTED_EDGE('',*,*,#347,.T.);
#347 = EDGE_CURVE('',#348,#350,#352,.T.);
#348 = VERTEX_POINT('',#349);
#349 = CARTESIAN_POINT('',(2.1775,0.35,0.));
#350 = VERTEX_POINT('',#351);
#351 = CARTESIAN_POINT('',(2.1775,-4.85,0.));
#352 = CIRCLE('',#353,19.40178571429);
#353 = AXIS2_PLACEMENT_3D('',#354,#355,#356);
#354 = CARTESIAN_POINT('',(21.40428571429,-2.25,0.));
#355 = DIRECTION('',(0.,0.,1.));
#356 = DIRECTION('',(-0.990980211689,0.134008283479,0.));
#357 = ORIENTED_EDGE('',*,*,#358,.T.);
#358 = EDGE_CURVE('',#350,#359,#361,.T.);
#359 = VERTEX_POINT('',#360);
#360 = CARTESIAN_POINT('',(4.8225,-4.85,0.));
#361 = LINE('',#362,#363);
#362 = CARTESIAN_POINT('',(2.1775,-4.85,0.));
#363 = VECTOR('',#364,1.);
#364 = DIRECTION('',(1.,0.,0.));
#365 = ORIENTED_EDGE('',*,*,#366,.T.);
#366 = EDGE_CURVE('',#359,#367,#369,.T.);
#367 = VERTEX_POINT('',#368);
#368 = CARTESIAN_POINT('',(4.8225,0.35,0.));
#369 = CIRCLE('',#370,19.40178571429);
#370 = AXIS2_PLACEMENT_3D('',#371,#372,#373);
#371 = CARTESIAN_POINT('',(-14.40428571429,-2.25,0.));
#372 = DIRECTION('',(0.,0.,1.));
#373 = DIRECTION('',(0.990980211689,-0.134008283479,0.));
#374 = ORIENTED_EDGE('',*,*,#375,.F.);
#375 = EDGE_CURVE('',#348,#367,#376,.T.);
#376 = LINE('',#377,#378);
#377 = CARTESIAN_POINT('',(2.1775,0.35,0.));
#378 = VECTOR('',#379,1.);
#379 = DIRECTION('',(1.,0.,0.));
#380 = FACE_BOUND('',#381,.F.);
#381 = EDGE_LOOP('',(#382,#393,#401,#410));
#382 = ORIENTED_EDGE('',*,*,#383,.T.);
#383 = EDGE_CURVE('',#384,#386,#388,.T.);
#384 = VERTEX_POINT('',#385);
#385 = CARTESIAN_POINT('',(-1.3225,0.35,0.));
#386 = VERTEX_POINT('',#387);
#387 = CARTESIAN_POINT('',(-1.3225,-4.85,0.));
#388 = CIRCLE('',#389,19.40178571429);
#389 = AXIS2_PLACEMENT_3D('',#390,#391,#392);
#390 = CARTESIAN_POINT('',(17.90428571429,-2.25,0.));
#391 = DIRECTION('',(0.,0.,1.));
#392 = DIRECTION('',(-0.990980211689,0.134008283479,0.));
#393 = ORIENTED_EDGE('',*,*,#394,.T.);
#394 = EDGE_CURVE('',#386,#395,#397,.T.);
#395 = VERTEX_POINT('',#396);
#396 = CARTESIAN_POINT('',(1.3225,-4.85,0.));
#397 = LINE('',#398,#399);
#398 = CARTESIAN_POINT('',(-1.3225,-4.85,0.));
#399 = VECTOR('',#400,1.);
#400 = DIRECTION('',(1.,0.,0.));
#401 = ORIENTED_EDGE('',*,*,#402,.T.);
#402 = EDGE_CURVE('',#395,#403,#405,.T.);
#403 = VERTEX_POINT('',#404);
#404 = CARTESIAN_POINT('',(1.3225,0.35,0.));
#405 = CIRCLE('',#406,19.40178571429);
#406 = AXIS2_PLACEMENT_3D('',#407,#408,#409);
#407 = CARTESIAN_POINT('',(-17.90428571429,-2.25,0.));
#408 = DIRECTION('',(0.,0.,1.));
#409 = DIRECTION('',(0.990980211689,-0.134008283479,0.));
#410 = ORIENTED_EDGE('',*,*,#411,.F.);
#411 = EDGE_CURVE('',#384,#403,#412,.T.);
#412 = LINE('',#413,#414);
#413 = CARTESIAN_POINT('',(-1.3225,0.35,0.));
#414 = VECTOR('',#415,1.);
#415 = DIRECTION('',(1.,0.,0.));
#416 = FACE_BOUND('',#417,.F.);
#417 = EDGE_LOOP('',(#418,#429,#437,#446));
#418 = ORIENTED_EDGE('',*,*,#419,.T.);
#419 = EDGE_CURVE('',#420,#422,#424,.T.);
#420 = VERTEX_POINT('',#421);
#421 = CARTESIAN_POINT('',(-4.8225,0.35,0.));
#422 = VERTEX_POINT('',#423);
#423 = CARTESIAN_POINT('',(-4.8225,-4.85,0.));
#424 = CIRCLE('',#425,19.40178571429);
#425 = AXIS2_PLACEMENT_3D('',#426,#427,#428);
#426 = CARTESIAN_POINT('',(14.40428571429,-2.25,0.));
#427 = DIRECTION('',(0.,0.,1.));
#428 = DIRECTION('',(-0.990980211689,0.134008283479,0.));
#429 = ORIENTED_EDGE('',*,*,#430,.T.);
#430 = EDGE_CURVE('',#422,#431,#433,.T.);
#431 = VERTEX_POINT('',#432);
#432 = CARTESIAN_POINT('',(-2.1775,-4.85,0.));
#433 = LINE('',#434,#435);
#434 = CARTESIAN_POINT('',(-4.8225,-4.85,0.));
#435 = VECTOR('',#436,1.);
#436 = DIRECTION('',(1.,0.,0.));
#437 = ORIENTED_EDGE('',*,*,#438,.T.);
#438 = EDGE_CURVE('',#431,#439,#441,.T.);
#439 = VERTEX_POINT('',#440);
#440 = CARTESIAN_POINT('',(-2.1775,0.35,0.));
#441 = CIRCLE('',#442,19.40178571429);
#442 = AXIS2_PLACEMENT_3D('',#443,#444,#445);
#443 = CARTESIAN_POINT('',(-21.40428571429,-2.25,0.));
#444 = DIRECTION('',(0.,0.,1.));
#445 = DIRECTION('',(0.990980211689,-0.134008283479,0.));
#446 = ORIENTED_EDGE('',*,*,#447,.F.);
#447 = EDGE_CURVE('',#420,#439,#448,.T.);
#448 = LINE('',#449,#450);
#449 = CARTESIAN_POINT('',(-4.8225,0.35,0.));
#450 = VECTOR('',#451,1.);
#451 = DIRECTION('',(1.,0.,0.));
#452 = FACE_BOUND('',#453,.F.);
#453 = EDGE_LOOP('',(#454,#465,#473,#482));
#454 = ORIENTED_EDGE('',*,*,#455,.T.);
#455 = EDGE_CURVE('',#456,#458,#460,.T.);
#456 = VERTEX_POINT('',#457);
#457 = CARTESIAN_POINT('',(-8.3225,0.35,0.));
#458 = VERTEX_POINT('',#459);
#459 = CARTESIAN_POINT('',(-8.3225,-4.85,0.));
#460 = CIRCLE('',#461,19.40178571429);
#461 = AXIS2_PLACEMENT_3D('',#462,#463,#464);
#462 = CARTESIAN_POINT('',(10.90428571429,-2.25,0.));
#463 = DIRECTION('',(0.,0.,1.));
#464 = DIRECTION('',(-0.990980211689,0.134008283479,0.));
#465 = ORIENTED_EDGE('',*,*,#466,.T.);
#466 = EDGE_CURVE('',#458,#467,#469,.T.);
#467 = VERTEX_POINT('',#468);
#468 = CARTESIAN_POINT('',(-5.6775,-4.85,0.));
#469 = LINE('',#470,#471);
#470 = CARTESIAN_POINT('',(-8.3225,-4.85,0.));
#471 = VECTOR('',#472,1.);
#472 = DIRECTION('',(1.,0.,0.));
#473 = ORIENTED_EDGE('',*,*,#474,.T.);
#474 = EDGE_CURVE('',#467,#475,#477,.T.);
#475 = VERTEX_POINT('',#476);
#476 = CARTESIAN_POINT('',(-5.6775,0.35,0.));
#477 = CIRCLE('',#478,19.40178571429);
#478 = AXIS2_PLACEMENT_3D('',#479,#480,#481);
#479 = CARTESIAN_POINT('',(-24.90428571429,-2.25,0.));
#480 = DIRECTION('',(0.,0.,1.));
#481 = DIRECTION('',(0.990980211689,-0.134008283479,0.));
#482 = ORIENTED_EDGE('',*,*,#483,.F.);
#483 = EDGE_CURVE('',#456,#475,#484,.T.);
#484 = LINE('',#485,#486);
#485 = CARTESIAN_POINT('',(-8.3225,0.35,0.));
#486 = VECTOR('',#487,1.);
#487 = DIRECTION('',(1.,0.,0.));
#488 = PLANE('',#489);
#489 = AXIS2_PLACEMENT_3D('',#490,#491,#492);
#490 = CARTESIAN_POINT('',(8.75,-6.3,0.));
#491 = DIRECTION('',(0.,0.,1.));
#492 = DIRECTION('',(0.,1.,0.));
#493 = ADVANCED_FACE('',(#494,#512,#546,#580,#614,#648),#682,.T.);
#494 = FACE_BOUND('',#495,.F.);
#495 = EDGE_LOOP('',(#496,#497,#505,#511));
#496 = ORIENTED_EDGE('',*,*,#175,.F.);
#497 = ORIENTED_EDGE('',*,*,#498,.T.);
#498 = EDGE_CURVE('',#168,#499,#501,.T.);
#499 = VERTEX_POINT('',#500);
#500 = CARTESIAN_POINT('',(-8.75,-6.3,-8.2));
#501 = LINE('',#502,#503);
#502 = CARTESIAN_POINT('',(8.75,-6.3,-8.2));
#503 = VECTOR('',#504,1.);
#504 = DIRECTION('',(-1.,0.,0.));
#505 = ORIENTED_EDGE('',*,*,#506,.T.);
#506 = EDGE_CURVE('',#499,#295,#507,.T.);
#507 = LINE('',#508,#509);
#508 = CARTESIAN_POINT('',(-8.75,-6.3,-8.2));
#509 = VECTOR('',#510,1.);
#510 = DIRECTION('',(0.,0.,1.));
#511 = ORIENTED_EDGE('',*,*,#294,.F.);
#512 = FACE_BOUND('',#513,.F.);
#513 = EDGE_LOOP('',(#514,#524,#532,#540));
#514 = ORIENTED_EDGE('',*,*,#515,.T.);
#515 = EDGE_CURVE('',#516,#518,#520,.T.);
#516 = VERTEX_POINT('',#517);
#517 = CARTESIAN_POINT('',(7.45,-6.3,-4.35));
#518 = VERTEX_POINT('',#519);
#519 = CARTESIAN_POINT('',(7.45,-6.3,-3.85));
#520 = LINE('',#521,#522);
#521 = CARTESIAN_POINT('',(7.45,-6.3,-4.35));
#522 = VECTOR('',#523,1.);
#523 = DIRECTION('',(0.,0.,1.));
#524 = ORIENTED_EDGE('',*,*,#525,.T.);
#525 = EDGE_CURVE('',#518,#526,#528,.T.);
#526 = VERTEX_POINT('',#527);
#527 = CARTESIAN_POINT('',(6.55,-6.3,-3.85));
#528 = LINE('',#529,#530);
#529 = CARTESIAN_POINT('',(7.45,-6.3,-3.85));
#530 = VECTOR('',#531,1.);
#531 = DIRECTION('',(-1.,0.,0.));
#532 = ORIENTED_EDGE('',*,*,#533,.T.);
#533 = EDGE_CURVE('',#526,#534,#536,.T.);
#534 = VERTEX_POINT('',#535);
#535 = CARTESIAN_POINT('',(6.55,-6.3,-4.35));
#536 = LINE('',#537,#538);
#537 = CARTESIAN_POINT('',(6.55,-6.3,-3.85));
#538 = VECTOR('',#539,1.);
#539 = DIRECTION('',(0.,0.,-1.));
#540 = ORIENTED_EDGE('',*,*,#541,.T.);
#541 = EDGE_CURVE('',#534,#516,#542,.T.);
#542 = LINE('',#543,#544);
#543 = CARTESIAN_POINT('',(6.55,-6.3,-4.35));
#544 = VECTOR('',#545,1.);
#545 = DIRECTION('',(1.,0.,0.));
#546 = FACE_BOUND('',#547,.F.);
#547 = EDGE_LOOP('',(#548,#558,#566,#574));
#548 = ORIENTED_EDGE('',*,*,#549,.T.);
#549 = EDGE_CURVE('',#550,#552,#554,.T.);
#550 = VERTEX_POINT('',#551);
#551 = CARTESIAN_POINT('',(3.95,-6.3,-4.35));
#552 = VERTEX_POINT('',#553);
#553 = CARTESIAN_POINT('',(3.95,-6.3,-3.85));
#554 = LINE('',#555,#556);
#555 = CARTESIAN_POINT('',(3.95,-6.3,-4.35));
#556 = VECTOR('',#557,1.);
#557 = DIRECTION('',(0.,0.,1.));
#558 = ORIENTED_EDGE('',*,*,#559,.T.);
#559 = EDGE_CURVE('',#552,#560,#562,.T.);
#560 = VERTEX_POINT('',#561);
#561 = CARTESIAN_POINT('',(3.05,-6.3,-3.85));
#562 = LINE('',#563,#564);
#563 = CARTESIAN_POINT('',(3.95,-6.3,-3.85));
#564 = VECTOR('',#565,1.);
#565 = DIRECTION('',(-1.,0.,0.));
#566 = ORIENTED_EDGE('',*,*,#567,.T.);
#567 = EDGE_CURVE('',#560,#568,#570,.T.);
#568 = VERTEX_POINT('',#569);
#569 = CARTESIAN_POINT('',(3.05,-6.3,-4.35));
#570 = LINE('',#571,#572);
#571 = CARTESIAN_POINT('',(3.05,-6.3,-3.85));
#572 = VECTOR('',#573,1.);
#573 = DIRECTION('',(0.,0.,-1.));
#574 = ORIENTED_EDGE('',*,*,#575,.T.);
#575 = EDGE_CURVE('',#568,#550,#576,.T.);
#576 = LINE('',#577,#578);
#577 = CARTESIAN_POINT('',(3.05,-6.3,-4.35));
#578 = VECTOR('',#579,1.);
#579 = DIRECTION('',(1.,0.,0.));
#580 = FACE_BOUND('',#581,.F.);
#581 = EDGE_LOOP('',(#582,#592,#600,#608));
#582 = ORIENTED_EDGE('',*,*,#583,.T.);
#583 = EDGE_CURVE('',#584,#586,#588,.T.);
#584 = VERTEX_POINT('',#585);
#585 = CARTESIAN_POINT('',(0.45,-6.3,-4.35));
#586 = VERTEX_POINT('',#587);
#587 = CARTESIAN_POINT('',(0.45,-6.3,-3.85));
#588 = LINE('',#589,#590);
#589 = CARTESIAN_POINT('',(0.45,-6.3,-4.35));
#590 = VECTOR('',#591,1.);
#591 = DIRECTION('',(0.,0.,1.));
#592 = ORIENTED_EDGE('',*,*,#593,.T.);
#593 = EDGE_CURVE('',#586,#594,#596,.T.);
#594 = VERTEX_POINT('',#595);
#595 = CARTESIAN_POINT('',(-0.45,-6.3,-3.85));
#596 = LINE('',#597,#598);
#597 = CARTESIAN_POINT('',(0.45,-6.3,-3.85));
#598 = VECTOR('',#599,1.);
#599 = DIRECTION('',(-1.,0.,0.));
#600 = ORIENTED_EDGE('',*,*,#601,.T.);
#601 = EDGE_CURVE('',#594,#602,#604,.T.);
#602 = VERTEX_POINT('',#603);
#603 = CARTESIAN_POINT('',(-0.45,-6.3,-4.35));
#604 = LINE('',#605,#606);
#605 = CARTESIAN_POINT('',(-0.45,-6.3,-3.85));
#606 = VECTOR('',#607,1.);
#607 = DIRECTION('',(0.,0.,-1.));
#608 = ORIENTED_EDGE('',*,*,#609,.T.);
#609 = EDGE_CURVE('',#602,#584,#610,.T.);
#610 = LINE('',#611,#612);
#611 = CARTESIAN_POINT('',(-0.45,-6.3,-4.35));
#612 = VECTOR('',#613,1.);
#613 = DIRECTION('',(1.,0.,0.));
#614 = FACE_BOUND('',#615,.F.);
#615 = EDGE_LOOP('',(#616,#626,#634,#642));
#616 = ORIENTED_EDGE('',*,*,#617,.T.);
#617 = EDGE_CURVE('',#618,#620,#622,.T.);
#618 = VERTEX_POINT('',#619);
#619 = CARTESIAN_POINT('',(-3.05,-6.3,-4.35));
#620 = VERTEX_POINT('',#621);
#621 = CARTESIAN_POINT('',(-3.05,-6.3,-3.85));
#622 = LINE('',#623,#624);
#623 = CARTESIAN_POINT('',(-3.05,-6.3,-4.35));
#624 = VECTOR('',#625,1.);
#625 = DIRECTION('',(0.,0.,1.));
#626 = ORIENTED_EDGE('',*,*,#627,.T.);
#627 = EDGE_CURVE('',#620,#628,#630,.T.);
#628 = VERTEX_POINT('',#629);
#629 = CARTESIAN_POINT('',(-3.95,-6.3,-3.85));
#630 = LINE('',#631,#632);
#631 = CARTESIAN_POINT('',(-3.05,-6.3,-3.85));
#632 = VECTOR('',#633,1.);
#633 = DIRECTION('',(-1.,0.,0.));
#634 = ORIENTED_EDGE('',*,*,#635,.T.);
#635 = EDGE_CURVE('',#628,#636,#638,.T.);
#636 = VERTEX_POINT('',#637);
#637 = CARTESIAN_POINT('',(-3.95,-6.3,-4.35));
#638 = LINE('',#639,#640);
#639 = CARTESIAN_POINT('',(-3.95,-6.3,-3.85));
#640 = VECTOR('',#641,1.);
#641 = DIRECTION('',(0.,0.,-1.));
#642 = ORIENTED_EDGE('',*,*,#643,.T.);
#643 = EDGE_CURVE('',#636,#618,#644,.T.);
#644 = LINE('',#645,#646);
#645 = CARTESIAN_POINT('',(-3.95,-6.3,-4.35));
#646 = VECTOR('',#647,1.);
#647 = DIRECTION('',(1.,0.,0.));
#648 = FACE_BOUND('',#649,.F.);
#649 = EDGE_LOOP('',(#650,#660,#668,#676));
#650 = ORIENTED_EDGE('',*,*,#651,.T.);
#651 = EDGE_CURVE('',#652,#654,#656,.T.);
#652 = VERTEX_POINT('',#653);
#653 = CARTESIAN_POINT('',(-6.55,-6.3,-4.35));
#654 = VERTEX_POINT('',#655);
#655 = CARTESIAN_POINT('',(-6.55,-6.3,-3.85));
#656 = LINE('',#657,#658);
#657 = CARTESIAN_POINT('',(-6.55,-6.3,-4.35));
#658 = VECTOR('',#659,1.);
#659 = DIRECTION('',(0.,0.,1.));
#660 = ORIENTED_EDGE('',*,*,#661,.T.);
#661 = EDGE_CURVE('',#654,#662,#664,.T.);
#662 = VERTEX_POINT('',#663);
#663 = CARTESIAN_POINT('',(-7.45,-6.3,-3.85));
#664 = LINE('',#665,#666);
#665 = CARTESIAN_POINT('',(-6.55,-6.3,-3.85));
#666 = VECTOR('',#667,1.);
#667 = DIRECTION('',(-1.,0.,0.));
#668 = ORIENTED_EDGE('',*,*,#669,.T.);
#669 = EDGE_CURVE('',#662,#670,#672,.T.);
#670 = VERTEX_POINT('',#671);
#671 = CARTESIAN_POINT('',(-7.45,-6.3,-4.35));
#672 = LINE('',#673,#674);
#673 = CARTESIAN_POINT('',(-7.45,-6.3,-3.85));
#674 = VECTOR('',#675,1.);
#675 = DIRECTION('',(0.,0.,-1.));
#676 = ORIENTED_EDGE('',*,*,#677,.T.);
#677 = EDGE_CURVE('',#670,#652,#678,.T.);
#678 = LINE('',#679,#680);
#679 = CARTESIAN_POINT('',(-7.45,-6.3,-4.35));
#680 = VECTOR('',#681,1.);
#681 = DIRECTION('',(1.,0.,0.));
#682 = PLANE('',#683);
#683 = AXIS2_PLACEMENT_3D('',#684,#685,#686);
#684 = CARTESIAN_POINT('',(8.75,-6.3,-8.2));
#685 = DIRECTION('',(0.,-1.,0.));
#686 = DIRECTION('',(0.,0.,1.));
#687 = ADVANCED_FACE('',(#688),#1154,.T.);
#688 = FACE_BOUND('',#689,.F.);
#689 = EDGE_LOOP('',(#690,#700,#708,#716,#724,#732,#740,#748,#756,#764,
    #772,#780,#786,#787,#788,#796,#804,#812,#820,#828,#836,#844,#852,
    #860,#868,#876,#884,#892,#900,#908,#916,#924,#932,#940,#948,#956,
    #964,#972,#980,#988,#996,#1004,#1012,#1020,#1028,#1036,#1044,#1052,
    #1060,#1068,#1076,#1084,#1092,#1100,#1108,#1116,#1124,#1132,#1140,
    #1148));
#690 = ORIENTED_EDGE('',*,*,#691,.T.);
#691 = EDGE_CURVE('',#692,#694,#696,.T.);
#692 = VERTEX_POINT('',#693);
#693 = CARTESIAN_POINT('',(-4.9,-3.9083073,-8.2));
#694 = VERTEX_POINT('',#695);
#695 = CARTESIAN_POINT('',(-5.6,-3.9083073,-8.2));
#696 = LINE('',#697,#698);
#697 = CARTESIAN_POINT('',(-4.9,-3.9083073,-8.2));
#698 = VECTOR('',#699,1.);
#699 = DIRECTION('',(-1.,0.,0.));
#700 = ORIENTED_EDGE('',*,*,#701,.T.);
#701 = EDGE_CURVE('',#694,#702,#704,.T.);
#702 = VERTEX_POINT('',#703);
#703 = CARTESIAN_POINT('',(-5.6,0.4,-8.2));
#704 = LINE('',#705,#706);
#705 = CARTESIAN_POINT('',(-5.6,-3.9083073,-8.2));
#706 = VECTOR('',#707,1.);
#707 = DIRECTION('',(0.,1.,0.));
#708 = ORIENTED_EDGE('',*,*,#709,.T.);
#709 = EDGE_CURVE('',#702,#710,#712,.T.);
#710 = VERTEX_POINT('',#711);
#711 = CARTESIAN_POINT('',(-5.759807621135,0.4,-8.2));
#712 = LINE('',#713,#714);
#713 = CARTESIAN_POINT('',(-5.6,0.4,-8.2));
#714 = VECTOR('',#715,1.);
#715 = DIRECTION('',(-1.,0.,0.));
#716 = ORIENTED_EDGE('',*,*,#717,.T.);
#717 = EDGE_CURVE('',#710,#718,#720,.T.);
#718 = VERTEX_POINT('',#719);
#719 = CARTESIAN_POINT('',(-5.759807621135,2.7,-8.2));
#720 = LINE('',#721,#722);
#721 = CARTESIAN_POINT('',(-5.759807621135,0.4,-8.2));
#722 = VECTOR('',#723,1.);
#723 = DIRECTION('',(0.,1.,0.));
#724 = ORIENTED_EDGE('',*,*,#725,.T.);
#725 = EDGE_CURVE('',#718,#726,#728,.T.);
#726 = VERTEX_POINT('',#727);
#727 = CARTESIAN_POINT('',(-6.475,2.7,-8.2));
#728 = LINE('',#729,#730);
#729 = CARTESIAN_POINT('',(-5.759807621135,2.7,-8.2));
#730 = VECTOR('',#731,1.);
#731 = DIRECTION('',(-1.,0.,0.));
#732 = ORIENTED_EDGE('',*,*,#733,.T.);
#733 = EDGE_CURVE('',#726,#734,#736,.T.);
#734 = VERTEX_POINT('',#735);
#735 = CARTESIAN_POINT('',(-6.475,-3.9083073,-8.2));
#736 = LINE('',#737,#738);
#737 = CARTESIAN_POINT('',(-6.475,2.7,-8.2));
#738 = VECTOR('',#739,1.);
#739 = DIRECTION('',(0.,-1.,0.));
#740 = ORIENTED_EDGE('',*,*,#741,.T.);
#741 = EDGE_CURVE('',#734,#742,#744,.T.);
#742 = VERTEX_POINT('',#743);
#743 = CARTESIAN_POINT('',(-7.525,-3.9083073,-8.2));
#744 = LINE('',#745,#746);
#745 = CARTESIAN_POINT('',(-6.475,-3.9083073,-8.2));
#746 = VECTOR('',#747,1.);
#747 = DIRECTION('',(-1.,0.,0.));
#748 = ORIENTED_EDGE('',*,*,#749,.F.);
#749 = EDGE_CURVE('',#750,#742,#752,.T.);
#750 = VERTEX_POINT('',#751);
#751 = CARTESIAN_POINT('',(-7.525,2.7,-8.2));
#752 = LINE('',#753,#754);
#753 = CARTESIAN_POINT('',(-7.525,2.7,-8.2));
#754 = VECTOR('',#755,1.);
#755 = DIRECTION('',(0.,-1.,0.));
#756 = ORIENTED_EDGE('',*,*,#757,.T.);
#757 = EDGE_CURVE('',#750,#758,#760,.T.);
#758 = VERTEX_POINT('',#759);
#759 = CARTESIAN_POINT('',(-8.240192378865,2.7,-8.2));
#760 = LINE('',#761,#762);
#761 = CARTESIAN_POINT('',(-7.525,2.7,-8.2));
#762 = VECTOR('',#763,1.);
#763 = DIRECTION('',(-1.,0.,0.));
#764 = ORIENTED_EDGE('',*,*,#765,.F.);
#765 = EDGE_CURVE('',#766,#758,#768,.T.);
#766 = VERTEX_POINT('',#767);
#767 = CARTESIAN_POINT('',(-8.240192378865,0.4,-8.2));
#768 = LINE('',#769,#770);
#769 = CARTESIAN_POINT('',(-8.240192378865,0.4,-8.2));
#770 = VECTOR('',#771,1.);
#771 = DIRECTION('',(0.,1.,0.));
#772 = ORIENTED_EDGE('',*,*,#773,.T.);
#773 = EDGE_CURVE('',#766,#774,#776,.T.);
#774 = VERTEX_POINT('',#775);
#775 = CARTESIAN_POINT('',(-8.75,0.4,-8.2));
#776 = LINE('',#777,#778);
#777 = CARTESIAN_POINT('',(-8.240192378865,0.4,-8.2));
#778 = VECTOR('',#779,1.);
#779 = DIRECTION('',(-1.,0.,0.));
#780 = ORIENTED_EDGE('',*,*,#781,.T.);
#781 = EDGE_CURVE('',#774,#499,#782,.T.);
#782 = LINE('',#783,#784);
#783 = CARTESIAN_POINT('',(-8.75,0.4,-8.2));
#784 = VECTOR('',#785,1.);
#785 = DIRECTION('',(0.,-1.,0.));
#786 = ORIENTED_EDGE('',*,*,#498,.F.);
#787 = ORIENTED_EDGE('',*,*,#167,.F.);
#788 = ORIENTED_EDGE('',*,*,#789,.T.);
#789 = EDGE_CURVE('',#160,#790,#792,.T.);
#790 = VERTEX_POINT('',#791);
#791 = CARTESIAN_POINT('',(8.240192378865,0.4,-8.2));
#792 = LINE('',#793,#794);
#793 = CARTESIAN_POINT('',(8.75,0.4,-8.2));
#794 = VECTOR('',#795,1.);
#795 = DIRECTION('',(-1.,0.,0.));
#796 = ORIENTED_EDGE('',*,*,#797,.T.);
#797 = EDGE_CURVE('',#790,#798,#800,.T.);
#798 = VERTEX_POINT('',#799);
#799 = CARTESIAN_POINT('',(8.240192378865,2.7,-8.2));
#800 = LINE('',#801,#802);
#801 = CARTESIAN_POINT('',(8.240192378865,0.4,-8.2));
#802 = VECTOR('',#803,1.);
#803 = DIRECTION('',(0.,1.,0.));
#804 = ORIENTED_EDGE('',*,*,#805,.T.);
#805 = EDGE_CURVE('',#798,#806,#808,.T.);
#806 = VERTEX_POINT('',#807);
#807 = CARTESIAN_POINT('',(7.525,2.7,-8.2));
#808 = LINE('',#809,#810);
#809 = CARTESIAN_POINT('',(8.240192378865,2.7,-8.2));
#810 = VECTOR('',#811,1.);
#811 = DIRECTION('',(-1.,0.,0.));
#812 = ORIENTED_EDGE('',*,*,#813,.T.);
#813 = EDGE_CURVE('',#806,#814,#816,.T.);
#814 = VERTEX_POINT('',#815);
#815 = CARTESIAN_POINT('',(7.525,-3.9083073,-8.2));
#816 = LINE('',#817,#818);
#817 = CARTESIAN_POINT('',(7.525,2.7,-8.2));
#818 = VECTOR('',#819,1.);
#819 = DIRECTION('',(0.,-1.,0.));
#820 = ORIENTED_EDGE('',*,*,#821,.T.);
#821 = EDGE_CURVE('',#814,#822,#824,.T.);
#822 = VERTEX_POINT('',#823);
#823 = CARTESIAN_POINT('',(6.475,-3.9083073,-8.2));
#824 = LINE('',#825,#826);
#825 = CARTESIAN_POINT('',(7.525,-3.9083073,-8.2));
#826 = VECTOR('',#827,1.);
#827 = DIRECTION('',(-1.,0.,0.));
#828 = ORIENTED_EDGE('',*,*,#829,.F.);
#829 = EDGE_CURVE('',#830,#822,#832,.T.);
#830 = VERTEX_POINT('',#831);
#831 = CARTESIAN_POINT('',(6.475,2.7,-8.2));
#832 = LINE('',#833,#834);
#833 = CARTESIAN_POINT('',(6.475,2.7,-8.2));
#834 = VECTOR('',#835,1.);
#835 = DIRECTION('',(0.,-1.,0.));
#836 = ORIENTED_EDGE('',*,*,#837,.T.);
#837 = EDGE_CURVE('',#830,#838,#840,.T.);
#838 = VERTEX_POINT('',#839);
#839 = CARTESIAN_POINT('',(5.759807621135,2.7,-8.2));
#840 = LINE('',#841,#842);
#841 = CARTESIAN_POINT('',(6.475,2.7,-8.2));
#842 = VECTOR('',#843,1.);
#843 = DIRECTION('',(-1.,0.,0.));
#844 = ORIENTED_EDGE('',*,*,#845,.F.);
#845 = EDGE_CURVE('',#846,#838,#848,.T.);
#846 = VERTEX_POINT('',#847);
#847 = CARTESIAN_POINT('',(5.759807621135,0.4,-8.2));
#848 = LINE('',#849,#850);
#849 = CARTESIAN_POINT('',(5.759807621135,0.4,-8.2));
#850 = VECTOR('',#851,1.);
#851 = DIRECTION('',(0.,1.,0.));
#852 = ORIENTED_EDGE('',*,*,#853,.T.);
#853 = EDGE_CURVE('',#846,#854,#856,.T.);
#854 = VERTEX_POINT('',#855);
#855 = CARTESIAN_POINT('',(5.6,0.4,-8.2));
#856 = LINE('',#857,#858);
#857 = CARTESIAN_POINT('',(5.759807621135,0.4,-8.2));
#858 = VECTOR('',#859,1.);
#859 = DIRECTION('',(-1.,0.,0.));
#860 = ORIENTED_EDGE('',*,*,#861,.F.);
#861 = EDGE_CURVE('',#862,#854,#864,.T.);
#862 = VERTEX_POINT('',#863);
#863 = CARTESIAN_POINT('',(5.6,-3.9083073,-8.2));
#864 = LINE('',#865,#866);
#865 = CARTESIAN_POINT('',(5.6,-3.9083073,-8.2));
#866 = VECTOR('',#867,1.);
#867 = DIRECTION('',(0.,1.,0.));
#868 = ORIENTED_EDGE('',*,*,#869,.T.);
#869 = EDGE_CURVE('',#862,#870,#872,.T.);
#870 = VERTEX_POINT('',#871);
#871 = CARTESIAN_POINT('',(4.9,-3.9083073,-8.2));
#872 = LINE('',#873,#874);
#873 = CARTESIAN_POINT('',(5.6,-3.9083073,-8.2));
#874 = VECTOR('',#875,1.);
#875 = DIRECTION('',(-1.,0.,0.));
#876 = ORIENTED_EDGE('',*,*,#877,.T.);
#877 = EDGE_CURVE('',#870,#878,#880,.T.);
#878 = VERTEX_POINT('',#879);
#879 = CARTESIAN_POINT('',(4.9,0.4,-8.2));
#880 = LINE('',#881,#882);
#881 = CARTESIAN_POINT('',(4.9,-3.9083073,-8.2));
#882 = VECTOR('',#883,1.);
#883 = DIRECTION('',(0.,1.,0.));
#884 = ORIENTED_EDGE('',*,*,#885,.T.);
#885 = EDGE_CURVE('',#878,#886,#888,.T.);
#886 = VERTEX_POINT('',#887);
#887 = CARTESIAN_POINT('',(4.740192378865,0.4,-8.2));
#888 = LINE('',#889,#890);
#889 = CARTESIAN_POINT('',(4.9,0.4,-8.2));
#890 = VECTOR('',#891,1.);
#891 = DIRECTION('',(-1.,0.,0.));
#892 = ORIENTED_EDGE('',*,*,#893,.T.);
#893 = EDGE_CURVE('',#886,#894,#896,.T.);
#894 = VERTEX_POINT('',#895);
#895 = CARTESIAN_POINT('',(4.740192378865,2.7,-8.2));
#896 = LINE('',#897,#898);
#897 = CARTESIAN_POINT('',(4.740192378865,0.4,-8.2));
#898 = VECTOR('',#899,1.);
#899 = DIRECTION('',(0.,1.,0.));
#900 = ORIENTED_EDGE('',*,*,#901,.T.);
#901 = EDGE_CURVE('',#894,#902,#904,.T.);
#902 = VERTEX_POINT('',#903);
#903 = CARTESIAN_POINT('',(4.025,2.7,-8.2));
#904 = LINE('',#905,#906);
#905 = CARTESIAN_POINT('',(4.740192378865,2.7,-8.2));
#906 = VECTOR('',#907,1.);
#907 = DIRECTION('',(-1.,0.,0.));
#908 = ORIENTED_EDGE('',*,*,#909,.T.);
#909 = EDGE_CURVE('',#902,#910,#912,.T.);
#910 = VERTEX_POINT('',#911);
#911 = CARTESIAN_POINT('',(4.025,-3.9083073,-8.2));
#912 = LINE('',#913,#914);
#913 = CARTESIAN_POINT('',(4.025,2.7,-8.2));
#914 = VECTOR('',#915,1.);
#915 = DIRECTION('',(0.,-1.,0.));
#916 = ORIENTED_EDGE('',*,*,#917,.T.);
#917 = EDGE_CURVE('',#910,#918,#920,.T.);
#918 = VERTEX_POINT('',#919);
#919 = CARTESIAN_POINT('',(2.975,-3.9083073,-8.2));
#920 = LINE('',#921,#922);
#921 = CARTESIAN_POINT('',(4.025,-3.9083073,-8.2));
#922 = VECTOR('',#923,1.);
#923 = DIRECTION('',(-1.,0.,0.));
#924 = ORIENTED_EDGE('',*,*,#925,.F.);
#925 = EDGE_CURVE('',#926,#918,#928,.T.);
#926 = VERTEX_POINT('',#927);
#927 = CARTESIAN_POINT('',(2.975,2.7,-8.2));
#928 = LINE('',#929,#930);
#929 = CARTESIAN_POINT('',(2.975,2.7,-8.2));
#930 = VECTOR('',#931,1.);
#931 = DIRECTION('',(0.,-1.,0.));
#932 = ORIENTED_EDGE('',*,*,#933,.T.);
#933 = EDGE_CURVE('',#926,#934,#936,.T.);
#934 = VERTEX_POINT('',#935);
#935 = CARTESIAN_POINT('',(2.259807621135,2.7,-8.2));
#936 = LINE('',#937,#938);
#937 = CARTESIAN_POINT('',(2.975,2.7,-8.2));
#938 = VECTOR('',#939,1.);
#939 = DIRECTION('',(-1.,0.,0.));
#940 = ORIENTED_EDGE('',*,*,#941,.F.);
#941 = EDGE_CURVE('',#942,#934,#944,.T.);
#942 = VERTEX_POINT('',#943);
#943 = CARTESIAN_POINT('',(2.259807621135,0.4,-8.2));
#944 = LINE('',#945,#946);
#945 = CARTESIAN_POINT('',(2.259807621135,0.4,-8.2));
#946 = VECTOR('',#947,1.);
#947 = DIRECTION('',(0.,1.,0.));
#948 = ORIENTED_EDGE('',*,*,#949,.T.);
#949 = EDGE_CURVE('',#942,#950,#952,.T.);
#950 = VERTEX_POINT('',#951);
#951 = CARTESIAN_POINT('',(2.1,0.4,-8.2));
#952 = LINE('',#953,#954);
#953 = CARTESIAN_POINT('',(2.259807621135,0.4,-8.2));
#954 = VECTOR('',#955,1.);
#955 = DIRECTION('',(-1.,0.,0.));
#956 = ORIENTED_EDGE('',*,*,#957,.F.);
#957 = EDGE_CURVE('',#958,#950,#960,.T.);
#958 = VERTEX_POINT('',#959);
#959 = CARTESIAN_POINT('',(2.1,-3.9083073,-8.2));
#960 = LINE('',#961,#962);
#961 = CARTESIAN_POINT('',(2.1,-3.9083073,-8.2));
#962 = VECTOR('',#963,1.);
#963 = DIRECTION('',(0.,1.,0.));
#964 = ORIENTED_EDGE('',*,*,#965,.T.);
#965 = EDGE_CURVE('',#958,#966,#968,.T.);
#966 = VERTEX_POINT('',#967);
#967 = CARTESIAN_POINT('',(1.4,-3.9083073,-8.2));
#968 = LINE('',#969,#970);
#969 = CARTESIAN_POINT('',(2.1,-3.9083073,-8.2));
#970 = VECTOR('',#971,1.);
#971 = DIRECTION('',(-1.,0.,0.));
#972 = ORIENTED_EDGE('',*,*,#973,.T.);
#973 = EDGE_CURVE('',#966,#974,#976,.T.);
#974 = VERTEX_POINT('',#975);
#975 = CARTESIAN_POINT('',(1.4,0.4,-8.2));
#976 = LINE('',#977,#978);
#977 = CARTESIAN_POINT('',(1.4,-3.9083073,-8.2));
#978 = VECTOR('',#979,1.);
#979 = DIRECTION('',(0.,1.,0.));
#980 = ORIENTED_EDGE('',*,*,#981,.T.);
#981 = EDGE_CURVE('',#974,#982,#984,.T.);
#982 = VERTEX_POINT('',#983);
#983 = CARTESIAN_POINT('',(1.240192378865,0.4,-8.2));
#984 = LINE('',#985,#986);
#985 = CARTESIAN_POINT('',(1.4,0.4,-8.2));
#986 = VECTOR('',#987,1.);
#987 = DIRECTION('',(-1.,0.,0.));
#988 = ORIENTED_EDGE('',*,*,#989,.T.);
#989 = EDGE_CURVE('',#982,#990,#992,.T.);
#990 = VERTEX_POINT('',#991);
#991 = CARTESIAN_POINT('',(1.240192378865,2.7,-8.2));
#992 = LINE('',#993,#994);
#993 = CARTESIAN_POINT('',(1.240192378865,0.4,-8.2));
#994 = VECTOR('',#995,1.);
#995 = DIRECTION('',(0.,1.,0.));
#996 = ORIENTED_EDGE('',*,*,#997,.T.);
#997 = EDGE_CURVE('',#990,#998,#1000,.T.);
#998 = VERTEX_POINT('',#999);
#999 = CARTESIAN_POINT('',(0.525,2.7,-8.2));
#1000 = LINE('',#1001,#1002);
#1001 = CARTESIAN_POINT('',(1.240192378865,2.7,-8.2));
#1002 = VECTOR('',#1003,1.);
#1003 = DIRECTION('',(-1.,0.,0.));
#1004 = ORIENTED_EDGE('',*,*,#1005,.T.);
#1005 = EDGE_CURVE('',#998,#1006,#1008,.T.);
#1006 = VERTEX_POINT('',#1007);
#1007 = CARTESIAN_POINT('',(0.525,-3.9083073,-8.2));
#1008 = LINE('',#1009,#1010);
#1009 = CARTESIAN_POINT('',(0.525,2.7,-8.2));
#1010 = VECTOR('',#1011,1.);
#1011 = DIRECTION('',(0.,-1.,0.));
#1012 = ORIENTED_EDGE('',*,*,#1013,.T.);
#1013 = EDGE_CURVE('',#1006,#1014,#1016,.T.);
#1014 = VERTEX_POINT('',#1015);
#1015 = CARTESIAN_POINT('',(-0.525,-3.9083073,-8.2));
#1016 = LINE('',#1017,#1018);
#1017 = CARTESIAN_POINT('',(0.525,-3.9083073,-8.2));
#1018 = VECTOR('',#1019,1.);
#1019 = DIRECTION('',(-1.,0.,0.));
#1020 = ORIENTED_EDGE('',*,*,#1021,.F.);
#1021 = EDGE_CURVE('',#1022,#1014,#1024,.T.);
#1022 = VERTEX_POINT('',#1023);
#1023 = CARTESIAN_POINT('',(-0.525,2.7,-8.2));
#1024 = LINE('',#1025,#1026);
#1025 = CARTESIAN_POINT('',(-0.525,2.7,-8.2));
#1026 = VECTOR('',#1027,1.);
#1027 = DIRECTION('',(0.,-1.,0.));
#1028 = ORIENTED_EDGE('',*,*,#1029,.T.);
#1029 = EDGE_CURVE('',#1022,#1030,#1032,.T.);
#1030 = VERTEX_POINT('',#1031);
#1031 = CARTESIAN_POINT('',(-1.240192378865,2.7,-8.2));
#1032 = LINE('',#1033,#1034);
#1033 = CARTESIAN_POINT('',(-0.525,2.7,-8.2));
#1034 = VECTOR('',#1035,1.);
#1035 = DIRECTION('',(-1.,0.,0.));
#1036 = ORIENTED_EDGE('',*,*,#1037,.F.);
#1037 = EDGE_CURVE('',#1038,#1030,#1040,.T.);
#1038 = VERTEX_POINT('',#1039);
#1039 = CARTESIAN_POINT('',(-1.240192378865,0.4,-8.2));
#1040 = LINE('',#1041,#1042);
#1041 = CARTESIAN_POINT('',(-1.240192378865,0.4,-8.2));
#1042 = VECTOR('',#1043,1.);
#1043 = DIRECTION('',(0.,1.,0.));
#1044 = ORIENTED_EDGE('',*,*,#1045,.T.);
#1045 = EDGE_CURVE('',#1038,#1046,#1048,.T.);
#1046 = VERTEX_POINT('',#1047);
#1047 = CARTESIAN_POINT('',(-1.4,0.4,-8.2));
#1048 = LINE('',#1049,#1050);
#1049 = CARTESIAN_POINT('',(-1.240192378865,0.4,-8.2));
#1050 = VECTOR('',#1051,1.);
#1051 = DIRECTION('',(-1.,0.,0.));
#1052 = ORIENTED_EDGE('',*,*,#1053,.F.);
#1053 = EDGE_CURVE('',#1054,#1046,#1056,.T.);
#1054 = VERTEX_POINT('',#1055);
#1055 = CARTESIAN_POINT('',(-1.4,-3.9083073,-8.2));
#1056 = LINE('',#1057,#1058);
#1057 = CARTESIAN_POINT('',(-1.4,-3.9083073,-8.2));
#1058 = VECTOR('',#1059,1.);
#1059 = DIRECTION('',(0.,1.,0.));
#1060 = ORIENTED_EDGE('',*,*,#1061,.T.);
#1061 = EDGE_CURVE('',#1054,#1062,#1064,.T.);
#1062 = VERTEX_POINT('',#1063);
#1063 = CARTESIAN_POINT('',(-2.1,-3.9083073,-8.2));
#1064 = LINE('',#1065,#1066);
#1065 = CARTESIAN_POINT('',(-1.4,-3.9083073,-8.2));
#1066 = VECTOR('',#1067,1.);
#1067 = DIRECTION('',(-1.,0.,0.));
#1068 = ORIENTED_EDGE('',*,*,#1069,.T.);
#1069 = EDGE_CURVE('',#1062,#1070,#1072,.T.);
#1070 = VERTEX_POINT('',#1071);
#1071 = CARTESIAN_POINT('',(-2.1,0.4,-8.2));
#1072 = LINE('',#1073,#1074);
#1073 = CARTESIAN_POINT('',(-2.1,-3.9083073,-8.2));
#1074 = VECTOR('',#1075,1.);
#1075 = DIRECTION('',(0.,1.,0.));
#1076 = ORIENTED_EDGE('',*,*,#1077,.T.);
#1077 = EDGE_CURVE('',#1070,#1078,#1080,.T.);
#1078 = VERTEX_POINT('',#1079);
#1079 = CARTESIAN_POINT('',(-2.259807621135,0.4,-8.2));
#1080 = LINE('',#1081,#1082);
#1081 = CARTESIAN_POINT('',(-2.1,0.4,-8.2));
#1082 = VECTOR('',#1083,1.);
#1083 = DIRECTION('',(-1.,0.,0.));
#1084 = ORIENTED_EDGE('',*,*,#1085,.T.);
#1085 = EDGE_CURVE('',#1078,#1086,#1088,.T.);
#1086 = VERTEX_POINT('',#1087);
#1087 = CARTESIAN_POINT('',(-2.259807621135,2.7,-8.2));
#1088 = LINE('',#1089,#1090);
#1089 = CARTESIAN_POINT('',(-2.259807621135,0.4,-8.2));
#1090 = VECTOR('',#1091,1.);
#1091 = DIRECTION('',(0.,1.,0.));
#1092 = ORIENTED_EDGE('',*,*,#1093,.T.);
#1093 = EDGE_CURVE('',#1086,#1094,#1096,.T.);
#1094 = VERTEX_POINT('',#1095);
#1095 = CARTESIAN_POINT('',(-2.975,2.7,-8.2));
#1096 = LINE('',#1097,#1098);
#1097 = CARTESIAN_POINT('',(-2.259807621135,2.7,-8.2));
#1098 = VECTOR('',#1099,1.);
#1099 = DIRECTION('',(-1.,0.,0.));
#1100 = ORIENTED_EDGE('',*,*,#1101,.T.);
#1101 = EDGE_CURVE('',#1094,#1102,#1104,.T.);
#1102 = VERTEX_POINT('',#1103);
#1103 = CARTESIAN_POINT('',(-2.975,-3.9083073,-8.2));
#1104 = LINE('',#1105,#1106);
#1105 = CARTESIAN_POINT('',(-2.975,2.7,-8.2));
#1106 = VECTOR('',#1107,1.);
#1107 = DIRECTION('',(0.,-1.,0.));
#1108 = ORIENTED_EDGE('',*,*,#1109,.T.);
#1109 = EDGE_CURVE('',#1102,#1110,#1112,.T.);
#1110 = VERTEX_POINT('',#1111);
#1111 = CARTESIAN_POINT('',(-4.025,-3.9083073,-8.2));
#1112 = LINE('',#1113,#1114);
#1113 = CARTESIAN_POINT('',(-2.975,-3.9083073,-8.2));
#1114 = VECTOR('',#1115,1.);
#1115 = DIRECTION('',(-1.,0.,0.));
#1116 = ORIENTED_EDGE('',*,*,#1117,.F.);
#1117 = EDGE_CURVE('',#1118,#1110,#1120,.T.);
#1118 = VERTEX_POINT('',#1119);
#1119 = CARTESIAN_POINT('',(-4.025,2.7,-8.2));
#1120 = LINE('',#1121,#1122);
#1121 = CARTESIAN_POINT('',(-4.025,2.7,-8.2));
#1122 = VECTOR('',#1123,1.);
#1123 = DIRECTION('',(0.,-1.,0.));
#1124 = ORIENTED_EDGE('',*,*,#1125,.T.);
#1125 = EDGE_CURVE('',#1118,#1126,#1128,.T.);
#1126 = VERTEX_POINT('',#1127);
#1127 = CARTESIAN_POINT('',(-4.740192378865,2.7,-8.2));
#1128 = LINE('',#1129,#1130);
#1129 = CARTESIAN_POINT('',(-4.025,2.7,-8.2));
#1130 = VECTOR('',#1131,1.);
#1131 = DIRECTION('',(-1.,0.,0.));
#1132 = ORIENTED_EDGE('',*,*,#1133,.F.);
#1133 = EDGE_CURVE('',#1134,#1126,#1136,.T.);
#1134 = VERTEX_POINT('',#1135);
#1135 = CARTESIAN_POINT('',(-4.740192378865,0.4,-8.2));
#1136 = LINE('',#1137,#1138);
#1137 = CARTESIAN_POINT('',(-4.740192378865,0.4,-8.2));
#1138 = VECTOR('',#1139,1.);
#1139 = DIRECTION('',(0.,1.,0.));
#1140 = ORIENTED_EDGE('',*,*,#1141,.T.);
#1141 = EDGE_CURVE('',#1134,#1142,#1144,.T.);
#1142 = VERTEX_POINT('',#1143);
#1143 = CARTESIAN_POINT('',(-4.9,0.4,-8.2));
#1144 = LINE('',#1145,#1146);
#1145 = CARTESIAN_POINT('',(-4.740192378865,0.4,-8.2));
#1146 = VECTOR('',#1147,1.);
#1147 = DIRECTION('',(-1.,0.,0.));
#1148 = ORIENTED_EDGE('',*,*,#1149,.F.);
#1149 = EDGE_CURVE('',#692,#1142,#1150,.T.);
#1150 = LINE('',#1151,#1152);
#1151 = CARTESIAN_POINT('',(-4.9,-3.9083073,-8.2));
#1152 = VECTOR('',#1153,1.);
#1153 = DIRECTION('',(0.,1.,0.));
#1154 = PLANE('',#1155);
#1155 = AXIS2_PLACEMENT_3D('',#1156,#1157,#1158);
#1156 = CARTESIAN_POINT('',(8.75,2.7,-8.2));
#1157 = DIRECTION('',(0.,0.,-1.));
#1158 = DIRECTION('',(0.,-1.,0.));
#1159 = ADVANCED_FACE('',(#1160),#1185,.T.);
#1160 = FACE_BOUND('',#1161,.F.);
#1161 = EDGE_LOOP('',(#1162,#1163,#1171,#1179));
#1162 = ORIENTED_EDGE('',*,*,#691,.F.);
#1163 = ORIENTED_EDGE('',*,*,#1164,.F.);
#1164 = EDGE_CURVE('',#1165,#692,#1167,.T.);
#1165 = VERTEX_POINT('',#1166);
#1166 = CARTESIAN_POINT('',(-4.9,0.4,-7.44));
#1167 = LINE('',#1168,#1169);
#1168 = CARTESIAN_POINT('',(-4.9,0.4,-7.44));
#1169 = VECTOR('',#1170,1.);
#1170 = DIRECTION('',(0.,-0.984794882735,-0.173721152825));
#1171 = ORIENTED_EDGE('',*,*,#1172,.F.);
#1172 = EDGE_CURVE('',#1173,#1165,#1175,.T.);
#1173 = VERTEX_POINT('',#1174);
#1174 = CARTESIAN_POINT('',(-5.6,0.4,-7.44));
#1175 = LINE('',#1176,#1177);
#1176 = CARTESIAN_POINT('',(-5.6,0.4,-7.44));
#1177 = VECTOR('',#1178,1.);
#1178 = DIRECTION('',(1.,0.,0.));
#1179 = ORIENTED_EDGE('',*,*,#1180,.T.);
#1180 = EDGE_CURVE('',#1173,#694,#1181,.T.);
#1181 = LINE('',#1182,#1183);
#1182 = CARTESIAN_POINT('',(-5.6,0.4,-7.44));
#1183 = VECTOR('',#1184,1.);
#1184 = DIRECTION('',(0.,-0.984794882735,-0.173721152825));
#1185 = PLANE('',#1186);
#1186 = AXIS2_PLACEMENT_3D('',#1187,#1188,#1189);
#1187 = CARTESIAN_POINT('',(-4.9,0.4,-7.44));
#1188 = DIRECTION('',(0.,0.173721152825,-0.984794882735));
#1189 = DIRECTION('',(0.,-0.984794882735,-0.173721152825));
#1190 = ADVANCED_FACE('',(#1191),#1201,.F.);
#1191 = FACE_BOUND('',#1192,.F.);
#1192 = EDGE_LOOP('',(#1193,#1194,#1195));
#1193 = ORIENTED_EDGE('',*,*,#1164,.T.);
#1194 = ORIENTED_EDGE('',*,*,#1149,.T.);
#1195 = ORIENTED_EDGE('',*,*,#1196,.T.);
#1196 = EDGE_CURVE('',#1142,#1165,#1197,.T.);
#1197 = LINE('',#1198,#1199);
#1198 = CARTESIAN_POINT('',(-4.9,0.4,-8.2));
#1199 = VECTOR('',#1200,1.);
#1200 = DIRECTION('',(0.,0.,1.));
#1201 = PLANE('',#1202);
#1202 = AXIS2_PLACEMENT_3D('',#1203,#1204,#1205);
#1203 = CARTESIAN_POINT('',(-4.9,0.4,-7.44));
#1204 = DIRECTION('',(1.,0.,0.));
#1205 = DIRECTION('',(0.,0.,-1.));
#1206 = ADVANCED_FACE('',(#1207),#1277,.T.);
#1207 = FACE_BOUND('',#1208,.F.);
#1208 = EDGE_LOOP('',(#1209,#1210,#1211,#1212,#1221,#1229,#1238,#1246,
    #1255,#1263,#1270,#1271));
#1209 = ORIENTED_EDGE('',*,*,#1172,.T.);
#1210 = ORIENTED_EDGE('',*,*,#1196,.F.);
#1211 = ORIENTED_EDGE('',*,*,#1141,.F.);
#1212 = ORIENTED_EDGE('',*,*,#1213,.F.);
#1213 = EDGE_CURVE('',#1214,#1134,#1216,.T.);
#1214 = VERTEX_POINT('',#1215);
#1215 = CARTESIAN_POINT('',(-4.870096189432,0.4,-7.975));
#1216 = CIRCLE('',#1217,0.15);
#1217 = AXIS2_PLACEMENT_3D('',#1218,#1219,#1220);
#1218 = CARTESIAN_POINT('',(-4.740192378865,0.4,-8.05));
#1219 = DIRECTION('',(0.,-1.,0.));
#1220 = DIRECTION('',(-0.866025403784,0.,0.5));
#1221 = ORIENTED_EDGE('',*,*,#1222,.F.);
#1222 = EDGE_CURVE('',#1223,#1214,#1225,.T.);
#1223 = VERTEX_POINT('',#1224);
#1224 = CARTESIAN_POINT('',(-4.581421054838,0.4,-7.475));
#1225 = LINE('',#1226,#1227);
#1226 = CARTESIAN_POINT('',(-4.581421054838,0.4,-7.475));
#1227 = VECTOR('',#1228,1.);
#1228 = DIRECTION('',(-0.5,0.,-0.866025403784));
#1229 = ORIENTED_EDGE('',*,*,#1230,.F.);
#1230 = EDGE_CURVE('',#1231,#1223,#1233,.T.);
#1231 = VERTEX_POINT('',#1232);
#1232 = CARTESIAN_POINT('',(-4.624722325027,0.4,-7.4));
#1233 = CIRCLE('',#1234,5.E-02);
#1234 = AXIS2_PLACEMENT_3D('',#1235,#1236,#1237);
#1235 = CARTESIAN_POINT('',(-4.624722325027,0.4,-7.45));
#1236 = DIRECTION('',(0.,1.,0.));
#1237 = DIRECTION('',(0.,-0.,1.));
#1238 = ORIENTED_EDGE('',*,*,#1239,.F.);
#1239 = EDGE_CURVE('',#1240,#1231,#1242,.T.);
#1240 = VERTEX_POINT('',#1241);
#1241 = CARTESIAN_POINT('',(-5.875277674973,0.4,-7.4));
#1242 = LINE('',#1243,#1244);
#1243 = CARTESIAN_POINT('',(-5.875277674973,0.4,-7.4));
#1244 = VECTOR('',#1245,1.);
#1245 = DIRECTION('',(1.,0.,0.));
#1246 = ORIENTED_EDGE('',*,*,#1247,.F.);
#1247 = EDGE_CURVE('',#1248,#1240,#1250,.T.);
#1248 = VERTEX_POINT('',#1249);
#1249 = CARTESIAN_POINT('',(-5.918578945162,0.4,-7.475));
#1250 = CIRCLE('',#1251,5.E-02);
#1251 = AXIS2_PLACEMENT_3D('',#1252,#1253,#1254);
#1252 = CARTESIAN_POINT('',(-5.875277674973,0.4,-7.45));
#1253 = DIRECTION('',(0.,1.,0.));
#1254 = DIRECTION('',(-0.866025403784,0.,-0.5));
#1255 = ORIENTED_EDGE('',*,*,#1256,.F.);
#1256 = EDGE_CURVE('',#1257,#1248,#1259,.T.);
#1257 = VERTEX_POINT('',#1258);
#1258 = CARTESIAN_POINT('',(-5.629903810568,0.4,-7.975));
#1259 = LINE('',#1260,#1261);
#1260 = CARTESIAN_POINT('',(-5.629903810568,0.4,-7.975));
#1261 = VECTOR('',#1262,1.);
#1262 = DIRECTION('',(-0.5,0.,0.866025403784));
#1263 = ORIENTED_EDGE('',*,*,#1264,.F.);
#1264 = EDGE_CURVE('',#710,#1257,#1265,.T.);
#1265 = CIRCLE('',#1266,0.15);
#1266 = AXIS2_PLACEMENT_3D('',#1267,#1268,#1269);
#1267 = CARTESIAN_POINT('',(-5.759807621135,0.4,-8.05));
#1268 = DIRECTION('',(0.,-1.,0.));
#1269 = DIRECTION('',(0.,0.,-1.));
#1270 = ORIENTED_EDGE('',*,*,#709,.F.);
#1271 = ORIENTED_EDGE('',*,*,#1272,.T.);
#1272 = EDGE_CURVE('',#702,#1173,#1273,.T.);
#1273 = LINE('',#1274,#1275);
#1274 = CARTESIAN_POINT('',(-5.6,0.4,-8.2));
#1275 = VECTOR('',#1276,1.);
#1276 = DIRECTION('',(0.,0.,1.));
#1277 = PLANE('',#1278);
#1278 = AXIS2_PLACEMENT_3D('',#1279,#1280,#1281);
#1279 = CARTESIAN_POINT('',(-1.75,0.4,0.));
#1280 = DIRECTION('',(0.,1.,0.));
#1281 = DIRECTION('',(-1.,0.,0.));
#1282 = ADVANCED_FACE('',(#1283),#1302,.T.);
#1283 = FACE_BOUND('',#1284,.T.);
#1284 = EDGE_LOOP('',(#1285,#1293,#1300,#1301));
#1285 = ORIENTED_EDGE('',*,*,#1286,.F.);
#1286 = EDGE_CURVE('',#1287,#1214,#1289,.T.);
#1287 = VERTEX_POINT('',#1288);
#1288 = CARTESIAN_POINT('',(-4.870096189432,2.7,-7.975));
#1289 = LINE('',#1290,#1291);
#1290 = CARTESIAN_POINT('',(-4.870096189432,2.7,-7.975));
#1291 = VECTOR('',#1292,1.);
#1292 = DIRECTION('',(0.,-1.,0.));
#1293 = ORIENTED_EDGE('',*,*,#1294,.F.);
#1294 = EDGE_CURVE('',#1126,#1287,#1295,.T.);
#1295 = CIRCLE('',#1296,0.15);
#1296 = AXIS2_PLACEMENT_3D('',#1297,#1298,#1299);
#1297 = CARTESIAN_POINT('',(-4.740192378865,2.7,-8.05));
#1298 = DIRECTION('',(0.,1.,0.));
#1299 = DIRECTION('',(0.,0.,-1.));
#1300 = ORIENTED_EDGE('',*,*,#1133,.F.);
#1301 = ORIENTED_EDGE('',*,*,#1213,.F.);
#1302 = CYLINDRICAL_SURFACE('',#1303,0.15);
#1303 = AXIS2_PLACEMENT_3D('',#1304,#1305,#1306);
#1304 = CARTESIAN_POINT('',(-4.740192378865,2.7,-8.05));
#1305 = DIRECTION('',(0.,1.,0.));
#1306 = DIRECTION('',(-1.,0.,0.));
#1307 = ADVANCED_FACE('',(#1308),#1735,.T.);
#1308 = FACE_BOUND('',#1309,.F.);
#1309 = EDGE_LOOP('',(#1310,#1321,#1327,#1328,#1329,#1337,#1345,#1351,
    #1352,#1361,#1369,#1378,#1386,#1395,#1403,#1410,#1411,#1419,#1427,
    #1433,#1434,#1443,#1451,#1460,#1468,#1477,#1485,#1492,#1493,#1501,
    #1509,#1515,#1516,#1525,#1533,#1542,#1550,#1559,#1567,#1574,#1575,
    #1583,#1591,#1597,#1598,#1607,#1615,#1624,#1630,#1631,#1639,#1647,
    #1655,#1664,#1672,#1679,#1680,#1688,#1696,#1702,#1703,#1712,#1720,
    #1729));
#1310 = ORIENTED_EDGE('',*,*,#1311,.T.);
#1311 = EDGE_CURVE('',#1312,#1314,#1316,.T.);
#1312 = VERTEX_POINT('',#1313);
#1313 = CARTESIAN_POINT('',(-4.624722325027,2.7,-7.4));
#1314 = VERTEX_POINT('',#1315);
#1315 = CARTESIAN_POINT('',(-4.581421054838,2.7,-7.475));
#1316 = CIRCLE('',#1317,5.E-02);
#1317 = AXIS2_PLACEMENT_3D('',#1318,#1319,#1320);
#1318 = CARTESIAN_POINT('',(-4.624722325027,2.7,-7.45));
#1319 = DIRECTION('',(0.,1.,0.));
#1320 = DIRECTION('',(1.7763568394E-14,-0.,1.));
#1321 = ORIENTED_EDGE('',*,*,#1322,.T.);
#1322 = EDGE_CURVE('',#1314,#1287,#1323,.T.);
#1323 = LINE('',#1324,#1325);
#1324 = CARTESIAN_POINT('',(-4.581421054838,2.7,-7.475));
#1325 = VECTOR('',#1326,1.);
#1326 = DIRECTION('',(-0.5,0.,-0.866025403784));
#1327 = ORIENTED_EDGE('',*,*,#1294,.F.);
#1328 = ORIENTED_EDGE('',*,*,#1125,.F.);
#1329 = ORIENTED_EDGE('',*,*,#1330,.T.);
#1330 = EDGE_CURVE('',#1118,#1331,#1333,.T.);
#1331 = VERTEX_POINT('',#1332);
#1332 = CARTESIAN_POINT('',(-4.025,2.7,-7.15277666));
#1333 = LINE('',#1334,#1335);
#1334 = CARTESIAN_POINT('',(-4.025,2.7,-8.2));
#1335 = VECTOR('',#1336,1.);
#1336 = DIRECTION('',(0.,0.,1.));
#1337 = ORIENTED_EDGE('',*,*,#1338,.F.);
#1338 = EDGE_CURVE('',#1339,#1331,#1341,.T.);
#1339 = VERTEX_POINT('',#1340);
#1340 = CARTESIAN_POINT('',(-2.975,2.7,-7.15277666));
#1341 = LINE('',#1342,#1343);
#1342 = CARTESIAN_POINT('',(-2.975,2.7,-7.15277666));
#1343 = VECTOR('',#1344,1.);
#1344 = DIRECTION('',(-1.,0.,0.));
#1345 = ORIENTED_EDGE('',*,*,#1346,.F.);
#1346 = EDGE_CURVE('',#1094,#1339,#1347,.T.);
#1347 = LINE('',#1348,#1349);
#1348 = CARTESIAN_POINT('',(-2.975,2.7,-8.2));
#1349 = VECTOR('',#1350,1.);
#1350 = DIRECTION('',(0.,0.,1.));
#1351 = ORIENTED_EDGE('',*,*,#1093,.F.);
#1352 = ORIENTED_EDGE('',*,*,#1353,.F.);
#1353 = EDGE_CURVE('',#1354,#1086,#1356,.T.);
#1354 = VERTEX_POINT('',#1355);
#1355 = CARTESIAN_POINT('',(-2.129903810568,2.7,-7.975));
#1356 = CIRCLE('',#1357,0.15);
#1357 = AXIS2_PLACEMENT_3D('',#1358,#1359,#1360);
#1358 = CARTESIAN_POINT('',(-2.259807621135,2.7,-8.05));
#1359 = DIRECTION('',(0.,1.,0.));
#1360 = DIRECTION('',(0.866025403784,-0.,0.5));
#1361 = ORIENTED_EDGE('',*,*,#1362,.T.);
#1362 = EDGE_CURVE('',#1354,#1363,#1365,.T.);
#1363 = VERTEX_POINT('',#1364);
#1364 = CARTESIAN_POINT('',(-2.418578945162,2.7,-7.475));
#1365 = LINE('',#1366,#1367);
#1366 = CARTESIAN_POINT('',(-2.129903810568,2.7,-7.975));
#1367 = VECTOR('',#1368,1.);
#1368 = DIRECTION('',(-0.5,0.,0.866025403784));
#1369 = ORIENTED_EDGE('',*,*,#1370,.T.);
#1370 = EDGE_CURVE('',#1363,#1371,#1373,.T.);
#1371 = VERTEX_POINT('',#1372);
#1372 = CARTESIAN_POINT('',(-2.375277674973,2.7,-7.4));
#1373 = CIRCLE('',#1374,5.E-02);
#1374 = AXIS2_PLACEMENT_3D('',#1375,#1376,#1377);
#1375 = CARTESIAN_POINT('',(-2.375277674973,2.7,-7.45));
#1376 = DIRECTION('',(0.,1.,0.));
#1377 = DIRECTION('',(-0.866025403785,0.,-0.5));
#1378 = ORIENTED_EDGE('',*,*,#1379,.T.);
#1379 = EDGE_CURVE('',#1371,#1380,#1382,.T.);
#1380 = VERTEX_POINT('',#1381);
#1381 = CARTESIAN_POINT('',(-1.124722325027,2.7,-7.4));
#1382 = LINE('',#1383,#1384);
#1383 = CARTESIAN_POINT('',(-2.375277674973,2.7,-7.4));
#1384 = VECTOR('',#1385,1.);
#1385 = DIRECTION('',(1.,0.,0.));
#1386 = ORIENTED_EDGE('',*,*,#1387,.T.);
#1387 = EDGE_CURVE('',#1380,#1388,#1390,.T.);
#1388 = VERTEX_POINT('',#1389);
#1389 = CARTESIAN_POINT('',(-1.081421054838,2.7,-7.475));
#1390 = CIRCLE('',#1391,5.E-02);
#1391 = AXIS2_PLACEMENT_3D('',#1392,#1393,#1394);
#1392 = CARTESIAN_POINT('',(-1.124722325027,2.7,-7.45));
#1393 = DIRECTION('',(0.,1.,0.));
#1394 = DIRECTION('',(1.7763568394E-14,-0.,1.));
#1395 = ORIENTED_EDGE('',*,*,#1396,.T.);
#1396 = EDGE_CURVE('',#1388,#1397,#1399,.T.);
#1397 = VERTEX_POINT('',#1398);
#1398 = CARTESIAN_POINT('',(-1.370096189432,2.7,-7.975));
#1399 = LINE('',#1400,#1401);
#1400 = CARTESIAN_POINT('',(-1.081421054838,2.7,-7.475));
#1401 = VECTOR('',#1402,1.);
#1402 = DIRECTION('',(-0.5,0.,-0.866025403784));
#1403 = ORIENTED_EDGE('',*,*,#1404,.F.);
#1404 = EDGE_CURVE('',#1030,#1397,#1405,.T.);
#1405 = CIRCLE('',#1406,0.15);
#1406 = AXIS2_PLACEMENT_3D('',#1407,#1408,#1409);
#1407 = CARTESIAN_POINT('',(-1.240192378865,2.7,-8.05));
#1408 = DIRECTION('',(0.,1.,0.));
#1409 = DIRECTION('',(0.,0.,-1.));
#1410 = ORIENTED_EDGE('',*,*,#1029,.F.);
#1411 = ORIENTED_EDGE('',*,*,#1412,.T.);
#1412 = EDGE_CURVE('',#1022,#1413,#1415,.T.);
#1413 = VERTEX_POINT('',#1414);
#1414 = CARTESIAN_POINT('',(-0.525,2.7,-7.15277666));
#1415 = LINE('',#1416,#1417);
#1416 = CARTESIAN_POINT('',(-0.525,2.7,-8.2));
#1417 = VECTOR('',#1418,1.);
#1418 = DIRECTION('',(0.,0.,1.));
#1419 = ORIENTED_EDGE('',*,*,#1420,.F.);
#1420 = EDGE_CURVE('',#1421,#1413,#1423,.T.);
#1421 = VERTEX_POINT('',#1422);
#1422 = CARTESIAN_POINT('',(0.525,2.7,-7.15277666));
#1423 = LINE('',#1424,#1425);
#1424 = CARTESIAN_POINT('',(0.525,2.7,-7.15277666));
#1425 = VECTOR('',#1426,1.);
#1426 = DIRECTION('',(-1.,0.,0.));
#1427 = ORIENTED_EDGE('',*,*,#1428,.F.);
#1428 = EDGE_CURVE('',#998,#1421,#1429,.T.);
#1429 = LINE('',#1430,#1431);
#1430 = CARTESIAN_POINT('',(0.525,2.7,-8.2));
#1431 = VECTOR('',#1432,1.);
#1432 = DIRECTION('',(0.,0.,1.));
#1433 = ORIENTED_EDGE('',*,*,#997,.F.);
#1434 = ORIENTED_EDGE('',*,*,#1435,.F.);
#1435 = EDGE_CURVE('',#1436,#990,#1438,.T.);
#1436 = VERTEX_POINT('',#1437);
#1437 = CARTESIAN_POINT('',(1.370096189432,2.7,-7.975));
#1438 = CIRCLE('',#1439,0.15);
#1439 = AXIS2_PLACEMENT_3D('',#1440,#1441,#1442);
#1440 = CARTESIAN_POINT('',(1.240192378865,2.7,-8.05));
#1441 = DIRECTION('',(0.,1.,0.));
#1442 = DIRECTION('',(0.866025403784,-0.,0.5));
#1443 = ORIENTED_EDGE('',*,*,#1444,.T.);
#1444 = EDGE_CURVE('',#1436,#1445,#1447,.T.);
#1445 = VERTEX_POINT('',#1446);
#1446 = CARTESIAN_POINT('',(1.081421054838,2.7,-7.475));
#1447 = LINE('',#1448,#1449);
#1448 = CARTESIAN_POINT('',(1.370096189432,2.7,-7.975));
#1449 = VECTOR('',#1450,1.);
#1450 = DIRECTION('',(-0.5,0.,0.866025403784));
#1451 = ORIENTED_EDGE('',*,*,#1452,.T.);
#1452 = EDGE_CURVE('',#1445,#1453,#1455,.T.);
#1453 = VERTEX_POINT('',#1454);
#1454 = CARTESIAN_POINT('',(1.124722325027,2.7,-7.4));
#1455 = CIRCLE('',#1456,5.E-02);
#1456 = AXIS2_PLACEMENT_3D('',#1457,#1458,#1459);
#1457 = CARTESIAN_POINT('',(1.124722325027,2.7,-7.45));
#1458 = DIRECTION('',(0.,1.,0.));
#1459 = DIRECTION('',(-0.866025403784,0.,-0.5));
#1460 = ORIENTED_EDGE('',*,*,#1461,.T.);
#1461 = EDGE_CURVE('',#1453,#1462,#1464,.T.);
#1462 = VERTEX_POINT('',#1463);
#1463 = CARTESIAN_POINT('',(2.375277674973,2.7,-7.4));
#1464 = LINE('',#1465,#1466);
#1465 = CARTESIAN_POINT('',(1.124722325027,2.7,-7.4));
#1466 = VECTOR('',#1467,1.);
#1467 = DIRECTION('',(1.,0.,0.));
#1468 = ORIENTED_EDGE('',*,*,#1469,.T.);
#1469 = EDGE_CURVE('',#1462,#1470,#1472,.T.);
#1470 = VERTEX_POINT('',#1471);
#1471 = CARTESIAN_POINT('',(2.418578945162,2.7,-7.475));
#1472 = CIRCLE('',#1473,5.E-02);
#1473 = AXIS2_PLACEMENT_3D('',#1474,#1475,#1476);
#1474 = CARTESIAN_POINT('',(2.375277674973,2.7,-7.45));
#1475 = DIRECTION('',(0.,1.,0.));
#1476 = DIRECTION('',(1.7763568394E-14,-0.,1.));
#1477 = ORIENTED_EDGE('',*,*,#1478,.T.);
#1478 = EDGE_CURVE('',#1470,#1479,#1481,.T.);
#1479 = VERTEX_POINT('',#1480);
#1480 = CARTESIAN_POINT('',(2.129903810568,2.7,-7.975));
#1481 = LINE('',#1482,#1483);
#1482 = CARTESIAN_POINT('',(2.418578945162,2.7,-7.475));
#1483 = VECTOR('',#1484,1.);
#1484 = DIRECTION('',(-0.5,0.,-0.866025403784));
#1485 = ORIENTED_EDGE('',*,*,#1486,.F.);
#1486 = EDGE_CURVE('',#934,#1479,#1487,.T.);
#1487 = CIRCLE('',#1488,0.15);
#1488 = AXIS2_PLACEMENT_3D('',#1489,#1490,#1491);
#1489 = CARTESIAN_POINT('',(2.259807621135,2.7,-8.05));
#1490 = DIRECTION('',(0.,1.,0.));
#1491 = DIRECTION('',(0.,0.,-1.));
#1492 = ORIENTED_EDGE('',*,*,#933,.F.);
#1493 = ORIENTED_EDGE('',*,*,#1494,.T.);
#1494 = EDGE_CURVE('',#926,#1495,#1497,.T.);
#1495 = VERTEX_POINT('',#1496);
#1496 = CARTESIAN_POINT('',(2.975,2.7,-7.15277666));
#1497 = LINE('',#1498,#1499);
#1498 = CARTESIAN_POINT('',(2.975,2.7,-8.2));
#1499 = VECTOR('',#1500,1.);
#1500 = DIRECTION('',(0.,0.,1.));
#1501 = ORIENTED_EDGE('',*,*,#1502,.F.);
#1502 = EDGE_CURVE('',#1503,#1495,#1505,.T.);
#1503 = VERTEX_POINT('',#1504);
#1504 = CARTESIAN_POINT('',(4.025,2.7,-7.15277666));
#1505 = LINE('',#1506,#1507);
#1506 = CARTESIAN_POINT('',(4.025,2.7,-7.15277666));
#1507 = VECTOR('',#1508,1.);
#1508 = DIRECTION('',(-1.,0.,0.));
#1509 = ORIENTED_EDGE('',*,*,#1510,.F.);
#1510 = EDGE_CURVE('',#902,#1503,#1511,.T.);
#1511 = LINE('',#1512,#1513);
#1512 = CARTESIAN_POINT('',(4.025,2.7,-8.2));
#1513 = VECTOR('',#1514,1.);
#1514 = DIRECTION('',(0.,0.,1.));
#1515 = ORIENTED_EDGE('',*,*,#901,.F.);
#1516 = ORIENTED_EDGE('',*,*,#1517,.F.);
#1517 = EDGE_CURVE('',#1518,#894,#1520,.T.);
#1518 = VERTEX_POINT('',#1519);
#1519 = CARTESIAN_POINT('',(4.870096189432,2.7,-7.975));
#1520 = CIRCLE('',#1521,0.15);
#1521 = AXIS2_PLACEMENT_3D('',#1522,#1523,#1524);
#1522 = CARTESIAN_POINT('',(4.740192378865,2.7,-8.05));
#1523 = DIRECTION('',(0.,1.,0.));
#1524 = DIRECTION('',(0.866025403784,-0.,0.5));
#1525 = ORIENTED_EDGE('',*,*,#1526,.T.);
#1526 = EDGE_CURVE('',#1518,#1527,#1529,.T.);
#1527 = VERTEX_POINT('',#1528);
#1528 = CARTESIAN_POINT('',(4.581421054838,2.7,-7.475));
#1529 = LINE('',#1530,#1531);
#1530 = CARTESIAN_POINT('',(4.870096189432,2.7,-7.975));
#1531 = VECTOR('',#1532,1.);
#1532 = DIRECTION('',(-0.5,0.,0.866025403784));
#1533 = ORIENTED_EDGE('',*,*,#1534,.T.);
#1534 = EDGE_CURVE('',#1527,#1535,#1537,.T.);
#1535 = VERTEX_POINT('',#1536);
#1536 = CARTESIAN_POINT('',(4.624722325027,2.7,-7.4));
#1537 = CIRCLE('',#1538,5.E-02);
#1538 = AXIS2_PLACEMENT_3D('',#1539,#1540,#1541);
#1539 = CARTESIAN_POINT('',(4.624722325027,2.7,-7.45));
#1540 = DIRECTION('',(0.,1.,0.));
#1541 = DIRECTION('',(-0.866025403784,0.,-0.5));
#1542 = ORIENTED_EDGE('',*,*,#1543,.T.);
#1543 = EDGE_CURVE('',#1535,#1544,#1546,.T.);
#1544 = VERTEX_POINT('',#1545);
#1545 = CARTESIAN_POINT('',(5.875277674973,2.7,-7.4));
#1546 = LINE('',#1547,#1548);
#1547 = CARTESIAN_POINT('',(4.624722325027,2.7,-7.4));
#1548 = VECTOR('',#1549,1.);
#1549 = DIRECTION('',(1.,0.,0.));
#1550 = ORIENTED_EDGE('',*,*,#1551,.T.);
#1551 = EDGE_CURVE('',#1544,#1552,#1554,.T.);
#1552 = VERTEX_POINT('',#1553);
#1553 = CARTESIAN_POINT('',(5.918578945162,2.7,-7.475));
#1554 = CIRCLE('',#1555,5.E-02);
#1555 = AXIS2_PLACEMENT_3D('',#1556,#1557,#1558);
#1556 = CARTESIAN_POINT('',(5.875277674973,2.7,-7.45));
#1557 = DIRECTION('',(0.,1.,0.));
#1558 = DIRECTION('',(0.,-0.,1.));
#1559 = ORIENTED_EDGE('',*,*,#1560,.T.);
#1560 = EDGE_CURVE('',#1552,#1561,#1563,.T.);
#1561 = VERTEX_POINT('',#1562);
#1562 = CARTESIAN_POINT('',(5.629903810568,2.7,-7.975));
#1563 = LINE('',#1564,#1565);
#1564 = CARTESIAN_POINT('',(5.918578945162,2.7,-7.475));
#1565 = VECTOR('',#1566,1.);
#1566 = DIRECTION('',(-0.5,0.,-0.866025403784));
#1567 = ORIENTED_EDGE('',*,*,#1568,.F.);
#1568 = EDGE_CURVE('',#838,#1561,#1569,.T.);
#1569 = CIRCLE('',#1570,0.15);
#1570 = AXIS2_PLACEMENT_3D('',#1571,#1572,#1573);
#1571 = CARTESIAN_POINT('',(5.759807621135,2.7,-8.05));
#1572 = DIRECTION('',(0.,1.,0.));
#1573 = DIRECTION('',(0.,0.,-1.));
#1574 = ORIENTED_EDGE('',*,*,#837,.F.);
#1575 = ORIENTED_EDGE('',*,*,#1576,.T.);
#1576 = EDGE_CURVE('',#830,#1577,#1579,.T.);
#1577 = VERTEX_POINT('',#1578);
#1578 = CARTESIAN_POINT('',(6.475,2.7,-7.15277666));
#1579 = LINE('',#1580,#1581);
#1580 = CARTESIAN_POINT('',(6.475,2.7,-8.2));
#1581 = VECTOR('',#1582,1.);
#1582 = DIRECTION('',(0.,0.,1.));
#1583 = ORIENTED_EDGE('',*,*,#1584,.F.);
#1584 = EDGE_CURVE('',#1585,#1577,#1587,.T.);
#1585 = VERTEX_POINT('',#1586);
#1586 = CARTESIAN_POINT('',(7.525,2.7,-7.15277666));
#1587 = LINE('',#1588,#1589);
#1588 = CARTESIAN_POINT('',(7.525,2.7,-7.15277666));
#1589 = VECTOR('',#1590,1.);
#1590 = DIRECTION('',(-1.,0.,0.));
#1591 = ORIENTED_EDGE('',*,*,#1592,.F.);
#1592 = EDGE_CURVE('',#806,#1585,#1593,.T.);
#1593 = LINE('',#1594,#1595);
#1594 = CARTESIAN_POINT('',(7.525,2.7,-8.2));
#1595 = VECTOR('',#1596,1.);
#1596 = DIRECTION('',(0.,0.,1.));
#1597 = ORIENTED_EDGE('',*,*,#805,.F.);
#1598 = ORIENTED_EDGE('',*,*,#1599,.F.);
#1599 = EDGE_CURVE('',#1600,#798,#1602,.T.);
#1600 = VERTEX_POINT('',#1601);
#1601 = CARTESIAN_POINT('',(8.370096189432,2.7,-7.975));
#1602 = CIRCLE('',#1603,0.15);
#1603 = AXIS2_PLACEMENT_3D('',#1604,#1605,#1606);
#1604 = CARTESIAN_POINT('',(8.240192378865,2.7,-8.05));
#1605 = DIRECTION('',(0.,1.,0.));
#1606 = DIRECTION('',(0.866025403784,-0.,0.5));
#1607 = ORIENTED_EDGE('',*,*,#1608,.T.);
#1608 = EDGE_CURVE('',#1600,#1609,#1611,.T.);
#1609 = VERTEX_POINT('',#1610);
#1610 = CARTESIAN_POINT('',(8.081421054838,2.7,-7.475));
#1611 = LINE('',#1612,#1613);
#1612 = CARTESIAN_POINT('',(8.370096189432,2.7,-7.975));
#1613 = VECTOR('',#1614,1.);
#1614 = DIRECTION('',(-0.5,0.,0.866025403784));
#1615 = ORIENTED_EDGE('',*,*,#1616,.T.);
#1616 = EDGE_CURVE('',#1609,#1617,#1619,.T.);
#1617 = VERTEX_POINT('',#1618);
#1618 = CARTESIAN_POINT('',(8.124722325027,2.7,-7.4));
#1619 = CIRCLE('',#1620,5.E-02);
#1620 = AXIS2_PLACEMENT_3D('',#1621,#1622,#1623);
#1621 = CARTESIAN_POINT('',(8.124722325027,2.7,-7.45));
#1622 = DIRECTION('',(0.,1.,0.));
#1623 = DIRECTION('',(-0.866025403784,0.,-0.5));
#1624 = ORIENTED_EDGE('',*,*,#1625,.F.);
#1625 = EDGE_CURVE('',#144,#1617,#1626,.T.);
#1626 = LINE('',#1627,#1628);
#1627 = CARTESIAN_POINT('',(8.75,2.7,-7.4));
#1628 = VECTOR('',#1629,1.);
#1629 = DIRECTION('',(-1.,0.,0.));
#1630 = ORIENTED_EDGE('',*,*,#143,.F.);
#1631 = ORIENTED_EDGE('',*,*,#1632,.T.);
#1632 = EDGE_CURVE('',#136,#1633,#1635,.T.);
#1633 = VERTEX_POINT('',#1634);
#1634 = CARTESIAN_POINT('',(-8.75,2.7,-7.03477713055));
#1635 = LINE('',#1636,#1637);
#1636 = CARTESIAN_POINT('',(8.75,2.7,-7.03477713055));
#1637 = VECTOR('',#1638,1.);
#1638 = DIRECTION('',(-1.,0.,0.));
#1639 = ORIENTED_EDGE('',*,*,#1640,.T.);
#1640 = EDGE_CURVE('',#1633,#1641,#1643,.T.);
#1641 = VERTEX_POINT('',#1642);
#1642 = CARTESIAN_POINT('',(-8.75,2.7,-7.4));
#1643 = LINE('',#1644,#1645);
#1644 = CARTESIAN_POINT('',(-8.75,2.7,-7.03477713055));
#1645 = VECTOR('',#1646,1.);
#1646 = DIRECTION('',(0.,0.,-1.));
#1647 = ORIENTED_EDGE('',*,*,#1648,.T.);
#1648 = EDGE_CURVE('',#1641,#1649,#1651,.T.);
#1649 = VERTEX_POINT('',#1650);
#1650 = CARTESIAN_POINT('',(-8.124722325027,2.7,-7.4));
#1651 = LINE('',#1652,#1653);
#1652 = CARTESIAN_POINT('',(-8.75,2.7,-7.4));
#1653 = VECTOR('',#1654,1.);
#1654 = DIRECTION('',(1.,0.,0.));
#1655 = ORIENTED_EDGE('',*,*,#1656,.T.);
#1656 = EDGE_CURVE('',#1649,#1657,#1659,.T.);
#1657 = VERTEX_POINT('',#1658);
#1658 = CARTESIAN_POINT('',(-8.081421054838,2.7,-7.475));
#1659 = CIRCLE('',#1660,5.E-02);
#1660 = AXIS2_PLACEMENT_3D('',#1661,#1662,#1663);
#1661 = CARTESIAN_POINT('',(-8.124722325027,2.7,-7.45));
#1662 = DIRECTION('',(0.,1.,0.));
#1663 = DIRECTION('',(0.,-0.,1.));
#1664 = ORIENTED_EDGE('',*,*,#1665,.T.);
#1665 = EDGE_CURVE('',#1657,#1666,#1668,.T.);
#1666 = VERTEX_POINT('',#1667);
#1667 = CARTESIAN_POINT('',(-8.370096189432,2.7,-7.975));
#1668 = LINE('',#1669,#1670);
#1669 = CARTESIAN_POINT('',(-8.081421054838,2.7,-7.475));
#1670 = VECTOR('',#1671,1.);
#1671 = DIRECTION('',(-0.5,0.,-0.866025403784));
#1672 = ORIENTED_EDGE('',*,*,#1673,.F.);
#1673 = EDGE_CURVE('',#758,#1666,#1674,.T.);
#1674 = CIRCLE('',#1675,0.15);
#1675 = AXIS2_PLACEMENT_3D('',#1676,#1677,#1678);
#1676 = CARTESIAN_POINT('',(-8.240192378865,2.7,-8.05));
#1677 = DIRECTION('',(0.,1.,0.));
#1678 = DIRECTION('',(4.736951571734E-14,0.,-1.));
#1679 = ORIENTED_EDGE('',*,*,#757,.F.);
#1680 = ORIENTED_EDGE('',*,*,#1681,.T.);
#1681 = EDGE_CURVE('',#750,#1682,#1684,.T.);
#1682 = VERTEX_POINT('',#1683);
#1683 = CARTESIAN_POINT('',(-7.525,2.7,-7.15277666));
#1684 = LINE('',#1685,#1686);
#1685 = CARTESIAN_POINT('',(-7.525,2.7,-8.2));
#1686 = VECTOR('',#1687,1.);
#1687 = DIRECTION('',(0.,0.,1.));
#1688 = ORIENTED_EDGE('',*,*,#1689,.F.);
#1689 = EDGE_CURVE('',#1690,#1682,#1692,.T.);
#1690 = VERTEX_POINT('',#1691);
#1691 = CARTESIAN_POINT('',(-6.475,2.7,-7.15277666));
#1692 = LINE('',#1693,#1694);
#1693 = CARTESIAN_POINT('',(-6.475,2.7,-7.15277666));
#1694 = VECTOR('',#1695,1.);
#1695 = DIRECTION('',(-1.,0.,0.));
#1696 = ORIENTED_EDGE('',*,*,#1697,.F.);
#1697 = EDGE_CURVE('',#726,#1690,#1698,.T.);
#1698 = LINE('',#1699,#1700);
#1699 = CARTESIAN_POINT('',(-6.475,2.7,-8.2));
#1700 = VECTOR('',#1701,1.);
#1701 = DIRECTION('',(0.,0.,1.));
#1702 = ORIENTED_EDGE('',*,*,#725,.F.);
#1703 = ORIENTED_EDGE('',*,*,#1704,.F.);
#1704 = EDGE_CURVE('',#1705,#718,#1707,.T.);
#1705 = VERTEX_POINT('',#1706);
#1706 = CARTESIAN_POINT('',(-5.629903810568,2.7,-7.975));
#1707 = CIRCLE('',#1708,0.15);
#1708 = AXIS2_PLACEMENT_3D('',#1709,#1710,#1711);
#1709 = CARTESIAN_POINT('',(-5.759807621135,2.7,-8.05));
#1710 = DIRECTION('',(0.,1.,0.));
#1711 = DIRECTION('',(0.866025403785,-0.,0.5));
#1712 = ORIENTED_EDGE('',*,*,#1713,.T.);
#1713 = EDGE_CURVE('',#1705,#1714,#1716,.T.);
#1714 = VERTEX_POINT('',#1715);
#1715 = CARTESIAN_POINT('',(-5.918578945162,2.7,-7.475));
#1716 = LINE('',#1717,#1718);
#1717 = CARTESIAN_POINT('',(-5.629903810568,2.7,-7.975));
#1718 = VECTOR('',#1719,1.);
#1719 = DIRECTION('',(-0.5,0.,0.866025403784));
#1720 = ORIENTED_EDGE('',*,*,#1721,.T.);
#1721 = EDGE_CURVE('',#1714,#1722,#1724,.T.);
#1722 = VERTEX_POINT('',#1723);
#1723 = CARTESIAN_POINT('',(-5.875277674973,2.7,-7.4));
#1724 = CIRCLE('',#1725,5.E-02);
#1725 = AXIS2_PLACEMENT_3D('',#1726,#1727,#1728);
#1726 = CARTESIAN_POINT('',(-5.875277674973,2.7,-7.45));
#1727 = DIRECTION('',(0.,1.,0.));
#1728 = DIRECTION('',(-0.866025403785,0.,-0.5));
#1729 = ORIENTED_EDGE('',*,*,#1730,.T.);
#1730 = EDGE_CURVE('',#1722,#1312,#1731,.T.);
#1731 = LINE('',#1732,#1733);
#1732 = CARTESIAN_POINT('',(-5.875277674973,2.7,-7.4));
#1733 = VECTOR('',#1734,1.);
#1734 = DIRECTION('',(1.,0.,0.));
#1735 = PLANE('',#1736);
#1736 = AXIS2_PLACEMENT_3D('',#1737,#1738,#1739);
#1737 = CARTESIAN_POINT('',(8.75,2.7,-7.03477713055));
#1738 = DIRECTION('',(0.,1.,0.));
#1739 = DIRECTION('',(0.,0.,-1.));
#1740 = ADVANCED_FACE('',(#1741),#1757,.F.);
#1741 = FACE_BOUND('',#1742,.F.);
#1742 = EDGE_LOOP('',(#1743,#1749,#1750,#1756));
#1743 = ORIENTED_EDGE('',*,*,#1744,.T.);
#1744 = EDGE_CURVE('',#1312,#1231,#1745,.T.);
#1745 = LINE('',#1746,#1747);
#1746 = CARTESIAN_POINT('',(-4.624722325027,2.7,-7.4));
#1747 = VECTOR('',#1748,1.);
#1748 = DIRECTION('',(0.,-1.,0.));
#1749 = ORIENTED_EDGE('',*,*,#1230,.T.);
#1750 = ORIENTED_EDGE('',*,*,#1751,.F.);
#1751 = EDGE_CURVE('',#1314,#1223,#1752,.T.);
#1752 = LINE('',#1753,#1754);
#1753 = CARTESIAN_POINT('',(-4.581421054838,2.7,-7.475));
#1754 = VECTOR('',#1755,1.);
#1755 = DIRECTION('',(0.,-1.,0.));
#1756 = ORIENTED_EDGE('',*,*,#1311,.F.);
#1757 = CYLINDRICAL_SURFACE('',#1758,5.E-02);
#1758 = AXIS2_PLACEMENT_3D('',#1759,#1760,#1761);
#1759 = CARTESIAN_POINT('',(-4.624722325027,2.7,-7.45));
#1760 = DIRECTION('',(0.,1.,0.));
#1761 = DIRECTION('',(-1.,0.,0.));
#1762 = ADVANCED_FACE('',(#1763),#1774,.F.);
#1763 = FACE_BOUND('',#1764,.F.);
#1764 = EDGE_LOOP('',(#1765,#1766,#1767,#1773));
#1765 = ORIENTED_EDGE('',*,*,#1744,.F.);
#1766 = ORIENTED_EDGE('',*,*,#1730,.F.);
#1767 = ORIENTED_EDGE('',*,*,#1768,.T.);
#1768 = EDGE_CURVE('',#1722,#1240,#1769,.T.);
#1769 = LINE('',#1770,#1771);
#1770 = CARTESIAN_POINT('',(-5.875277674973,2.7,-7.4));
#1771 = VECTOR('',#1772,1.);
#1772 = DIRECTION('',(0.,-1.,0.));
#1773 = ORIENTED_EDGE('',*,*,#1239,.T.);
#1774 = PLANE('',#1775);
#1775 = AXIS2_PLACEMENT_3D('',#1776,#1777,#1778);
#1776 = CARTESIAN_POINT('',(-5.875277674973,2.7,-7.4));
#1777 = DIRECTION('',(0.,0.,1.));
#1778 = DIRECTION('',(1.,0.,-0.));
#1779 = ADVANCED_FACE('',(#1780),#1791,.F.);
#1780 = FACE_BOUND('',#1781,.F.);
#1781 = EDGE_LOOP('',(#1782,#1788,#1789,#1790));
#1782 = ORIENTED_EDGE('',*,*,#1783,.T.);
#1783 = EDGE_CURVE('',#1714,#1248,#1784,.T.);
#1784 = LINE('',#1785,#1786);
#1785 = CARTESIAN_POINT('',(-5.918578945162,2.7,-7.475));
#1786 = VECTOR('',#1787,1.);
#1787 = DIRECTION('',(0.,-1.,0.));
#1788 = ORIENTED_EDGE('',*,*,#1247,.T.);
#1789 = ORIENTED_EDGE('',*,*,#1768,.F.);
#1790 = ORIENTED_EDGE('',*,*,#1721,.F.);
#1791 = CYLINDRICAL_SURFACE('',#1792,5.E-02);
#1792 = AXIS2_PLACEMENT_3D('',#1793,#1794,#1795);
#1793 = CARTESIAN_POINT('',(-5.875277674973,2.7,-7.45));
#1794 = DIRECTION('',(0.,1.,0.));
#1795 = DIRECTION('',(-1.,0.,0.));
#1796 = ADVANCED_FACE('',(#1797),#1808,.F.);
#1797 = FACE_BOUND('',#1798,.F.);
#1798 = EDGE_LOOP('',(#1799,#1805,#1806,#1807));
#1799 = ORIENTED_EDGE('',*,*,#1800,.T.);
#1800 = EDGE_CURVE('',#1705,#1257,#1801,.T.);
#1801 = LINE('',#1802,#1803);
#1802 = CARTESIAN_POINT('',(-5.629903810568,2.7,-7.975));
#1803 = VECTOR('',#1804,1.);
#1804 = DIRECTION('',(0.,-1.,0.));
#1805 = ORIENTED_EDGE('',*,*,#1256,.T.);
#1806 = ORIENTED_EDGE('',*,*,#1783,.F.);
#1807 = ORIENTED_EDGE('',*,*,#1713,.F.);
#1808 = PLANE('',#1809);
#1809 = AXIS2_PLACEMENT_3D('',#1810,#1811,#1812);
#1810 = CARTESIAN_POINT('',(-5.629903810568,2.7,-7.975));
#1811 = DIRECTION('',(-0.866025403784,0.,-0.5));
#1812 = DIRECTION('',(-0.5,0.,0.866025403784));
#1813 = ADVANCED_FACE('',(#1814),#1820,.T.);
#1814 = FACE_BOUND('',#1815,.T.);
#1815 = EDGE_LOOP('',(#1816,#1817,#1818,#1819));
#1816 = ORIENTED_EDGE('',*,*,#717,.T.);
#1817 = ORIENTED_EDGE('',*,*,#1704,.F.);
#1818 = ORIENTED_EDGE('',*,*,#1800,.T.);
#1819 = ORIENTED_EDGE('',*,*,#1264,.F.);
#1820 = CYLINDRICAL_SURFACE('',#1821,0.15);
#1821 = AXIS2_PLACEMENT_3D('',#1822,#1823,#1824);
#1822 = CARTESIAN_POINT('',(-5.759807621135,2.7,-8.05));
#1823 = DIRECTION('',(0.,1.,0.));
#1824 = DIRECTION('',(-1.,0.,0.));
#1825 = ADVANCED_FACE('',(#1826),#1832,.F.);
#1826 = FACE_BOUND('',#1827,.F.);
#1827 = EDGE_LOOP('',(#1828,#1829,#1830,#1831));
#1828 = ORIENTED_EDGE('',*,*,#1751,.T.);
#1829 = ORIENTED_EDGE('',*,*,#1222,.T.);
#1830 = ORIENTED_EDGE('',*,*,#1286,.F.);
#1831 = ORIENTED_EDGE('',*,*,#1322,.F.);
#1832 = PLANE('',#1833);
#1833 = AXIS2_PLACEMENT_3D('',#1834,#1835,#1836);
#1834 = CARTESIAN_POINT('',(-4.581421054838,2.7,-7.475));
#1835 = DIRECTION('',(0.866025403784,0.,-0.5));
#1836 = DIRECTION('',(-0.5,0.,-0.866025403784));
#1837 = ADVANCED_FACE('',(#1838),#1872,.F.);
#1838 = FACE_BOUND('',#1839,.F.);
#1839 = EDGE_LOOP('',(#1840,#1848,#1856,#1864,#1870,#1871));
#1840 = ORIENTED_EDGE('',*,*,#1841,.F.);
#1841 = EDGE_CURVE('',#1842,#1110,#1844,.T.);
#1842 = VERTEX_POINT('',#1843);
#1843 = CARTESIAN_POINT('',(-4.025,-2.7,-7.986942822023));
#1844 = LINE('',#1845,#1846);
#1845 = CARTESIAN_POINT('',(-4.025,-2.7,-7.986942822023));
#1846 = VECTOR('',#1847,1.);
#1847 = DIRECTION('',(0.,-0.984807753012,-0.173648177667));
#1848 = ORIENTED_EDGE('',*,*,#1849,.T.);
#1849 = EDGE_CURVE('',#1842,#1850,#1852,.T.);
#1850 = VERTEX_POINT('',#1851);
#1851 = CARTESIAN_POINT('',(-4.025,-2.7,-7.349999822023));
#1852 = LINE('',#1853,#1854);
#1853 = CARTESIAN_POINT('',(-4.025,-2.7,-7.986942822023));
#1854 = VECTOR('',#1855,1.);
#1855 = DIRECTION('',(0.,0.,1.));
#1856 = ORIENTED_EDGE('',*,*,#1857,.T.);
#1857 = EDGE_CURVE('',#1850,#1858,#1860,.T.);
#1858 = VERTEX_POINT('',#1859);
#1859 = CARTESIAN_POINT('',(-4.025,-1.063242112547,-7.349999822023));
#1860 = LINE('',#1861,#1862);
#1861 = CARTESIAN_POINT('',(-4.025,-2.7,-7.349999822023));
#1862 = VECTOR('',#1863,1.);
#1863 = DIRECTION('',(0.,1.,0.));
#1864 = ORIENTED_EDGE('',*,*,#1865,.T.);
#1865 = EDGE_CURVE('',#1858,#1331,#1866,.T.);
#1866 = LINE('',#1867,#1868);
#1867 = CARTESIAN_POINT('',(-4.025,-1.063242112547,-7.349999822023));
#1868 = VECTOR('',#1869,1.);
#1869 = DIRECTION('',(0.,0.998629534755,5.233595624294E-02));
#1870 = ORIENTED_EDGE('',*,*,#1330,.F.);
#1871 = ORIENTED_EDGE('',*,*,#1117,.T.);
#1872 = PLANE('',#1873);
#1873 = AXIS2_PLACEMENT_3D('',#1874,#1875,#1876);
#1874 = CARTESIAN_POINT('',(-4.025,2.7,-8.2));
#1875 = DIRECTION('',(-1.,0.,0.));
#1876 = DIRECTION('',(0.,1.,0.));
#1877 = ADVANCED_FACE('',(#1878),#1896,.F.);
#1878 = FACE_BOUND('',#1879,.F.);
#1879 = EDGE_LOOP('',(#1880,#1881,#1882,#1890));
#1880 = ORIENTED_EDGE('',*,*,#1841,.T.);
#1881 = ORIENTED_EDGE('',*,*,#1109,.F.);
#1882 = ORIENTED_EDGE('',*,*,#1883,.T.);
#1883 = EDGE_CURVE('',#1102,#1884,#1886,.T.);
#1884 = VERTEX_POINT('',#1885);
#1885 = CARTESIAN_POINT('',(-2.975,-2.7,-7.986942822023));
#1886 = LINE('',#1887,#1888);
#1887 = CARTESIAN_POINT('',(-2.975,-3.9083073,-8.2));
#1888 = VECTOR('',#1889,1.);
#1889 = DIRECTION('',(0.,0.984807753012,0.173648177667));
#1890 = ORIENTED_EDGE('',*,*,#1891,.T.);
#1891 = EDGE_CURVE('',#1884,#1842,#1892,.T.);
#1892 = LINE('',#1893,#1894);
#1893 = CARTESIAN_POINT('',(-2.975,-2.7,-7.986942822023));
#1894 = VECTOR('',#1895,1.);
#1895 = DIRECTION('',(-1.,0.,0.));
#1896 = PLANE('',#1897);
#1897 = AXIS2_PLACEMENT_3D('',#1898,#1899,#1900);
#1898 = CARTESIAN_POINT('',(-2.975,-3.9083073,-8.2));
#1899 = DIRECTION('',(0.,-0.173648177667,0.984807753012));
#1900 = DIRECTION('',(0.,0.984807753012,0.173648177667));
#1901 = ADVANCED_FACE('',(#1902),#1929,.T.);
#1902 = FACE_BOUND('',#1903,.F.);
#1903 = EDGE_LOOP('',(#1904,#1905,#1906,#1907,#1915,#1923));
#1904 = ORIENTED_EDGE('',*,*,#1883,.F.);
#1905 = ORIENTED_EDGE('',*,*,#1101,.F.);
#1906 = ORIENTED_EDGE('',*,*,#1346,.T.);
#1907 = ORIENTED_EDGE('',*,*,#1908,.F.);
#1908 = EDGE_CURVE('',#1909,#1339,#1911,.T.);
#1909 = VERTEX_POINT('',#1910);
#1910 = CARTESIAN_POINT('',(-2.975,-1.063242112547,-7.349999822023));
#1911 = LINE('',#1912,#1913);
#1912 = CARTESIAN_POINT('',(-2.975,-1.063242112547,-7.349999822023));
#1913 = VECTOR('',#1914,1.);
#1914 = DIRECTION('',(0.,0.998629534755,5.233595624294E-02));
#1915 = ORIENTED_EDGE('',*,*,#1916,.F.);
#1916 = EDGE_CURVE('',#1917,#1909,#1919,.T.);
#1917 = VERTEX_POINT('',#1918);
#1918 = CARTESIAN_POINT('',(-2.975,-2.7,-7.349999822023));
#1919 = LINE('',#1920,#1921);
#1920 = CARTESIAN_POINT('',(-2.975,-2.7,-7.349999822023));
#1921 = VECTOR('',#1922,1.);
#1922 = DIRECTION('',(0.,1.,0.));
#1923 = ORIENTED_EDGE('',*,*,#1924,.F.);
#1924 = EDGE_CURVE('',#1884,#1917,#1925,.T.);
#1925 = LINE('',#1926,#1927);
#1926 = CARTESIAN_POINT('',(-2.975,-2.7,-7.986942822023));
#1927 = VECTOR('',#1928,1.);
#1928 = DIRECTION('',(0.,0.,1.));
#1929 = PLANE('',#1930);
#1930 = AXIS2_PLACEMENT_3D('',#1931,#1932,#1933);
#1931 = CARTESIAN_POINT('',(-2.975,2.7,-8.2));
#1932 = DIRECTION('',(-1.,0.,0.));
#1933 = DIRECTION('',(0.,1.,0.));
#1934 = ADVANCED_FACE('',(#1935),#1946,.F.);
#1935 = FACE_BOUND('',#1936,.F.);
#1936 = EDGE_LOOP('',(#1937,#1938,#1939,#1940));
#1937 = ORIENTED_EDGE('',*,*,#1908,.T.);
#1938 = ORIENTED_EDGE('',*,*,#1338,.T.);
#1939 = ORIENTED_EDGE('',*,*,#1865,.F.);
#1940 = ORIENTED_EDGE('',*,*,#1941,.F.);
#1941 = EDGE_CURVE('',#1909,#1858,#1942,.T.);
#1942 = LINE('',#1943,#1944);
#1943 = CARTESIAN_POINT('',(-2.975,-1.063242112547,-7.349999822023));
#1944 = VECTOR('',#1945,1.);
#1945 = DIRECTION('',(-1.,0.,0.));
#1946 = PLANE('',#1947);
#1947 = AXIS2_PLACEMENT_3D('',#1948,#1949,#1950);
#1948 = CARTESIAN_POINT('',(-2.975,-1.063242112547,-7.349999822023));
#1949 = DIRECTION('',(0.,-5.233595624294E-02,0.998629534755));
#1950 = DIRECTION('',(0.,0.998629534755,5.233595624294E-02));
#1951 = ADVANCED_FACE('',(#1952),#2011,.F.);
#1952 = FACE_BOUND('',#1953,.F.);
#1953 = EDGE_LOOP('',(#1954,#1964,#1972,#1980,#1986,#1987,#1988,#1989,
    #1997,#2005));
#1954 = ORIENTED_EDGE('',*,*,#1955,.T.);
#1955 = EDGE_CURVE('',#1956,#1958,#1960,.T.);
#1956 = VERTEX_POINT('',#1957);
#1957 = CARTESIAN_POINT('',(-3.56360298,-1.96234237,-7.349999822023));
#1958 = VERTEX_POINT('',#1959);
#1959 = CARTESIAN_POINT('',(-3.43639702,-1.96234237,-7.349999822023));
#1960 = LINE('',#1961,#1962);
#1961 = CARTESIAN_POINT('',(-3.56360298,-1.96234237,-7.349999822023));
#1962 = VECTOR('',#1963,1.);
#1963 = DIRECTION('',(1.,0.,0.));
#1964 = ORIENTED_EDGE('',*,*,#1965,.T.);
#1965 = EDGE_CURVE('',#1958,#1966,#1968,.T.);
#1966 = VERTEX_POINT('',#1967);
#1967 = CARTESIAN_POINT('',(-3.236397005465,-2.511837893824,
    -7.349999822023));
#1968 = LINE('',#1969,#1970);
#1969 = CARTESIAN_POINT('',(-3.43639702,-1.96234237,-7.349999822023));
#1970 = VECTOR('',#1971,1.);
#1971 = DIRECTION('',(0.342020143326,-0.939692620786,0.));
#1972 = ORIENTED_EDGE('',*,*,#1973,.T.);
#1973 = EDGE_CURVE('',#1966,#1974,#1976,.T.);
#1974 = VERTEX_POINT('',#1975);
#1975 = CARTESIAN_POINT('',(-3.20000025,-2.7,-7.349999822023));
#1976 = LINE('',#1977,#1978);
#1977 = CARTESIAN_POINT('',(-3.236397005465,-2.511837893824,
    -7.349999822023));
#1978 = VECTOR('',#1979,1.);
#1979 = DIRECTION('',(0.189912682589,-0.981800984412,0.));
#1980 = ORIENTED_EDGE('',*,*,#1981,.F.);
#1981 = EDGE_CURVE('',#1917,#1974,#1982,.T.);
#1982 = LINE('',#1983,#1984);
#1983 = CARTESIAN_POINT('',(-2.975,-2.7,-7.349999822023));
#1984 = VECTOR('',#1985,1.);
#1985 = DIRECTION('',(-1.,0.,0.));
#1986 = ORIENTED_EDGE('',*,*,#1916,.T.);
#1987 = ORIENTED_EDGE('',*,*,#1941,.T.);
#1988 = ORIENTED_EDGE('',*,*,#1857,.F.);
#1989 = ORIENTED_EDGE('',*,*,#1990,.F.);
#1990 = EDGE_CURVE('',#1991,#1850,#1993,.T.);
#1991 = VERTEX_POINT('',#1992);
#1992 = CARTESIAN_POINT('',(-3.79999975,-2.7,-7.349999822023));
#1993 = LINE('',#1994,#1995);
#1994 = CARTESIAN_POINT('',(-3.79999975,-2.7,-7.349999822023));
#1995 = VECTOR('',#1996,1.);
#1996 = DIRECTION('',(-1.,0.,0.));
#1997 = ORIENTED_EDGE('',*,*,#1998,.T.);
#1998 = EDGE_CURVE('',#1991,#1999,#2001,.T.);
#1999 = VERTEX_POINT('',#2000);
#2000 = CARTESIAN_POINT('',(-3.763602994535,-2.511837893824,
    -7.349999822023));
#2001 = LINE('',#2002,#2003);
#2002 = CARTESIAN_POINT('',(-3.79999975,-2.7,-7.349999822023));
#2003 = VECTOR('',#2004,1.);
#2004 = DIRECTION('',(0.189912682589,0.981800984412,0.));
#2005 = ORIENTED_EDGE('',*,*,#2006,.T.);
#2006 = EDGE_CURVE('',#1999,#1956,#2007,.T.);
#2007 = LINE('',#2008,#2009);
#2008 = CARTESIAN_POINT('',(-3.763602994535,-2.511837893824,
    -7.349999822023));
#2009 = VECTOR('',#2010,1.);
#2010 = DIRECTION('',(0.342020143326,0.939692620786,0.));
#2011 = PLANE('',#2012);
#2012 = AXIS2_PLACEMENT_3D('',#2013,#2014,#2015);
#2013 = CARTESIAN_POINT('',(-2.975,-2.7,-7.349999822023));
#2014 = DIRECTION('',(0.,0.,1.));
#2015 = DIRECTION('',(0.,1.,0.));
#2016 = ADVANCED_FACE('',(#2017),#2068,.T.);
#2017 = FACE_BOUND('',#2018,.F.);
#2018 = EDGE_LOOP('',(#2019,#2034,#2042,#2055,#2061,#2062));
#2019 = ORIENTED_EDGE('',*,*,#2020,.F.);
#2020 = EDGE_CURVE('',#2021,#2023,#2025,.T.);
#2021 = VERTEX_POINT('',#2022);
#2022 = CARTESIAN_POINT('',(-3.661749350903,-2.511837853891,
    -7.549999822023));
#2023 = VERTEX_POINT('',#2024);
#2024 = CARTESIAN_POINT('',(-3.722267135268,-2.398268553874,
    -7.508663977291));
#2025 = B_SPLINE_CURVE_WITH_KNOTS('',3,(#2026,#2027,#2028,#2029,#2030,
    #2031,#2032,#2033),.UNSPECIFIED.,.F.,.F.,(4,1,1,1,1,4),(0.,0.125,
    0.25,0.5,0.75,1.),.UNSPECIFIED.);
#2026 = CARTESIAN_POINT('',(-3.661749350903,-2.511837853891,
    -7.549999822023));
#2027 = CARTESIAN_POINT('',(-3.668963778701,-2.511837853891,
    -7.549999822023));
#2028 = CARTESIAN_POINT('',(-3.679765129204,-2.508180047231,
    -7.548668489276));
#2029 = CARTESIAN_POINT('',(-3.695547854248,-2.494995842065,
    -7.543869831033));
#2030 = CARTESIAN_POINT('',(-3.708427795356,-2.471609913265,
    -7.535358049049));
#2031 = CARTESIAN_POINT('',(-3.717944500841,-2.437557962863,
    -7.522964152684));
#2032 = CARTESIAN_POINT('',(-3.721251280823,-2.411793597576,
    -7.513586690615));
#2033 = CARTESIAN_POINT('',(-3.722267135268,-2.398268553874,
    -7.508663977291));
#2034 = ORIENTED_EDGE('',*,*,#2035,.T.);
#2035 = EDGE_CURVE('',#2021,#2036,#2038,.T.);
#2036 = VERTEX_POINT('',#2037);
#2037 = CARTESIAN_POINT('',(-3.338250649097,-2.511837853891,
    -7.549999822023));
#2038 = LINE('',#2039,#2040);
#2039 = CARTESIAN_POINT('',(-3.661749350903,-2.511837853891,
    -7.549999822023));
#2040 = VECTOR('',#2041,1.);
#2041 = DIRECTION('',(1.,0.,0.));
#2042 = ORIENTED_EDGE('',*,*,#2043,.F.);
#2043 = EDGE_CURVE('',#2044,#2036,#2046,.T.);
#2044 = VERTEX_POINT('',#2045);
#2045 = CARTESIAN_POINT('',(-3.277732864732,-2.398268553874,
    -7.508663977291));
#2046 = B_SPLINE_CURVE_WITH_KNOTS('',3,(#2047,#2048,#2049,#2050,#2051,
    #2052,#2053,#2054),.UNSPECIFIED.,.F.,.F.,(4,1,1,1,1,4),(0.,0.25,0.5,
    0.75,0.875,1.),.UNSPECIFIED.);
#2047 = CARTESIAN_POINT('',(-3.277732864732,-2.398268553874,
    -7.508663977291));
#2048 = CARTESIAN_POINT('',(-3.278748719177,-2.411793597576,
    -7.513586690615));
#2049 = CARTESIAN_POINT('',(-3.282055499159,-2.437557962863,
    -7.522964152684));
#2050 = CARTESIAN_POINT('',(-3.291572204644,-2.471609913265,
    -7.535358049049));
#2051 = CARTESIAN_POINT('',(-3.304452145752,-2.494995842065,
    -7.543869831033));
#2052 = CARTESIAN_POINT('',(-3.320234870796,-2.508180047231,
    -7.548668489276));
#2053 = CARTESIAN_POINT('',(-3.331036221299,-2.511837853891,
    -7.549999822023));
#2054 = CARTESIAN_POINT('',(-3.338250649097,-2.511837853891,
    -7.549999822023));
#2055 = ORIENTED_EDGE('',*,*,#2056,.T.);
#2056 = EDGE_CURVE('',#2044,#1958,#2057,.T.);
#2057 = LINE('',#2058,#2059);
#2058 = CARTESIAN_POINT('',(-3.277732864732,-2.398268553874,
    -7.508663977291));
#2059 = VECTOR('',#2060,1.);
#2060 = DIRECTION('',(-0.323615577118,0.889126490716,0.323615577118));
#2061 = ORIENTED_EDGE('',*,*,#1955,.F.);
#2062 = ORIENTED_EDGE('',*,*,#2063,.T.);
#2063 = EDGE_CURVE('',#1956,#2023,#2064,.T.);
#2064 = LINE('',#2065,#2066);
#2065 = CARTESIAN_POINT('',(-3.56360298,-1.96234237,-7.349999822023));
#2066 = VECTOR('',#2067,1.);
#2067 = DIRECTION('',(-0.323615577118,-0.889126490716,-0.323615577118));
#2068 = PLANE('',#2069);
#2069 = AXIS2_PLACEMENT_3D('',#2070,#2071,#2072);
#2070 = CARTESIAN_POINT('',(-3.5,-2.237090111945,-7.449999822023));
#2071 = DIRECTION('',(0.,0.342020143326,-0.939692620786));
#2072 = DIRECTION('',(0.,0.939692620786,0.342020143326));
#2073 = ADVANCED_FACE('',(#2074),#2120,.T.);
#2074 = FACE_BOUND('',#2075,.T.);
#2075 = EDGE_LOOP('',(#2076,#2084,#2098,#2106,#2119));
#2076 = ORIENTED_EDGE('',*,*,#2077,.F.);
#2077 = EDGE_CURVE('',#2078,#2021,#2080,.T.);
#2078 = VERTEX_POINT('',#2079);
#2079 = CARTESIAN_POINT('',(-3.698146114092,-2.7,-7.549999822023));
#2080 = LINE('',#2081,#2082);
#2081 = CARTESIAN_POINT('',(-3.698146114092,-2.7,-7.549999822023));
#2082 = VECTOR('',#2083,1.);
#2083 = DIRECTION('',(0.189912682589,0.981800984412,0.));
#2084 = ORIENTED_EDGE('',*,*,#2085,.F.);
#2085 = EDGE_CURVE('',#2086,#2078,#2088,.T.);
#2086 = VERTEX_POINT('',#2087);
#2087 = CARTESIAN_POINT('',(-3.79999975,-2.7,-7.449999822023));
#2088 = B_SPLINE_CURVE_WITH_KNOTS('',3,(#2089,#2090,#2091,#2092,#2093,
    #2094,#2095,#2096,#2097),.UNSPECIFIED.,.F.,.F.,(4,1,1,1,1,1,4),(0.,
    0.125,0.25,0.5,0.75,0.875,1.),.UNSPECIFIED.);
#2089 = CARTESIAN_POINT('',(-3.79999975,-2.7,-7.449999822023));
#2090 = CARTESIAN_POINT('',(-3.79999975,-2.7,-7.458410390186));
#2091 = CARTESIAN_POINT('',(-3.797960478724,-2.7,-7.473192255235));
#2092 = CARTESIAN_POINT('',(-3.789119667362,-2.7,-7.497993716525));
#2093 = CARTESIAN_POINT('',(-3.771394465549,-2.7,-7.522321355525));
#2094 = CARTESIAN_POINT('',(-3.746564634205,-2.7,-7.539544364996));
#2095 = CARTESIAN_POINT('',(-3.721439805917,-2.7,-7.548061809359));
#2096 = CARTESIAN_POINT('',(-3.706556682255,-2.7,-7.549999822023));
#2097 = CARTESIAN_POINT('',(-3.698146114092,-2.7,-7.549999822023));
#2098 = ORIENTED_EDGE('',*,*,#2099,.T.);
#2099 = EDGE_CURVE('',#2086,#2100,#2102,.T.);
#2100 = VERTEX_POINT('',#2101);
#2101 = CARTESIAN_POINT('',(-3.763602994535,-2.511837893824,
    -7.449999822023));
#2102 = LINE('',#2103,#2104);
#2103 = CARTESIAN_POINT('',(-3.79999975,-2.7,-7.449999822023));
#2104 = VECTOR('',#2105,1.);
#2105 = DIRECTION('',(0.189912682589,0.981800984412,0.));
#2106 = ORIENTED_EDGE('',*,*,#2107,.F.);
#2107 = EDGE_CURVE('',#2023,#2100,#2108,.T.);
#2108 = B_SPLINE_CURVE_WITH_KNOTS('',3,(#2109,#2110,#2111,#2112,#2113,
    #2114,#2115,#2116,#2117,#2118),.UNSPECIFIED.,.F.,.F.,(4,1,1,1,1,1,1,
    4),(0.,0.25,0.5,0.625,0.75,0.875,0.9375,1.),.UNSPECIFIED.);
#2109 = CARTESIAN_POINT('',(-3.722267135268,-2.398268553874,
    -7.508663977291));
#2110 = CARTESIAN_POINT('',(-3.726614590555,-2.410213089107,
    -7.505903132423));
#2111 = CARTESIAN_POINT('',(-3.735112959648,-2.433562166295,
    -7.499918208719));
#2112 = CARTESIAN_POINT('',(-3.745061559283,-2.460895719145,
    -7.490847632547));
#2113 = CARTESIAN_POINT('',(-3.75236179896,-2.480952962815,
    -7.482038804976));
#2114 = CARTESIAN_POINT('',(-3.757357555765,-2.494678691832,
    -7.474302219279));
#2115 = CARTESIAN_POINT('',(-3.760923944375,-2.504477264007,
    -7.466448586908));
#2116 = CARTESIAN_POINT('',(-3.763001502325,-2.51018530756,
    -7.45833775916));
#2117 = CARTESIAN_POINT('',(-3.763602994535,-2.511837893824,
    -7.453251692194));
#2118 = CARTESIAN_POINT('',(-3.763602994535,-2.511837893824,
    -7.449999822023));
#2119 = ORIENTED_EDGE('',*,*,#2020,.F.);
#2120 = CYLINDRICAL_SURFACE('',#2121,0.1);
#2121 = AXIS2_PLACEMENT_3D('',#2122,#2123,#2124);
#2122 = CARTESIAN_POINT('',(-9.131283701787,-30.78796,-7.449999822023));
#2123 = DIRECTION('',(0.189912682589,0.981800984412,0.));
#2124 = DIRECTION('',(0.,0.,-1.));
#2125 = ADVANCED_FACE('',(#2126),#2137,.T.);
#2126 = FACE_BOUND('',#2127,.F.);
#2127 = EDGE_LOOP('',(#2128,#2129,#2130,#2131));
#2128 = ORIENTED_EDGE('',*,*,#2107,.F.);
#2129 = ORIENTED_EDGE('',*,*,#2063,.F.);
#2130 = ORIENTED_EDGE('',*,*,#2006,.F.);
#2131 = ORIENTED_EDGE('',*,*,#2132,.T.);
#2132 = EDGE_CURVE('',#1999,#2100,#2133,.T.);
#2133 = LINE('',#2134,#2135);
#2134 = CARTESIAN_POINT('',(-3.763602994535,-2.511837893824,
    -7.349999822023));
#2135 = VECTOR('',#2136,1.);
#2136 = DIRECTION('',(0.,0.,-1.));
#2137 = PLANE('',#2138);
#2138 = AXIS2_PLACEMENT_3D('',#2139,#2140,#2141);
#2139 = CARTESIAN_POINT('',(-3.763602994535,-2.511837893824,
    -7.349999822023));
#2140 = DIRECTION('',(-0.939692620786,0.342020143326,0.));
#2141 = DIRECTION('',(0.342020143326,0.939692620786,0.));
#2142 = ADVANCED_FACE('',(#2143),#2154,.T.);
#2143 = FACE_BOUND('',#2144,.F.);
#2144 = EDGE_LOOP('',(#2145,#2146,#2147,#2148));
#2145 = ORIENTED_EDGE('',*,*,#2099,.T.);
#2146 = ORIENTED_EDGE('',*,*,#2132,.F.);
#2147 = ORIENTED_EDGE('',*,*,#1998,.F.);
#2148 = ORIENTED_EDGE('',*,*,#2149,.T.);
#2149 = EDGE_CURVE('',#1991,#2086,#2150,.T.);
#2150 = LINE('',#2151,#2152);
#2151 = CARTESIAN_POINT('',(-3.79999975,-2.7,-7.349999822023));
#2152 = VECTOR('',#2153,1.);
#2153 = DIRECTION('',(1.33226762955E-14,0.,-1.));
#2154 = PLANE('',#2155);
#2155 = AXIS2_PLACEMENT_3D('',#2156,#2157,#2158);
#2156 = CARTESIAN_POINT('',(-3.79999975,-2.7,-7.349999822023));
#2157 = DIRECTION('',(-0.981800984412,0.189912682589,0.));
#2158 = DIRECTION('',(0.189912682589,0.981800984412,0.));
#2159 = ADVANCED_FACE('',(#2160),#2197,.F.);
#2160 = FACE_BOUND('',#2161,.F.);
#2161 = EDGE_LOOP('',(#2162,#2170,#2184,#2190,#2191,#2192,#2193,#2194,
    #2195,#2196));
#2162 = ORIENTED_EDGE('',*,*,#2163,.T.);
#2163 = EDGE_CURVE('',#1974,#2164,#2166,.T.);
#2164 = VERTEX_POINT('',#2165);
#2165 = CARTESIAN_POINT('',(-3.20000025,-2.7,-7.449999822023));
#2166 = LINE('',#2167,#2168);
#2167 = CARTESIAN_POINT('',(-3.20000025,-2.7,-7.349999822023));
#2168 = VECTOR('',#2169,1.);
#2169 = DIRECTION('',(1.33226762955E-14,0.,-1.));
#2170 = ORIENTED_EDGE('',*,*,#2171,.F.);
#2171 = EDGE_CURVE('',#2172,#2164,#2174,.T.);
#2172 = VERTEX_POINT('',#2173);
#2173 = CARTESIAN_POINT('',(-3.301853885908,-2.7,-7.549999822023));
#2174 = B_SPLINE_CURVE_WITH_KNOTS('',3,(#2175,#2176,#2177,#2178,#2179,
    #2180,#2181,#2182,#2183),.UNSPECIFIED.,.F.,.F.,(4,1,1,1,1,1,4),(0.,
    0.125,0.25,0.5,0.75,0.875,1.),.UNSPECIFIED.);
#2175 = CARTESIAN_POINT('',(-3.301853885908,-2.7,-7.549999822023));
#2176 = CARTESIAN_POINT('',(-3.293443317745,-2.7,-7.549999822023));
#2177 = CARTESIAN_POINT('',(-3.278560194083,-2.7,-7.548061809359));
#2178 = CARTESIAN_POINT('',(-3.253435365795,-2.7,-7.539544364996));
#2179 = CARTESIAN_POINT('',(-3.228605534451,-2.7,-7.522321355525));
#2180 = CARTESIAN_POINT('',(-3.210880332638,-2.7,-7.497993716525));
#2181 = CARTESIAN_POINT('',(-3.202039521276,-2.7,-7.473192255235));
#2182 = CARTESIAN_POINT('',(-3.20000025,-2.7,-7.458410390186));
#2183 = CARTESIAN_POINT('',(-3.20000025,-2.7,-7.449999822023));
#2184 = ORIENTED_EDGE('',*,*,#2185,.F.);
#2185 = EDGE_CURVE('',#2078,#2172,#2186,.T.);
#2186 = LINE('',#2187,#2188);
#2187 = CARTESIAN_POINT('',(-3.698146114092,-2.7,-7.549999822023));
#2188 = VECTOR('',#2189,1.);
#2189 = DIRECTION('',(1.,0.,0.));
#2190 = ORIENTED_EDGE('',*,*,#2085,.F.);
#2191 = ORIENTED_EDGE('',*,*,#2149,.F.);
#2192 = ORIENTED_EDGE('',*,*,#1990,.T.);
#2193 = ORIENTED_EDGE('',*,*,#1849,.F.);
#2194 = ORIENTED_EDGE('',*,*,#1891,.F.);
#2195 = ORIENTED_EDGE('',*,*,#1924,.T.);
#2196 = ORIENTED_EDGE('',*,*,#1981,.T.);
#2197 = PLANE('',#2198);
#2198 = AXIS2_PLACEMENT_3D('',#2199,#2200,#2201);
#2199 = CARTESIAN_POINT('',(-2.975,-2.7,-7.986942822023));
#2200 = DIRECTION('',(0.,-1.,0.));
#2201 = DIRECTION('',(0.,0.,1.));
#2202 = ADVANCED_FACE('',(#2203),#2221,.T.);
#2203 = FACE_BOUND('',#2204,.F.);
#2204 = EDGE_LOOP('',(#2205,#2213,#2214,#2215));
#2205 = ORIENTED_EDGE('',*,*,#2206,.T.);
#2206 = EDGE_CURVE('',#2207,#2164,#2209,.T.);
#2207 = VERTEX_POINT('',#2208);
#2208 = CARTESIAN_POINT('',(-3.236397005465,-2.511837893824,
    -7.449999822023));
#2209 = LINE('',#2210,#2211);
#2210 = CARTESIAN_POINT('',(-3.236397005465,-2.511837893824,
    -7.449999822023));
#2211 = VECTOR('',#2212,1.);
#2212 = DIRECTION('',(0.189912682589,-0.981800984412,-1.065907088516E-13
    ));
#2213 = ORIENTED_EDGE('',*,*,#2163,.F.);
#2214 = ORIENTED_EDGE('',*,*,#1973,.F.);
#2215 = ORIENTED_EDGE('',*,*,#2216,.T.);
#2216 = EDGE_CURVE('',#1966,#2207,#2217,.T.);
#2217 = LINE('',#2218,#2219);
#2218 = CARTESIAN_POINT('',(-3.236397005465,-2.511837893824,
    -7.349999822023));
#2219 = VECTOR('',#2220,1.);
#2220 = DIRECTION('',(1.776356839401E-14,-2.664535259101E-14,-1.));
#2221 = PLANE('',#2222);
#2222 = AXIS2_PLACEMENT_3D('',#2223,#2224,#2225);
#2223 = CARTESIAN_POINT('',(-3.236397005465,-2.511837893824,
    -7.349999822023));
#2224 = DIRECTION('',(0.981800984412,0.189912682589,0.));
#2225 = DIRECTION('',(0.189912682589,-0.981800984412,0.));
#2226 = ADVANCED_FACE('',(#2227),#2251,.T.);
#2227 = FACE_BOUND('',#2228,.T.);
#2228 = EDGE_LOOP('',(#2229,#2230,#2236,#2237,#2250));
#2229 = ORIENTED_EDGE('',*,*,#2171,.F.);
#2230 = ORIENTED_EDGE('',*,*,#2231,.F.);
#2231 = EDGE_CURVE('',#2036,#2172,#2232,.T.);
#2232 = LINE('',#2233,#2234);
#2233 = CARTESIAN_POINT('',(-3.338250649097,-2.511837853891,
    -7.549999822023));
#2234 = VECTOR('',#2235,1.);
#2235 = DIRECTION('',(0.189912682589,-0.981800984412,0.));
#2236 = ORIENTED_EDGE('',*,*,#2043,.F.);
#2237 = ORIENTED_EDGE('',*,*,#2238,.F.);
#2238 = EDGE_CURVE('',#2207,#2044,#2239,.T.);
#2239 = B_SPLINE_CURVE_WITH_KNOTS('',3,(#2240,#2241,#2242,#2243,#2244,
    #2245,#2246,#2247,#2248,#2249),.UNSPECIFIED.,.F.,.F.,(4,1,1,1,1,1,1,
    4),(0.,6.25E-02,0.125,0.25,0.375,0.5,0.75,1.),.UNSPECIFIED.);
#2240 = CARTESIAN_POINT('',(-3.236397005465,-2.511837893824,
    -7.449999822023));
#2241 = CARTESIAN_POINT('',(-3.236397005465,-2.511837893824,
    -7.453251692194));
#2242 = CARTESIAN_POINT('',(-3.236998497675,-2.51018530756,
    -7.45833775916));
#2243 = CARTESIAN_POINT('',(-3.239076055624,-2.504477264007,
    -7.466448586908));
#2244 = CARTESIAN_POINT('',(-3.242642444235,-2.494678691832,
    -7.474302219279));
#2245 = CARTESIAN_POINT('',(-3.24763820104,-2.480952962815,
    -7.482038804976));
#2246 = CARTESIAN_POINT('',(-3.254938440717,-2.460895719145,
    -7.490847632547));
#2247 = CARTESIAN_POINT('',(-3.264887040352,-2.433562166295,
    -7.499918208719));
#2248 = CARTESIAN_POINT('',(-3.273385409445,-2.410213089107,
    -7.505903132423));
#2249 = CARTESIAN_POINT('',(-3.277732864732,-2.398268553874,
    -7.508663977291));
#2250 = ORIENTED_EDGE('',*,*,#2206,.T.);
#2251 = CYLINDRICAL_SURFACE('',#2252,0.1);
#2252 = AXIS2_PLACEMENT_3D('',#2253,#2254,#2255);
#2253 = CARTESIAN_POINT('',(-9.102514120908,27.28796,-7.449999822023));
#2254 = DIRECTION('',(0.189912682589,-0.981800984412,0.));
#2255 = DIRECTION('',(-1.650532443155E-14,-3.192673963013E-15,-1.));
#2256 = ADVANCED_FACE('',(#2257),#2263,.T.);
#2257 = FACE_BOUND('',#2258,.F.);
#2258 = EDGE_LOOP('',(#2259,#2260,#2261,#2262));
#2259 = ORIENTED_EDGE('',*,*,#2238,.F.);
#2260 = ORIENTED_EDGE('',*,*,#2216,.F.);
#2261 = ORIENTED_EDGE('',*,*,#1965,.F.);
#2262 = ORIENTED_EDGE('',*,*,#2056,.F.);
#2263 = PLANE('',#2264);
#2264 = AXIS2_PLACEMENT_3D('',#2265,#2266,#2267);
#2265 = CARTESIAN_POINT('',(-3.43639702,-1.96234237,-7.349999822023));
#2266 = DIRECTION('',(0.939692620786,0.342020143326,0.));
#2267 = DIRECTION('',(0.342020143326,-0.939692620786,0.));
#2268 = ADVANCED_FACE('',(#2269),#2275,.T.);
#2269 = FACE_BOUND('',#2270,.F.);
#2270 = EDGE_LOOP('',(#2271,#2272,#2273,#2274));
#2271 = ORIENTED_EDGE('',*,*,#2077,.F.);
#2272 = ORIENTED_EDGE('',*,*,#2185,.T.);
#2273 = ORIENTED_EDGE('',*,*,#2231,.F.);
#2274 = ORIENTED_EDGE('',*,*,#2035,.F.);
#2275 = PLANE('',#2276);
#2276 = AXIS2_PLACEMENT_3D('',#2277,#2278,#2279);
#2277 = CARTESIAN_POINT('',(-2.975,2.7,-7.549999822023));
#2278 = DIRECTION('',(0.,0.,-1.));
#2279 = DIRECTION('',(1.,0.,0.));
#2280 = ADVANCED_FACE('',(#2281),#2300,.T.);
#2281 = FACE_BOUND('',#2282,.T.);
#2282 = EDGE_LOOP('',(#2283,#2284,#2285,#2293));
#2283 = ORIENTED_EDGE('',*,*,#1085,.T.);
#2284 = ORIENTED_EDGE('',*,*,#1353,.F.);
#2285 = ORIENTED_EDGE('',*,*,#2286,.T.);
#2286 = EDGE_CURVE('',#1354,#2287,#2289,.T.);
#2287 = VERTEX_POINT('',#2288);
#2288 = CARTESIAN_POINT('',(-2.129903810568,0.4,-7.975));
#2289 = LINE('',#2290,#2291);
#2290 = CARTESIAN_POINT('',(-2.129903810568,2.7,-7.975));
#2291 = VECTOR('',#2292,1.);
#2292 = DIRECTION('',(0.,-1.,0.));
#2293 = ORIENTED_EDGE('',*,*,#2294,.F.);
#2294 = EDGE_CURVE('',#1078,#2287,#2295,.T.);
#2295 = CIRCLE('',#2296,0.15);
#2296 = AXIS2_PLACEMENT_3D('',#2297,#2298,#2299);
#2297 = CARTESIAN_POINT('',(-2.259807621135,0.4,-8.05));
#2298 = DIRECTION('',(0.,-1.,0.));
#2299 = DIRECTION('',(0.,0.,-1.));
#2300 = CYLINDRICAL_SURFACE('',#2301,0.15);
#2301 = AXIS2_PLACEMENT_3D('',#2302,#2303,#2304);
#2302 = CARTESIAN_POINT('',(-2.259807621135,2.7,-8.05));
#2303 = DIRECTION('',(0.,1.,0.));
#2304 = DIRECTION('',(-1.,0.,0.));
#2305 = ADVANCED_FACE('',(#2306),#2382,.T.);
#2306 = FACE_BOUND('',#2307,.F.);
#2307 = EDGE_LOOP('',(#2308,#2318,#2324,#2325,#2334,#2342,#2351,#2359,
    #2368,#2374,#2375,#2376));
#2308 = ORIENTED_EDGE('',*,*,#2309,.T.);
#2309 = EDGE_CURVE('',#2310,#2312,#2314,.T.);
#2310 = VERTEX_POINT('',#2311);
#2311 = CARTESIAN_POINT('',(-2.1,0.4,-7.44));
#2312 = VERTEX_POINT('',#2313);
#2313 = CARTESIAN_POINT('',(-1.4,0.4,-7.44));
#2314 = LINE('',#2315,#2316);
#2315 = CARTESIAN_POINT('',(-2.1,0.4,-7.44));
#2316 = VECTOR('',#2317,1.);
#2317 = DIRECTION('',(1.,0.,0.));
#2318 = ORIENTED_EDGE('',*,*,#2319,.F.);
#2319 = EDGE_CURVE('',#1046,#2312,#2320,.T.);
#2320 = LINE('',#2321,#2322);
#2321 = CARTESIAN_POINT('',(-1.4,0.4,-8.2));
#2322 = VECTOR('',#2323,1.);
#2323 = DIRECTION('',(0.,0.,1.));
#2324 = ORIENTED_EDGE('',*,*,#1045,.F.);
#2325 = ORIENTED_EDGE('',*,*,#2326,.F.);
#2326 = EDGE_CURVE('',#2327,#1038,#2329,.T.);
#2327 = VERTEX_POINT('',#2328);
#2328 = CARTESIAN_POINT('',(-1.370096189432,0.4,-7.975));
#2329 = CIRCLE('',#2330,0.15);
#2330 = AXIS2_PLACEMENT_3D('',#2331,#2332,#2333);
#2331 = CARTESIAN_POINT('',(-1.240192378865,0.4,-8.05));
#2332 = DIRECTION('',(0.,-1.,0.));
#2333 = DIRECTION('',(-0.866025403784,0.,0.5));
#2334 = ORIENTED_EDGE('',*,*,#2335,.F.);
#2335 = EDGE_CURVE('',#2336,#2327,#2338,.T.);
#2336 = VERTEX_POINT('',#2337);
#2337 = CARTESIAN_POINT('',(-1.081421054838,0.4,-7.475));
#2338 = LINE('',#2339,#2340);
#2339 = CARTESIAN_POINT('',(-1.081421054838,0.4,-7.475));
#2340 = VECTOR('',#2341,1.);
#2341 = DIRECTION('',(-0.5,0.,-0.866025403784));
#2342 = ORIENTED_EDGE('',*,*,#2343,.F.);
#2343 = EDGE_CURVE('',#2344,#2336,#2346,.T.);
#2344 = VERTEX_POINT('',#2345);
#2345 = CARTESIAN_POINT('',(-1.124722325027,0.4,-7.4));
#2346 = CIRCLE('',#2347,5.E-02);
#2347 = AXIS2_PLACEMENT_3D('',#2348,#2349,#2350);
#2348 = CARTESIAN_POINT('',(-1.124722325027,0.4,-7.45));
#2349 = DIRECTION('',(0.,1.,0.));
#2350 = DIRECTION('',(0.,-0.,1.));
#2351 = ORIENTED_EDGE('',*,*,#2352,.F.);
#2352 = EDGE_CURVE('',#2353,#2344,#2355,.T.);
#2353 = VERTEX_POINT('',#2354);
#2354 = CARTESIAN_POINT('',(-2.375277674973,0.4,-7.4));
#2355 = LINE('',#2356,#2357);
#2356 = CARTESIAN_POINT('',(-2.375277674973,0.4,-7.4));
#2357 = VECTOR('',#2358,1.);
#2358 = DIRECTION('',(1.,0.,0.));
#2359 = ORIENTED_EDGE('',*,*,#2360,.F.);
#2360 = EDGE_CURVE('',#2361,#2353,#2363,.T.);
#2361 = VERTEX_POINT('',#2362);
#2362 = CARTESIAN_POINT('',(-2.418578945162,0.4,-7.475));
#2363 = CIRCLE('',#2364,5.E-02);
#2364 = AXIS2_PLACEMENT_3D('',#2365,#2366,#2367);
#2365 = CARTESIAN_POINT('',(-2.375277674973,0.4,-7.45));
#2366 = DIRECTION('',(0.,1.,0.));
#2367 = DIRECTION('',(-0.866025403784,0.,-0.5));
#2368 = ORIENTED_EDGE('',*,*,#2369,.F.);
#2369 = EDGE_CURVE('',#2287,#2361,#2370,.T.);
#2370 = LINE('',#2371,#2372);
#2371 = CARTESIAN_POINT('',(-2.129903810568,0.4,-7.975));
#2372 = VECTOR('',#2373,1.);
#2373 = DIRECTION('',(-0.5,0.,0.866025403784));
#2374 = ORIENTED_EDGE('',*,*,#2294,.F.);
#2375 = ORIENTED_EDGE('',*,*,#1077,.F.);
#2376 = ORIENTED_EDGE('',*,*,#2377,.T.);
#2377 = EDGE_CURVE('',#1070,#2310,#2378,.T.);
#2378 = LINE('',#2379,#2380);
#2379 = CARTESIAN_POINT('',(-2.1,0.4,-8.2));
#2380 = VECTOR('',#2381,1.);
#2381 = DIRECTION('',(0.,0.,1.));
#2382 = PLANE('',#2383);
#2383 = AXIS2_PLACEMENT_3D('',#2384,#2385,#2386);
#2384 = CARTESIAN_POINT('',(1.75,0.4,0.));
#2385 = DIRECTION('',(0.,1.,0.));
#2386 = DIRECTION('',(-1.,0.,0.));
#2387 = ADVANCED_FACE('',(#2388),#2404,.T.);
#2388 = FACE_BOUND('',#2389,.F.);
#2389 = EDGE_LOOP('',(#2390,#2391,#2397,#2398));
#2390 = ORIENTED_EDGE('',*,*,#1061,.F.);
#2391 = ORIENTED_EDGE('',*,*,#2392,.F.);
#2392 = EDGE_CURVE('',#2312,#1054,#2393,.T.);
#2393 = LINE('',#2394,#2395);
#2394 = CARTESIAN_POINT('',(-1.4,0.4,-7.44));
#2395 = VECTOR('',#2396,1.);
#2396 = DIRECTION('',(0.,-0.984794882735,-0.173721152825));
#2397 = ORIENTED_EDGE('',*,*,#2309,.F.);
#2398 = ORIENTED_EDGE('',*,*,#2399,.T.);
#2399 = EDGE_CURVE('',#2310,#1062,#2400,.T.);
#2400 = LINE('',#2401,#2402);
#2401 = CARTESIAN_POINT('',(-2.1,0.4,-7.44));
#2402 = VECTOR('',#2403,1.);
#2403 = DIRECTION('',(0.,-0.984794882735,-0.173721152825));
#2404 = PLANE('',#2405);
#2405 = AXIS2_PLACEMENT_3D('',#2406,#2407,#2408);
#2406 = CARTESIAN_POINT('',(-1.4,0.4,-7.44));
#2407 = DIRECTION('',(0.,0.173721152825,-0.984794882735));
#2408 = DIRECTION('',(0.,-0.984794882735,-0.173721152825));
#2409 = ADVANCED_FACE('',(#2410),#2415,.F.);
#2410 = FACE_BOUND('',#2411,.F.);
#2411 = EDGE_LOOP('',(#2412,#2413,#2414));
#2412 = ORIENTED_EDGE('',*,*,#2392,.T.);
#2413 = ORIENTED_EDGE('',*,*,#1053,.T.);
#2414 = ORIENTED_EDGE('',*,*,#2319,.T.);
#2415 = PLANE('',#2416);
#2416 = AXIS2_PLACEMENT_3D('',#2417,#2418,#2419);
#2417 = CARTESIAN_POINT('',(-1.4,0.4,-7.44));
#2418 = DIRECTION('',(1.,0.,0.));
#2419 = DIRECTION('',(0.,0.,-1.));
#2420 = ADVANCED_FACE('',(#2421),#2426,.F.);
#2421 = FACE_BOUND('',#2422,.F.);
#2422 = EDGE_LOOP('',(#2423,#2424,#2425));
#2423 = ORIENTED_EDGE('',*,*,#2399,.F.);
#2424 = ORIENTED_EDGE('',*,*,#2377,.F.);
#2425 = ORIENTED_EDGE('',*,*,#1069,.F.);
#2426 = PLANE('',#2427);
#2427 = AXIS2_PLACEMENT_3D('',#2428,#2429,#2430);
#2428 = CARTESIAN_POINT('',(-2.1,0.4,-8.2));
#2429 = DIRECTION('',(-1.,0.,0.));
#2430 = DIRECTION('',(0.,0.,1.));
#2431 = ADVANCED_FACE('',(#2432),#2443,.T.);
#2432 = FACE_BOUND('',#2433,.T.);
#2433 = EDGE_LOOP('',(#2434,#2440,#2441,#2442));
#2434 = ORIENTED_EDGE('',*,*,#2435,.F.);
#2435 = EDGE_CURVE('',#1397,#2327,#2436,.T.);
#2436 = LINE('',#2437,#2438);
#2437 = CARTESIAN_POINT('',(-1.370096189432,2.7,-7.975));
#2438 = VECTOR('',#2439,1.);
#2439 = DIRECTION('',(0.,-1.,0.));
#2440 = ORIENTED_EDGE('',*,*,#1404,.F.);
#2441 = ORIENTED_EDGE('',*,*,#1037,.F.);
#2442 = ORIENTED_EDGE('',*,*,#2326,.F.);
#2443 = CYLINDRICAL_SURFACE('',#2444,0.15);
#2444 = AXIS2_PLACEMENT_3D('',#2445,#2446,#2447);
#2445 = CARTESIAN_POINT('',(-1.240192378865,2.7,-8.05));
#2446 = DIRECTION('',(0.,1.,0.));
#2447 = DIRECTION('',(-1.,0.,0.));
#2448 = ADVANCED_FACE('',(#2449),#2460,.F.);
#2449 = FACE_BOUND('',#2450,.F.);
#2450 = EDGE_LOOP('',(#2451,#2457,#2458,#2459));
#2451 = ORIENTED_EDGE('',*,*,#2452,.T.);
#2452 = EDGE_CURVE('',#1388,#2336,#2453,.T.);
#2453 = LINE('',#2454,#2455);
#2454 = CARTESIAN_POINT('',(-1.081421054838,2.7,-7.475));
#2455 = VECTOR('',#2456,1.);
#2456 = DIRECTION('',(0.,-1.,0.));
#2457 = ORIENTED_EDGE('',*,*,#2335,.T.);
#2458 = ORIENTED_EDGE('',*,*,#2435,.F.);
#2459 = ORIENTED_EDGE('',*,*,#1396,.F.);
#2460 = PLANE('',#2461);
#2461 = AXIS2_PLACEMENT_3D('',#2462,#2463,#2464);
#2462 = CARTESIAN_POINT('',(-1.081421054838,2.7,-7.475));
#2463 = DIRECTION('',(0.866025403784,0.,-0.5));
#2464 = DIRECTION('',(-0.5,0.,-0.866025403784));
#2465 = ADVANCED_FACE('',(#2466),#2477,.F.);
#2466 = FACE_BOUND('',#2467,.F.);
#2467 = EDGE_LOOP('',(#2468,#2474,#2475,#2476));
#2468 = ORIENTED_EDGE('',*,*,#2469,.T.);
#2469 = EDGE_CURVE('',#1380,#2344,#2470,.T.);
#2470 = LINE('',#2471,#2472);
#2471 = CARTESIAN_POINT('',(-1.124722325027,2.7,-7.4));
#2472 = VECTOR('',#2473,1.);
#2473 = DIRECTION('',(0.,-1.,0.));
#2474 = ORIENTED_EDGE('',*,*,#2343,.T.);
#2475 = ORIENTED_EDGE('',*,*,#2452,.F.);
#2476 = ORIENTED_EDGE('',*,*,#1387,.F.);
#2477 = CYLINDRICAL_SURFACE('',#2478,5.E-02);
#2478 = AXIS2_PLACEMENT_3D('',#2479,#2480,#2481);
#2479 = CARTESIAN_POINT('',(-1.124722325027,2.7,-7.45));
#2480 = DIRECTION('',(0.,1.,0.));
#2481 = DIRECTION('',(-1.,0.,0.));
#2482 = ADVANCED_FACE('',(#2483),#2494,.F.);
#2483 = FACE_BOUND('',#2484,.F.);
#2484 = EDGE_LOOP('',(#2485,#2486,#2487,#2493));
#2485 = ORIENTED_EDGE('',*,*,#2469,.F.);
#2486 = ORIENTED_EDGE('',*,*,#1379,.F.);
#2487 = ORIENTED_EDGE('',*,*,#2488,.T.);
#2488 = EDGE_CURVE('',#1371,#2353,#2489,.T.);
#2489 = LINE('',#2490,#2491);
#2490 = CARTESIAN_POINT('',(-2.375277674973,2.7,-7.4));
#2491 = VECTOR('',#2492,1.);
#2492 = DIRECTION('',(0.,-1.,0.));
#2493 = ORIENTED_EDGE('',*,*,#2352,.T.);
#2494 = PLANE('',#2495);
#2495 = AXIS2_PLACEMENT_3D('',#2496,#2497,#2498);
#2496 = CARTESIAN_POINT('',(-2.375277674973,2.7,-7.4));
#2497 = DIRECTION('',(0.,0.,1.));
#2498 = DIRECTION('',(1.,0.,-0.));
#2499 = ADVANCED_FACE('',(#2500),#2511,.F.);
#2500 = FACE_BOUND('',#2501,.F.);
#2501 = EDGE_LOOP('',(#2502,#2508,#2509,#2510));
#2502 = ORIENTED_EDGE('',*,*,#2503,.T.);
#2503 = EDGE_CURVE('',#1363,#2361,#2504,.T.);
#2504 = LINE('',#2505,#2506);
#2505 = CARTESIAN_POINT('',(-2.418578945162,2.7,-7.475));
#2506 = VECTOR('',#2507,1.);
#2507 = DIRECTION('',(0.,-1.,0.));
#2508 = ORIENTED_EDGE('',*,*,#2360,.T.);
#2509 = ORIENTED_EDGE('',*,*,#2488,.F.);
#2510 = ORIENTED_EDGE('',*,*,#1370,.F.);
#2511 = CYLINDRICAL_SURFACE('',#2512,5.E-02);
#2512 = AXIS2_PLACEMENT_3D('',#2513,#2514,#2515);
#2513 = CARTESIAN_POINT('',(-2.375277674973,2.7,-7.45));
#2514 = DIRECTION('',(0.,1.,0.));
#2515 = DIRECTION('',(-1.,0.,0.));
#2516 = ADVANCED_FACE('',(#2517),#2523,.F.);
#2517 = FACE_BOUND('',#2518,.F.);
#2518 = EDGE_LOOP('',(#2519,#2520,#2521,#2522));
#2519 = ORIENTED_EDGE('',*,*,#2286,.T.);
#2520 = ORIENTED_EDGE('',*,*,#2369,.T.);
#2521 = ORIENTED_EDGE('',*,*,#2503,.F.);
#2522 = ORIENTED_EDGE('',*,*,#1362,.F.);
#2523 = PLANE('',#2524);
#2524 = AXIS2_PLACEMENT_3D('',#2525,#2526,#2527);
#2525 = CARTESIAN_POINT('',(-2.129903810568,2.7,-7.975));
#2526 = DIRECTION('',(-0.866025403784,0.,-0.5));
#2527 = DIRECTION('',(-0.5,0.,0.866025403784));
#2528 = ADVANCED_FACE('',(#2529),#2563,.F.);
#2529 = FACE_BOUND('',#2530,.F.);
#2530 = EDGE_LOOP('',(#2531,#2539,#2547,#2555,#2561,#2562));
#2531 = ORIENTED_EDGE('',*,*,#2532,.F.);
#2532 = EDGE_CURVE('',#2533,#1014,#2535,.T.);
#2533 = VERTEX_POINT('',#2534);
#2534 = CARTESIAN_POINT('',(-0.525,-2.7,-7.986942822023));
#2535 = LINE('',#2536,#2537);
#2536 = CARTESIAN_POINT('',(-0.525,-2.7,-7.986942822023));
#2537 = VECTOR('',#2538,1.);
#2538 = DIRECTION('',(0.,-0.984807753012,-0.173648177667));
#2539 = ORIENTED_EDGE('',*,*,#2540,.T.);
#2540 = EDGE_CURVE('',#2533,#2541,#2543,.T.);
#2541 = VERTEX_POINT('',#2542);
#2542 = CARTESIAN_POINT('',(-0.525,-2.7,-7.349999822023));
#2543 = LINE('',#2544,#2545);
#2544 = CARTESIAN_POINT('',(-0.525,-2.7,-7.986942822023));
#2545 = VECTOR('',#2546,1.);
#2546 = DIRECTION('',(0.,0.,1.));
#2547 = ORIENTED_EDGE('',*,*,#2548,.T.);
#2548 = EDGE_CURVE('',#2541,#2549,#2551,.T.);
#2549 = VERTEX_POINT('',#2550);
#2550 = CARTESIAN_POINT('',(-0.525,-1.063242112547,-7.349999822023));
#2551 = LINE('',#2552,#2553);
#2552 = CARTESIAN_POINT('',(-0.525,-2.7,-7.349999822023));
#2553 = VECTOR('',#2554,1.);
#2554 = DIRECTION('',(0.,1.,0.));
#2555 = ORIENTED_EDGE('',*,*,#2556,.T.);
#2556 = EDGE_CURVE('',#2549,#1413,#2557,.T.);
#2557 = LINE('',#2558,#2559);
#2558 = CARTESIAN_POINT('',(-0.525,-1.063242112547,-7.349999822023));
#2559 = VECTOR('',#2560,1.);
#2560 = DIRECTION('',(0.,0.998629534755,5.233595624294E-02));
#2561 = ORIENTED_EDGE('',*,*,#1412,.F.);
#2562 = ORIENTED_EDGE('',*,*,#1021,.T.);
#2563 = PLANE('',#2564);
#2564 = AXIS2_PLACEMENT_3D('',#2565,#2566,#2567);
#2565 = CARTESIAN_POINT('',(-0.525,2.7,-8.2));
#2566 = DIRECTION('',(-1.,0.,0.));
#2567 = DIRECTION('',(0.,1.,0.));
#2568 = ADVANCED_FACE('',(#2569),#2587,.F.);
#2569 = FACE_BOUND('',#2570,.F.);
#2570 = EDGE_LOOP('',(#2571,#2572,#2573,#2581));
#2571 = ORIENTED_EDGE('',*,*,#2532,.T.);
#2572 = ORIENTED_EDGE('',*,*,#1013,.F.);
#2573 = ORIENTED_EDGE('',*,*,#2574,.T.);
#2574 = EDGE_CURVE('',#1006,#2575,#2577,.T.);
#2575 = VERTEX_POINT('',#2576);
#2576 = CARTESIAN_POINT('',(0.525,-2.7,-7.986942822023));
#2577 = LINE('',#2578,#2579);
#2578 = CARTESIAN_POINT('',(0.525,-3.9083073,-8.2));
#2579 = VECTOR('',#2580,1.);
#2580 = DIRECTION('',(0.,0.984807753012,0.173648177667));
#2581 = ORIENTED_EDGE('',*,*,#2582,.T.);
#2582 = EDGE_CURVE('',#2575,#2533,#2583,.T.);
#2583 = LINE('',#2584,#2585);
#2584 = CARTESIAN_POINT('',(0.525,-2.7,-7.986942822023));
#2585 = VECTOR('',#2586,1.);
#2586 = DIRECTION('',(-1.,0.,0.));
#2587 = PLANE('',#2588);
#2588 = AXIS2_PLACEMENT_3D('',#2589,#2590,#2591);
#2589 = CARTESIAN_POINT('',(0.525,-3.9083073,-8.2));
#2590 = DIRECTION('',(0.,-0.173648177667,0.984807753012));
#2591 = DIRECTION('',(0.,0.984807753012,0.173648177667));
#2592 = ADVANCED_FACE('',(#2593),#2620,.T.);
#2593 = FACE_BOUND('',#2594,.F.);
#2594 = EDGE_LOOP('',(#2595,#2596,#2597,#2598,#2606,#2614));
#2595 = ORIENTED_EDGE('',*,*,#2574,.F.);
#2596 = ORIENTED_EDGE('',*,*,#1005,.F.);
#2597 = ORIENTED_EDGE('',*,*,#1428,.T.);
#2598 = ORIENTED_EDGE('',*,*,#2599,.F.);
#2599 = EDGE_CURVE('',#2600,#1421,#2602,.T.);
#2600 = VERTEX_POINT('',#2601);
#2601 = CARTESIAN_POINT('',(0.525,-1.063242112547,-7.349999822023));
#2602 = LINE('',#2603,#2604);
#2603 = CARTESIAN_POINT('',(0.525,-1.063242112547,-7.349999822023));
#2604 = VECTOR('',#2605,1.);
#2605 = DIRECTION('',(0.,0.998629534755,5.233595624294E-02));
#2606 = ORIENTED_EDGE('',*,*,#2607,.F.);
#2607 = EDGE_CURVE('',#2608,#2600,#2610,.T.);
#2608 = VERTEX_POINT('',#2609);
#2609 = CARTESIAN_POINT('',(0.525,-2.7,-7.349999822023));
#2610 = LINE('',#2611,#2612);
#2611 = CARTESIAN_POINT('',(0.525,-2.7,-7.349999822023));
#2612 = VECTOR('',#2613,1.);
#2613 = DIRECTION('',(0.,1.,0.));
#2614 = ORIENTED_EDGE('',*,*,#2615,.F.);
#2615 = EDGE_CURVE('',#2575,#2608,#2616,.T.);
#2616 = LINE('',#2617,#2618);
#2617 = CARTESIAN_POINT('',(0.525,-2.7,-7.986942822023));
#2618 = VECTOR('',#2619,1.);
#2619 = DIRECTION('',(0.,0.,1.));
#2620 = PLANE('',#2621);
#2621 = AXIS2_PLACEMENT_3D('',#2622,#2623,#2624);
#2622 = CARTESIAN_POINT('',(0.525,2.7,-8.2));
#2623 = DIRECTION('',(-1.,0.,0.));
#2624 = DIRECTION('',(0.,1.,0.));
#2625 = ADVANCED_FACE('',(#2626),#2637,.F.);
#2626 = FACE_BOUND('',#2627,.F.);
#2627 = EDGE_LOOP('',(#2628,#2629,#2630,#2631));
#2628 = ORIENTED_EDGE('',*,*,#2599,.T.);
#2629 = ORIENTED_EDGE('',*,*,#1420,.T.);
#2630 = ORIENTED_EDGE('',*,*,#2556,.F.);
#2631 = ORIENTED_EDGE('',*,*,#2632,.F.);
#2632 = EDGE_CURVE('',#2600,#2549,#2633,.T.);
#2633 = LINE('',#2634,#2635);
#2634 = CARTESIAN_POINT('',(0.525,-1.063242112547,-7.349999822023));
#2635 = VECTOR('',#2636,1.);
#2636 = DIRECTION('',(-1.,0.,0.));
#2637 = PLANE('',#2638);
#2638 = AXIS2_PLACEMENT_3D('',#2639,#2640,#2641);
#2639 = CARTESIAN_POINT('',(0.525,-1.063242112547,-7.349999822023));
#2640 = DIRECTION('',(0.,-5.233595624294E-02,0.998629534755));
#2641 = DIRECTION('',(0.,0.998629534755,5.233595624294E-02));
#2642 = ADVANCED_FACE('',(#2643),#2702,.F.);
#2643 = FACE_BOUND('',#2644,.F.);
#2644 = EDGE_LOOP('',(#2645,#2655,#2663,#2671,#2677,#2678,#2679,#2680,
    #2688,#2696));
#2645 = ORIENTED_EDGE('',*,*,#2646,.T.);
#2646 = EDGE_CURVE('',#2647,#2649,#2651,.T.);
#2647 = VERTEX_POINT('',#2648);
#2648 = CARTESIAN_POINT('',(-6.360298E-02,-1.96234237,-7.349999822023));
#2649 = VERTEX_POINT('',#2650);
#2650 = CARTESIAN_POINT('',(6.360298E-02,-1.96234237,-7.349999822023));
#2651 = LINE('',#2652,#2653);
#2652 = CARTESIAN_POINT('',(-6.360298E-02,-1.96234237,-7.349999822023));
#2653 = VECTOR('',#2654,1.);
#2654 = DIRECTION('',(1.,0.,0.));
#2655 = ORIENTED_EDGE('',*,*,#2656,.T.);
#2656 = EDGE_CURVE('',#2649,#2657,#2659,.T.);
#2657 = VERTEX_POINT('',#2658);
#2658 = CARTESIAN_POINT('',(0.263602994535,-2.511837893824,
    -7.349999822023));
#2659 = LINE('',#2660,#2661);
#2660 = CARTESIAN_POINT('',(6.360298E-02,-1.96234237,-7.349999822023));
#2661 = VECTOR('',#2662,1.);
#2662 = DIRECTION('',(0.342020143326,-0.939692620786,0.));
#2663 = ORIENTED_EDGE('',*,*,#2664,.T.);
#2664 = EDGE_CURVE('',#2657,#2665,#2667,.T.);
#2665 = VERTEX_POINT('',#2666);
#2666 = CARTESIAN_POINT('',(0.29999975,-2.7,-7.349999822023));
#2667 = LINE('',#2668,#2669);
#2668 = CARTESIAN_POINT('',(0.263602994535,-2.511837893824,
    -7.349999822023));
#2669 = VECTOR('',#2670,1.);
#2670 = DIRECTION('',(0.189912682589,-0.981800984412,0.));
#2671 = ORIENTED_EDGE('',*,*,#2672,.F.);
#2672 = EDGE_CURVE('',#2608,#2665,#2673,.T.);
#2673 = LINE('',#2674,#2675);
#2674 = CARTESIAN_POINT('',(0.525,-2.7,-7.349999822023));
#2675 = VECTOR('',#2676,1.);
#2676 = DIRECTION('',(-1.,0.,0.));
#2677 = ORIENTED_EDGE('',*,*,#2607,.T.);
#2678 = ORIENTED_EDGE('',*,*,#2632,.T.);
#2679 = ORIENTED_EDGE('',*,*,#2548,.F.);
#2680 = ORIENTED_EDGE('',*,*,#2681,.F.);
#2681 = EDGE_CURVE('',#2682,#2541,#2684,.T.);
#2682 = VERTEX_POINT('',#2683);
#2683 = CARTESIAN_POINT('',(-0.29999975,-2.7,-7.349999822023));
#2684 = LINE('',#2685,#2686);
#2685 = CARTESIAN_POINT('',(-0.29999975,-2.7,-7.349999822023));
#2686 = VECTOR('',#2687,1.);
#2687 = DIRECTION('',(-1.,0.,0.));
#2688 = ORIENTED_EDGE('',*,*,#2689,.T.);
#2689 = EDGE_CURVE('',#2682,#2690,#2692,.T.);
#2690 = VERTEX_POINT('',#2691);
#2691 = CARTESIAN_POINT('',(-0.263602994535,-2.511837893824,
    -7.349999822023));
#2692 = LINE('',#2693,#2694);
#2693 = CARTESIAN_POINT('',(-0.29999975,-2.7,-7.349999822023));
#2694 = VECTOR('',#2695,1.);
#2695 = DIRECTION('',(0.189912682589,0.981800984412,0.));
#2696 = ORIENTED_EDGE('',*,*,#2697,.T.);
#2697 = EDGE_CURVE('',#2690,#2647,#2698,.T.);
#2698 = LINE('',#2699,#2700);
#2699 = CARTESIAN_POINT('',(-0.263602994535,-2.511837893824,
    -7.349999822023));
#2700 = VECTOR('',#2701,1.);
#2701 = DIRECTION('',(0.342020143326,0.939692620786,0.));
#2702 = PLANE('',#2703);
#2703 = AXIS2_PLACEMENT_3D('',#2704,#2705,#2706);
#2704 = CARTESIAN_POINT('',(0.525,-2.7,-7.349999822023));
#2705 = DIRECTION('',(0.,0.,1.));
#2706 = DIRECTION('',(0.,1.,0.));
#2707 = ADVANCED_FACE('',(#2708),#2759,.T.);
#2708 = FACE_BOUND('',#2709,.F.);
#2709 = EDGE_LOOP('',(#2710,#2725,#2733,#2746,#2752,#2753));
#2710 = ORIENTED_EDGE('',*,*,#2711,.F.);
#2711 = EDGE_CURVE('',#2712,#2714,#2716,.T.);
#2712 = VERTEX_POINT('',#2713);
#2713 = CARTESIAN_POINT('',(-0.161749350903,-2.511837853891,
    -7.549999822023));
#2714 = VERTEX_POINT('',#2715);
#2715 = CARTESIAN_POINT('',(-0.222267135268,-2.398268553874,
    -7.508663977291));
#2716 = B_SPLINE_CURVE_WITH_KNOTS('',3,(#2717,#2718,#2719,#2720,#2721,
    #2722,#2723,#2724),.UNSPECIFIED.,.F.,.F.,(4,1,1,1,1,4),(0.,0.125,
    0.25,0.5,0.75,1.),.UNSPECIFIED.);
#2717 = CARTESIAN_POINT('',(-0.161749350903,-2.511837853891,
    -7.549999822023));
#2718 = CARTESIAN_POINT('',(-0.168963778702,-2.511837853891,
    -7.549999822023));
#2719 = CARTESIAN_POINT('',(-0.179765129204,-2.508180047231,
    -7.548668489276));
#2720 = CARTESIAN_POINT('',(-0.195547854248,-2.494995842065,
    -7.543869831033));
#2721 = CARTESIAN_POINT('',(-0.208427795356,-2.471609913265,
    -7.535358049049));
#2722 = CARTESIAN_POINT('',(-0.217944500841,-2.437557962863,
    -7.522964152684));
#2723 = CARTESIAN_POINT('',(-0.221251280823,-2.411793597576,
    -7.513586690615));
#2724 = CARTESIAN_POINT('',(-0.222267135268,-2.398268553874,
    -7.508663977291));
#2725 = ORIENTED_EDGE('',*,*,#2726,.T.);
#2726 = EDGE_CURVE('',#2712,#2727,#2729,.T.);
#2727 = VERTEX_POINT('',#2728);
#2728 = CARTESIAN_POINT('',(0.161749350903,-2.511837853891,
    -7.549999822023));
#2729 = LINE('',#2730,#2731);
#2730 = CARTESIAN_POINT('',(-0.161749350903,-2.511837853891,
    -7.549999822023));
#2731 = VECTOR('',#2732,1.);
#2732 = DIRECTION('',(1.,0.,0.));
#2733 = ORIENTED_EDGE('',*,*,#2734,.F.);
#2734 = EDGE_CURVE('',#2735,#2727,#2737,.T.);
#2735 = VERTEX_POINT('',#2736);
#2736 = CARTESIAN_POINT('',(0.222267135268,-2.398268553874,
    -7.508663977291));
#2737 = B_SPLINE_CURVE_WITH_KNOTS('',3,(#2738,#2739,#2740,#2741,#2742,
    #2743,#2744,#2745),.UNSPECIFIED.,.F.,.F.,(4,1,1,1,1,4),(0.,0.25,0.5,
    0.75,0.875,1.),.UNSPECIFIED.);
#2738 = CARTESIAN_POINT('',(0.222267135268,-2.398268553874,
    -7.508663977291));
#2739 = CARTESIAN_POINT('',(0.221251280823,-2.411793597576,
    -7.513586690615));
#2740 = CARTESIAN_POINT('',(0.217944500841,-2.437557962863,
    -7.522964152684));
#2741 = CARTESIAN_POINT('',(0.208427795356,-2.471609913265,
    -7.535358049049));
#2742 = CARTESIAN_POINT('',(0.195547854248,-2.494995842065,
    -7.543869831033));
#2743 = CARTESIAN_POINT('',(0.179765129204,-2.508180047231,
    -7.548668489276));
#2744 = CARTESIAN_POINT('',(0.168963778701,-2.511837853891,
    -7.549999822023));
#2745 = CARTESIAN_POINT('',(0.161749350903,-2.511837853891,
    -7.549999822023));
#2746 = ORIENTED_EDGE('',*,*,#2747,.T.);
#2747 = EDGE_CURVE('',#2735,#2649,#2748,.T.);
#2748 = LINE('',#2749,#2750);
#2749 = CARTESIAN_POINT('',(0.222267135268,-2.398268553874,
    -7.508663977291));
#2750 = VECTOR('',#2751,1.);
#2751 = DIRECTION('',(-0.323615577118,0.889126490716,0.323615577118));
#2752 = ORIENTED_EDGE('',*,*,#2646,.F.);
#2753 = ORIENTED_EDGE('',*,*,#2754,.T.);
#2754 = EDGE_CURVE('',#2647,#2714,#2755,.T.);
#2755 = LINE('',#2756,#2757);
#2756 = CARTESIAN_POINT('',(-6.360298E-02,-1.96234237,-7.349999822023));
#2757 = VECTOR('',#2758,1.);
#2758 = DIRECTION('',(-0.323615577118,-0.889126490716,-0.323615577118));
#2759 = PLANE('',#2760);
#2760 = AXIS2_PLACEMENT_3D('',#2761,#2762,#2763);
#2761 = CARTESIAN_POINT('',(0.,-2.237090111945,-7.449999822023));
#2762 = DIRECTION('',(0.,0.342020143326,-0.939692620786));
#2763 = DIRECTION('',(0.,0.939692620786,0.342020143326));
#2764 = ADVANCED_FACE('',(#2765),#2811,.T.);
#2765 = FACE_BOUND('',#2766,.T.);
#2766 = EDGE_LOOP('',(#2767,#2775,#2789,#2797,#2810));
#2767 = ORIENTED_EDGE('',*,*,#2768,.F.);
#2768 = EDGE_CURVE('',#2769,#2712,#2771,.T.);
#2769 = VERTEX_POINT('',#2770);
#2770 = CARTESIAN_POINT('',(-0.198146114092,-2.7,-7.549999822023));
#2771 = LINE('',#2772,#2773);
#2772 = CARTESIAN_POINT('',(-0.198146114092,-2.7,-7.549999822023));
#2773 = VECTOR('',#2774,1.);
#2774 = DIRECTION('',(0.189912682589,0.981800984412,0.));
#2775 = ORIENTED_EDGE('',*,*,#2776,.F.);
#2776 = EDGE_CURVE('',#2777,#2769,#2779,.T.);
#2777 = VERTEX_POINT('',#2778);
#2778 = CARTESIAN_POINT('',(-0.29999975,-2.7,-7.449999822023));
#2779 = B_SPLINE_CURVE_WITH_KNOTS('',3,(#2780,#2781,#2782,#2783,#2784,
    #2785,#2786,#2787,#2788),.UNSPECIFIED.,.F.,.F.,(4,1,1,1,1,1,4),(0.,
    0.125,0.25,0.5,0.75,0.875,1.),.UNSPECIFIED.);
#2780 = CARTESIAN_POINT('',(-0.29999975,-2.7,-7.449999822023));
#2781 = CARTESIAN_POINT('',(-0.29999975,-2.7,-7.458410390186));
#2782 = CARTESIAN_POINT('',(-0.297960478724,-2.7,-7.473192255235));
#2783 = CARTESIAN_POINT('',(-0.289119667362,-2.7,-7.497993716525));
#2784 = CARTESIAN_POINT('',(-0.271394465549,-2.7,-7.522321355525));
#2785 = CARTESIAN_POINT('',(-0.246564634205,-2.7,-7.539544364996));
#2786 = CARTESIAN_POINT('',(-0.221439805917,-2.7,-7.548061809359));
#2787 = CARTESIAN_POINT('',(-0.206556682255,-2.7,-7.549999822023));
#2788 = CARTESIAN_POINT('',(-0.198146114092,-2.7,-7.549999822023));
#2789 = ORIENTED_EDGE('',*,*,#2790,.T.);
#2790 = EDGE_CURVE('',#2777,#2791,#2793,.T.);
#2791 = VERTEX_POINT('',#2792);
#2792 = CARTESIAN_POINT('',(-0.263602994535,-2.511837893824,
    -7.449999822023));
#2793 = LINE('',#2794,#2795);
#2794 = CARTESIAN_POINT('',(-0.29999975,-2.7,-7.449999822023));
#2795 = VECTOR('',#2796,1.);
#2796 = DIRECTION('',(0.189912682589,0.981800984412,1.390313593717E-14)
  );
#2797 = ORIENTED_EDGE('',*,*,#2798,.F.);
#2798 = EDGE_CURVE('',#2714,#2791,#2799,.T.);
#2799 = B_SPLINE_CURVE_WITH_KNOTS('',3,(#2800,#2801,#2802,#2803,#2804,
    #2805,#2806,#2807,#2808,#2809),.UNSPECIFIED.,.F.,.F.,(4,1,1,1,1,1,1,
    4),(0.,0.25,0.5,0.625,0.75,0.875,0.9375,1.),.UNSPECIFIED.);
#2800 = CARTESIAN_POINT('',(-0.222267135268,-2.398268553874,
    -7.508663977291));
#2801 = CARTESIAN_POINT('',(-0.226614590555,-2.410213089107,
    -7.505903132423));
#2802 = CARTESIAN_POINT('',(-0.235112959648,-2.433562166295,
    -7.499918208719));
#2803 = CARTESIAN_POINT('',(-0.245061559283,-2.460895719145,
    -7.490847632547));
#2804 = CARTESIAN_POINT('',(-0.25236179896,-2.480952962815,
    -7.482038804976));
#2805 = CARTESIAN_POINT('',(-0.257357555766,-2.494678691832,
    -7.474302219279));
#2806 = CARTESIAN_POINT('',(-0.260923944375,-2.504477264007,
    -7.466448586908));
#2807 = CARTESIAN_POINT('',(-0.263001502325,-2.51018530756,
    -7.45833775916));
#2808 = CARTESIAN_POINT('',(-0.263602994535,-2.511837893824,
    -7.453251692194));
#2809 = CARTESIAN_POINT('',(-0.263602994535,-2.511837893824,
    -7.449999822023));
#2810 = ORIENTED_EDGE('',*,*,#2711,.F.);
#2811 = CYLINDRICAL_SURFACE('',#2812,0.1);
#2812 = AXIS2_PLACEMENT_3D('',#2813,#2814,#2815);
#2813 = CARTESIAN_POINT('',(-5.631283701787,-30.78796,-7.449999822023));
#2814 = DIRECTION('',(0.189912682589,0.981800984412,0.));
#2815 = DIRECTION('',(0.,0.,-1.));
#2816 = ADVANCED_FACE('',(#2817),#2828,.T.);
#2817 = FACE_BOUND('',#2818,.F.);
#2818 = EDGE_LOOP('',(#2819,#2820,#2821,#2822));
#2819 = ORIENTED_EDGE('',*,*,#2798,.F.);
#2820 = ORIENTED_EDGE('',*,*,#2754,.F.);
#2821 = ORIENTED_EDGE('',*,*,#2697,.F.);
#2822 = ORIENTED_EDGE('',*,*,#2823,.T.);
#2823 = EDGE_CURVE('',#2690,#2791,#2824,.T.);
#2824 = LINE('',#2825,#2826);
#2825 = CARTESIAN_POINT('',(-0.263602994535,-2.511837893824,
    -7.349999822023));
#2826 = VECTOR('',#2827,1.);
#2827 = DIRECTION('',(0.,0.,-1.));
#2828 = PLANE('',#2829);
#2829 = AXIS2_PLACEMENT_3D('',#2830,#2831,#2832);
#2830 = CARTESIAN_POINT('',(-0.263602994535,-2.511837893824,
    -7.349999822023));
#2831 = DIRECTION('',(-0.939692620786,0.342020143326,0.));
#2832 = DIRECTION('',(0.342020143326,0.939692620786,0.));
#2833 = ADVANCED_FACE('',(#2834),#2845,.T.);
#2834 = FACE_BOUND('',#2835,.F.);
#2835 = EDGE_LOOP('',(#2836,#2837,#2838,#2839));
#2836 = ORIENTED_EDGE('',*,*,#2790,.T.);
#2837 = ORIENTED_EDGE('',*,*,#2823,.F.);
#2838 = ORIENTED_EDGE('',*,*,#2689,.F.);
#2839 = ORIENTED_EDGE('',*,*,#2840,.T.);
#2840 = EDGE_CURVE('',#2682,#2777,#2841,.T.);
#2841 = LINE('',#2842,#2843);
#2842 = CARTESIAN_POINT('',(-0.29999975,-2.7,-7.349999822023));
#2843 = VECTOR('',#2844,1.);
#2844 = DIRECTION('',(0.,0.,-1.));
#2845 = PLANE('',#2846);
#2846 = AXIS2_PLACEMENT_3D('',#2847,#2848,#2849);
#2847 = CARTESIAN_POINT('',(-0.29999975,-2.7,-7.349999822023));
#2848 = DIRECTION('',(-0.981800984412,0.189912682589,0.));
#2849 = DIRECTION('',(0.189912682589,0.981800984412,0.));
#2850 = ADVANCED_FACE('',(#2851),#2888,.F.);
#2851 = FACE_BOUND('',#2852,.F.);
#2852 = EDGE_LOOP('',(#2853,#2861,#2875,#2881,#2882,#2883,#2884,#2885,
    #2886,#2887));
#2853 = ORIENTED_EDGE('',*,*,#2854,.T.);
#2854 = EDGE_CURVE('',#2665,#2855,#2857,.T.);
#2855 = VERTEX_POINT('',#2856);
#2856 = CARTESIAN_POINT('',(0.29999975,-2.7,-7.449999822023));
#2857 = LINE('',#2858,#2859);
#2858 = CARTESIAN_POINT('',(0.29999975,-2.7,-7.349999822023));
#2859 = VECTOR('',#2860,1.);
#2860 = DIRECTION('',(0.,0.,-1.));
#2861 = ORIENTED_EDGE('',*,*,#2862,.F.);
#2862 = EDGE_CURVE('',#2863,#2855,#2865,.T.);
#2863 = VERTEX_POINT('',#2864);
#2864 = CARTESIAN_POINT('',(0.198146114092,-2.7,-7.549999822023));
#2865 = B_SPLINE_CURVE_WITH_KNOTS('',3,(#2866,#2867,#2868,#2869,#2870,
    #2871,#2872,#2873,#2874),.UNSPECIFIED.,.F.,.F.,(4,1,1,1,1,1,4),(0.,
    0.125,0.25,0.5,0.75,0.875,1.),.UNSPECIFIED.);
#2866 = CARTESIAN_POINT('',(0.198146114092,-2.7,-7.549999822023));
#2867 = CARTESIAN_POINT('',(0.206556682255,-2.7,-7.549999822023));
#2868 = CARTESIAN_POINT('',(0.221439805917,-2.7,-7.548061809359));
#2869 = CARTESIAN_POINT('',(0.246564634205,-2.7,-7.539544364996));
#2870 = CARTESIAN_POINT('',(0.271394465549,-2.7,-7.522321355525));
#2871 = CARTESIAN_POINT('',(0.289119667362,-2.7,-7.497993716525));
#2872 = CARTESIAN_POINT('',(0.297960478724,-2.7,-7.473192255235));
#2873 = CARTESIAN_POINT('',(0.29999975,-2.7,-7.458410390186));
#2874 = CARTESIAN_POINT('',(0.29999975,-2.7,-7.449999822023));
#2875 = ORIENTED_EDGE('',*,*,#2876,.F.);
#2876 = EDGE_CURVE('',#2769,#2863,#2877,.T.);
#2877 = LINE('',#2878,#2879);
#2878 = CARTESIAN_POINT('',(-0.198146114092,-2.7,-7.549999822023));
#2879 = VECTOR('',#2880,1.);
#2880 = DIRECTION('',(1.,0.,0.));
#2881 = ORIENTED_EDGE('',*,*,#2776,.F.);
#2882 = ORIENTED_EDGE('',*,*,#2840,.F.);
#2883 = ORIENTED_EDGE('',*,*,#2681,.T.);
#2884 = ORIENTED_EDGE('',*,*,#2540,.F.);
#2885 = ORIENTED_EDGE('',*,*,#2582,.F.);
#2886 = ORIENTED_EDGE('',*,*,#2615,.T.);
#2887 = ORIENTED_EDGE('',*,*,#2672,.T.);
#2888 = PLANE('',#2889);
#2889 = AXIS2_PLACEMENT_3D('',#2890,#2891,#2892);
#2890 = CARTESIAN_POINT('',(0.525,-2.7,-7.986942822023));
#2891 = DIRECTION('',(0.,-1.,0.));
#2892 = DIRECTION('',(0.,0.,1.));
#2893 = ADVANCED_FACE('',(#2894),#2912,.T.);
#2894 = FACE_BOUND('',#2895,.F.);
#2895 = EDGE_LOOP('',(#2896,#2904,#2905,#2906));
#2896 = ORIENTED_EDGE('',*,*,#2897,.T.);
#2897 = EDGE_CURVE('',#2898,#2855,#2900,.T.);
#2898 = VERTEX_POINT('',#2899);
#2899 = CARTESIAN_POINT('',(0.263602994535,-2.511837893824,
    -7.449999822023));
#2900 = LINE('',#2901,#2902);
#2901 = CARTESIAN_POINT('',(0.263602994535,-2.511837893824,
    -7.449999822023));
#2902 = VECTOR('',#2903,1.);
#2903 = DIRECTION('',(0.189912682589,-0.981800984412,0.));
#2904 = ORIENTED_EDGE('',*,*,#2854,.F.);
#2905 = ORIENTED_EDGE('',*,*,#2664,.F.);
#2906 = ORIENTED_EDGE('',*,*,#2907,.T.);
#2907 = EDGE_CURVE('',#2657,#2898,#2908,.T.);
#2908 = LINE('',#2909,#2910);
#2909 = CARTESIAN_POINT('',(0.263602994535,-2.511837893824,
    -7.349999822023));
#2910 = VECTOR('',#2911,1.);
#2911 = DIRECTION('',(0.,0.,-1.));
#2912 = PLANE('',#2913);
#2913 = AXIS2_PLACEMENT_3D('',#2914,#2915,#2916);
#2914 = CARTESIAN_POINT('',(0.263602994535,-2.511837893824,
    -7.349999822023));
#2915 = DIRECTION('',(0.981800984412,0.189912682589,0.));
#2916 = DIRECTION('',(0.189912682589,-0.981800984412,0.));
#2917 = ADVANCED_FACE('',(#2918),#2942,.T.);
#2918 = FACE_BOUND('',#2919,.T.);
#2919 = EDGE_LOOP('',(#2920,#2921,#2927,#2928,#2941));
#2920 = ORIENTED_EDGE('',*,*,#2862,.F.);
#2921 = ORIENTED_EDGE('',*,*,#2922,.F.);
#2922 = EDGE_CURVE('',#2727,#2863,#2923,.T.);
#2923 = LINE('',#2924,#2925);
#2924 = CARTESIAN_POINT('',(0.161749350903,-2.511837853891,
    -7.549999822023));
#2925 = VECTOR('',#2926,1.);
#2926 = DIRECTION('',(0.189912682589,-0.981800984412,0.));
#2927 = ORIENTED_EDGE('',*,*,#2734,.F.);
#2928 = ORIENTED_EDGE('',*,*,#2929,.F.);
#2929 = EDGE_CURVE('',#2898,#2735,#2930,.T.);
#2930 = B_SPLINE_CURVE_WITH_KNOTS('',3,(#2931,#2932,#2933,#2934,#2935,
    #2936,#2937,#2938,#2939,#2940),.UNSPECIFIED.,.F.,.F.,(4,1,1,1,1,1,1,
    4),(0.,6.25E-02,0.125,0.25,0.375,0.5,0.75,1.),.UNSPECIFIED.);
#2931 = CARTESIAN_POINT('',(0.263602994535,-2.511837893824,
    -7.449999822023));
#2932 = CARTESIAN_POINT('',(0.263602994535,-2.511837893824,
    -7.453251692194));
#2933 = CARTESIAN_POINT('',(0.263001502325,-2.51018530756,-7.45833775916
    ));
#2934 = CARTESIAN_POINT('',(0.260923944375,-2.504477264007,
    -7.466448586908));
#2935 = CARTESIAN_POINT('',(0.257357555766,-2.494678691832,
    -7.474302219279));
#2936 = CARTESIAN_POINT('',(0.25236179896,-2.480952962815,
    -7.482038804976));
#2937 = CARTESIAN_POINT('',(0.245061559283,-2.460895719145,
    -7.490847632547));
#2938 = CARTESIAN_POINT('',(0.235112959648,-2.433562166295,
    -7.499918208719));
#2939 = CARTESIAN_POINT('',(0.226614590555,-2.410213089107,
    -7.505903132423));
#2940 = CARTESIAN_POINT('',(0.222267135268,-2.398268553874,
    -7.508663977291));
#2941 = ORIENTED_EDGE('',*,*,#2897,.T.);
#2942 = CYLINDRICAL_SURFACE('',#2943,0.1);
#2943 = AXIS2_PLACEMENT_3D('',#2944,#2945,#2946);
#2944 = CARTESIAN_POINT('',(-5.463080930133,26.56712534011,
    -7.449999822023));
#2945 = DIRECTION('',(0.189912682589,-0.981800984412,0.));
#2946 = DIRECTION('',(0.,0.,-1.));
#2947 = ADVANCED_FACE('',(#2948),#2954,.T.);
#2948 = FACE_BOUND('',#2949,.F.);
#2949 = EDGE_LOOP('',(#2950,#2951,#2952,#2953));
#2950 = ORIENTED_EDGE('',*,*,#2929,.F.);
#2951 = ORIENTED_EDGE('',*,*,#2907,.F.);
#2952 = ORIENTED_EDGE('',*,*,#2656,.F.);
#2953 = ORIENTED_EDGE('',*,*,#2747,.F.);
#2954 = PLANE('',#2955);
#2955 = AXIS2_PLACEMENT_3D('',#2956,#2957,#2958);
#2956 = CARTESIAN_POINT('',(6.360298E-02,-1.96234237,-7.349999822023));
#2957 = DIRECTION('',(0.939692620786,0.342020143326,0.));
#2958 = DIRECTION('',(0.342020143326,-0.939692620786,0.));
#2959 = ADVANCED_FACE('',(#2960),#2966,.T.);
#2960 = FACE_BOUND('',#2961,.F.);
#2961 = EDGE_LOOP('',(#2962,#2963,#2964,#2965));
#2962 = ORIENTED_EDGE('',*,*,#2768,.F.);
#2963 = ORIENTED_EDGE('',*,*,#2876,.T.);
#2964 = ORIENTED_EDGE('',*,*,#2922,.F.);
#2965 = ORIENTED_EDGE('',*,*,#2726,.F.);
#2966 = PLANE('',#2967);
#2967 = AXIS2_PLACEMENT_3D('',#2968,#2969,#2970);
#2968 = CARTESIAN_POINT('',(0.525,2.7,-7.549999822023));
#2969 = DIRECTION('',(0.,0.,-1.));
#2970 = DIRECTION('',(1.,0.,0.));
#2971 = ADVANCED_FACE('',(#2972),#2991,.T.);
#2972 = FACE_BOUND('',#2973,.T.);
#2973 = EDGE_LOOP('',(#2974,#2975,#2976,#2984));
#2974 = ORIENTED_EDGE('',*,*,#989,.T.);
#2975 = ORIENTED_EDGE('',*,*,#1435,.F.);
#2976 = ORIENTED_EDGE('',*,*,#2977,.T.);
#2977 = EDGE_CURVE('',#1436,#2978,#2980,.T.);
#2978 = VERTEX_POINT('',#2979);
#2979 = CARTESIAN_POINT('',(1.370096189432,0.4,-7.975));
#2980 = LINE('',#2981,#2982);
#2981 = CARTESIAN_POINT('',(1.370096189432,2.7,-7.975));
#2982 = VECTOR('',#2983,1.);
#2983 = DIRECTION('',(0.,-1.,0.));
#2984 = ORIENTED_EDGE('',*,*,#2985,.F.);
#2985 = EDGE_CURVE('',#982,#2978,#2986,.T.);
#2986 = CIRCLE('',#2987,0.15);
#2987 = AXIS2_PLACEMENT_3D('',#2988,#2989,#2990);
#2988 = CARTESIAN_POINT('',(1.240192378865,0.4,-8.05));
#2989 = DIRECTION('',(0.,-1.,0.));
#2990 = DIRECTION('',(0.,0.,-1.));
#2991 = CYLINDRICAL_SURFACE('',#2992,0.15);
#2992 = AXIS2_PLACEMENT_3D('',#2993,#2994,#2995);
#2993 = CARTESIAN_POINT('',(1.240192378865,2.7,-8.05));
#2994 = DIRECTION('',(0.,1.,0.));
#2995 = DIRECTION('',(-1.,0.,0.));
#2996 = ADVANCED_FACE('',(#2997),#3073,.T.);
#2997 = FACE_BOUND('',#2998,.F.);
#2998 = EDGE_LOOP('',(#2999,#3009,#3015,#3016,#3025,#3033,#3042,#3050,
    #3059,#3065,#3066,#3067));
#2999 = ORIENTED_EDGE('',*,*,#3000,.T.);
#3000 = EDGE_CURVE('',#3001,#3003,#3005,.T.);
#3001 = VERTEX_POINT('',#3002);
#3002 = CARTESIAN_POINT('',(1.4,0.4,-7.44));
#3003 = VERTEX_POINT('',#3004);
#3004 = CARTESIAN_POINT('',(2.1,0.4,-7.44));
#3005 = LINE('',#3006,#3007);
#3006 = CARTESIAN_POINT('',(1.4,0.4,-7.44));
#3007 = VECTOR('',#3008,1.);
#3008 = DIRECTION('',(1.,0.,0.));
#3009 = ORIENTED_EDGE('',*,*,#3010,.F.);
#3010 = EDGE_CURVE('',#950,#3003,#3011,.T.);
#3011 = LINE('',#3012,#3013);
#3012 = CARTESIAN_POINT('',(2.1,0.4,-8.2));
#3013 = VECTOR('',#3014,1.);
#3014 = DIRECTION('',(0.,0.,1.));
#3015 = ORIENTED_EDGE('',*,*,#949,.F.);
#3016 = ORIENTED_EDGE('',*,*,#3017,.F.);
#3017 = EDGE_CURVE('',#3018,#942,#3020,.T.);
#3018 = VERTEX_POINT('',#3019);
#3019 = CARTESIAN_POINT('',(2.129903810568,0.4,-7.975));
#3020 = CIRCLE('',#3021,0.15);
#3021 = AXIS2_PLACEMENT_3D('',#3022,#3023,#3024);
#3022 = CARTESIAN_POINT('',(2.259807621135,0.4,-8.05));
#3023 = DIRECTION('',(0.,-1.,0.));
#3024 = DIRECTION('',(-0.866025403784,0.,0.5));
#3025 = ORIENTED_EDGE('',*,*,#3026,.F.);
#3026 = EDGE_CURVE('',#3027,#3018,#3029,.T.);
#3027 = VERTEX_POINT('',#3028);
#3028 = CARTESIAN_POINT('',(2.418578945162,0.4,-7.475));
#3029 = LINE('',#3030,#3031);
#3030 = CARTESIAN_POINT('',(2.418578945162,0.4,-7.475));
#3031 = VECTOR('',#3032,1.);
#3032 = DIRECTION('',(-0.5,0.,-0.866025403784));
#3033 = ORIENTED_EDGE('',*,*,#3034,.F.);
#3034 = EDGE_CURVE('',#3035,#3027,#3037,.T.);
#3035 = VERTEX_POINT('',#3036);
#3036 = CARTESIAN_POINT('',(2.375277674973,0.4,-7.4));
#3037 = CIRCLE('',#3038,5.E-02);
#3038 = AXIS2_PLACEMENT_3D('',#3039,#3040,#3041);
#3039 = CARTESIAN_POINT('',(2.375277674973,0.4,-7.45));
#3040 = DIRECTION('',(0.,1.,0.));
#3041 = DIRECTION('',(0.,-0.,1.));
#3042 = ORIENTED_EDGE('',*,*,#3043,.F.);
#3043 = EDGE_CURVE('',#3044,#3035,#3046,.T.);
#3044 = VERTEX_POINT('',#3045);
#3045 = CARTESIAN_POINT('',(1.124722325027,0.4,-7.4));
#3046 = LINE('',#3047,#3048);
#3047 = CARTESIAN_POINT('',(1.124722325027,0.4,-7.4));
#3048 = VECTOR('',#3049,1.);
#3049 = DIRECTION('',(1.,0.,0.));
#3050 = ORIENTED_EDGE('',*,*,#3051,.F.);
#3051 = EDGE_CURVE('',#3052,#3044,#3054,.T.);
#3052 = VERTEX_POINT('',#3053);
#3053 = CARTESIAN_POINT('',(1.081421054838,0.4,-7.475));
#3054 = CIRCLE('',#3055,5.E-02);
#3055 = AXIS2_PLACEMENT_3D('',#3056,#3057,#3058);
#3056 = CARTESIAN_POINT('',(1.124722325027,0.4,-7.45));
#3057 = DIRECTION('',(0.,1.,0.));
#3058 = DIRECTION('',(-0.866025403784,0.,-0.5));
#3059 = ORIENTED_EDGE('',*,*,#3060,.F.);
#3060 = EDGE_CURVE('',#2978,#3052,#3061,.T.);
#3061 = LINE('',#3062,#3063);
#3062 = CARTESIAN_POINT('',(1.370096189432,0.4,-7.975));
#3063 = VECTOR('',#3064,1.);
#3064 = DIRECTION('',(-0.5,0.,0.866025403784));
#3065 = ORIENTED_EDGE('',*,*,#2985,.F.);
#3066 = ORIENTED_EDGE('',*,*,#981,.F.);
#3067 = ORIENTED_EDGE('',*,*,#3068,.T.);
#3068 = EDGE_CURVE('',#974,#3001,#3069,.T.);
#3069 = LINE('',#3070,#3071);
#3070 = CARTESIAN_POINT('',(1.4,0.4,-8.2));
#3071 = VECTOR('',#3072,1.);
#3072 = DIRECTION('',(0.,0.,1.));
#3073 = PLANE('',#3074);
#3074 = AXIS2_PLACEMENT_3D('',#3075,#3076,#3077);
#3075 = CARTESIAN_POINT('',(5.25,0.4,0.));
#3076 = DIRECTION('',(0.,1.,0.));
#3077 = DIRECTION('',(-1.,0.,0.));
#3078 = ADVANCED_FACE('',(#3079),#3095,.T.);
#3079 = FACE_BOUND('',#3080,.F.);
#3080 = EDGE_LOOP('',(#3081,#3082,#3088,#3089));
#3081 = ORIENTED_EDGE('',*,*,#965,.F.);
#3082 = ORIENTED_EDGE('',*,*,#3083,.F.);
#3083 = EDGE_CURVE('',#3003,#958,#3084,.T.);
#3084 = LINE('',#3085,#3086);
#3085 = CARTESIAN_POINT('',(2.1,0.4,-7.44));
#3086 = VECTOR('',#3087,1.);
#3087 = DIRECTION('',(0.,-0.984794882735,-0.173721152825));
#3088 = ORIENTED_EDGE('',*,*,#3000,.F.);
#3089 = ORIENTED_EDGE('',*,*,#3090,.T.);
#3090 = EDGE_CURVE('',#3001,#966,#3091,.T.);
#3091 = LINE('',#3092,#3093);
#3092 = CARTESIAN_POINT('',(1.4,0.4,-7.44));
#3093 = VECTOR('',#3094,1.);
#3094 = DIRECTION('',(0.,-0.984794882735,-0.173721152825));
#3095 = PLANE('',#3096);
#3096 = AXIS2_PLACEMENT_3D('',#3097,#3098,#3099);
#3097 = CARTESIAN_POINT('',(2.1,0.4,-7.44));
#3098 = DIRECTION('',(0.,0.173721152825,-0.984794882735));
#3099 = DIRECTION('',(0.,-0.984794882735,-0.173721152825));
#3100 = ADVANCED_FACE('',(#3101),#3106,.F.);
#3101 = FACE_BOUND('',#3102,.F.);
#3102 = EDGE_LOOP('',(#3103,#3104,#3105));
#3103 = ORIENTED_EDGE('',*,*,#3083,.T.);
#3104 = ORIENTED_EDGE('',*,*,#957,.T.);
#3105 = ORIENTED_EDGE('',*,*,#3010,.T.);
#3106 = PLANE('',#3107);
#3107 = AXIS2_PLACEMENT_3D('',#3108,#3109,#3110);
#3108 = CARTESIAN_POINT('',(2.1,0.4,-7.44));
#3109 = DIRECTION('',(1.,0.,0.));
#3110 = DIRECTION('',(0.,0.,-1.));
#3111 = ADVANCED_FACE('',(#3112),#3117,.F.);
#3112 = FACE_BOUND('',#3113,.F.);
#3113 = EDGE_LOOP('',(#3114,#3115,#3116));
#3114 = ORIENTED_EDGE('',*,*,#3090,.F.);
#3115 = ORIENTED_EDGE('',*,*,#3068,.F.);
#3116 = ORIENTED_EDGE('',*,*,#973,.F.);
#3117 = PLANE('',#3118);
#3118 = AXIS2_PLACEMENT_3D('',#3119,#3120,#3121);
#3119 = CARTESIAN_POINT('',(1.4,0.4,-8.2));
#3120 = DIRECTION('',(-1.,0.,0.));
#3121 = DIRECTION('',(0.,0.,1.));
#3122 = ADVANCED_FACE('',(#3123),#3134,.T.);
#3123 = FACE_BOUND('',#3124,.T.);
#3124 = EDGE_LOOP('',(#3125,#3131,#3132,#3133));
#3125 = ORIENTED_EDGE('',*,*,#3126,.F.);
#3126 = EDGE_CURVE('',#1479,#3018,#3127,.T.);
#3127 = LINE('',#3128,#3129);
#3128 = CARTESIAN_POINT('',(2.129903810568,2.7,-7.975));
#3129 = VECTOR('',#3130,1.);
#3130 = DIRECTION('',(0.,-1.,0.));
#3131 = ORIENTED_EDGE('',*,*,#1486,.F.);
#3132 = ORIENTED_EDGE('',*,*,#941,.F.);
#3133 = ORIENTED_EDGE('',*,*,#3017,.F.);
#3134 = CYLINDRICAL_SURFACE('',#3135,0.15);
#3135 = AXIS2_PLACEMENT_3D('',#3136,#3137,#3138);
#3136 = CARTESIAN_POINT('',(2.259807621135,2.7,-8.05));
#3137 = DIRECTION('',(0.,1.,0.));
#3138 = DIRECTION('',(-1.,0.,0.));
#3139 = ADVANCED_FACE('',(#3140),#3151,.F.);
#3140 = FACE_BOUND('',#3141,.F.);
#3141 = EDGE_LOOP('',(#3142,#3148,#3149,#3150));
#3142 = ORIENTED_EDGE('',*,*,#3143,.T.);
#3143 = EDGE_CURVE('',#1470,#3027,#3144,.T.);
#3144 = LINE('',#3145,#3146);
#3145 = CARTESIAN_POINT('',(2.418578945162,2.7,-7.475));
#3146 = VECTOR('',#3147,1.);
#3147 = DIRECTION('',(0.,-1.,0.));
#3148 = ORIENTED_EDGE('',*,*,#3026,.T.);
#3149 = ORIENTED_EDGE('',*,*,#3126,.F.);
#3150 = ORIENTED_EDGE('',*,*,#1478,.F.);
#3151 = PLANE('',#3152);
#3152 = AXIS2_PLACEMENT_3D('',#3153,#3154,#3155);
#3153 = CARTESIAN_POINT('',(2.418578945162,2.7,-7.475));
#3154 = DIRECTION('',(0.866025403784,0.,-0.5));
#3155 = DIRECTION('',(-0.5,0.,-0.866025403784));
#3156 = ADVANCED_FACE('',(#3157),#3168,.F.);
#3157 = FACE_BOUND('',#3158,.F.);
#3158 = EDGE_LOOP('',(#3159,#3165,#3166,#3167));
#3159 = ORIENTED_EDGE('',*,*,#3160,.T.);
#3160 = EDGE_CURVE('',#1462,#3035,#3161,.T.);
#3161 = LINE('',#3162,#3163);
#3162 = CARTESIAN_POINT('',(2.375277674973,2.7,-7.4));
#3163 = VECTOR('',#3164,1.);
#3164 = DIRECTION('',(0.,-1.,0.));
#3165 = ORIENTED_EDGE('',*,*,#3034,.T.);
#3166 = ORIENTED_EDGE('',*,*,#3143,.F.);
#3167 = ORIENTED_EDGE('',*,*,#1469,.F.);
#3168 = CYLINDRICAL_SURFACE('',#3169,5.E-02);
#3169 = AXIS2_PLACEMENT_3D('',#3170,#3171,#3172);
#3170 = CARTESIAN_POINT('',(2.375277674973,2.7,-7.45));
#3171 = DIRECTION('',(0.,1.,0.));
#3172 = DIRECTION('',(-1.,0.,0.));
#3173 = ADVANCED_FACE('',(#3174),#3185,.F.);
#3174 = FACE_BOUND('',#3175,.F.);
#3175 = EDGE_LOOP('',(#3176,#3177,#3178,#3184));
#3176 = ORIENTED_EDGE('',*,*,#3160,.F.);
#3177 = ORIENTED_EDGE('',*,*,#1461,.F.);
#3178 = ORIENTED_EDGE('',*,*,#3179,.T.);
#3179 = EDGE_CURVE('',#1453,#3044,#3180,.T.);
#3180 = LINE('',#3181,#3182);
#3181 = CARTESIAN_POINT('',(1.124722325027,2.7,-7.4));
#3182 = VECTOR('',#3183,1.);
#3183 = DIRECTION('',(0.,-1.,0.));
#3184 = ORIENTED_EDGE('',*,*,#3043,.T.);
#3185 = PLANE('',#3186);
#3186 = AXIS2_PLACEMENT_3D('',#3187,#3188,#3189);
#3187 = CARTESIAN_POINT('',(1.124722325027,2.7,-7.4));
#3188 = DIRECTION('',(0.,0.,1.));
#3189 = DIRECTION('',(1.,0.,-0.));
#3190 = ADVANCED_FACE('',(#3191),#3202,.F.);
#3191 = FACE_BOUND('',#3192,.F.);
#3192 = EDGE_LOOP('',(#3193,#3199,#3200,#3201));
#3193 = ORIENTED_EDGE('',*,*,#3194,.T.);
#3194 = EDGE_CURVE('',#1445,#3052,#3195,.T.);
#3195 = LINE('',#3196,#3197);
#3196 = CARTESIAN_POINT('',(1.081421054838,2.7,-7.475));
#3197 = VECTOR('',#3198,1.);
#3198 = DIRECTION('',(0.,-1.,0.));
#3199 = ORIENTED_EDGE('',*,*,#3051,.T.);
#3200 = ORIENTED_EDGE('',*,*,#3179,.F.);
#3201 = ORIENTED_EDGE('',*,*,#1452,.F.);
#3202 = CYLINDRICAL_SURFACE('',#3203,5.E-02);
#3203 = AXIS2_PLACEMENT_3D('',#3204,#3205,#3206);
#3204 = CARTESIAN_POINT('',(1.124722325027,2.7,-7.45));
#3205 = DIRECTION('',(0.,1.,0.));
#3206 = DIRECTION('',(-1.,0.,0.));
#3207 = ADVANCED_FACE('',(#3208),#3214,.F.);
#3208 = FACE_BOUND('',#3209,.F.);
#3209 = EDGE_LOOP('',(#3210,#3211,#3212,#3213));
#3210 = ORIENTED_EDGE('',*,*,#2977,.T.);
#3211 = ORIENTED_EDGE('',*,*,#3060,.T.);
#3212 = ORIENTED_EDGE('',*,*,#3194,.F.);
#3213 = ORIENTED_EDGE('',*,*,#1444,.F.);
#3214 = PLANE('',#3215);
#3215 = AXIS2_PLACEMENT_3D('',#3216,#3217,#3218);
#3216 = CARTESIAN_POINT('',(1.370096189432,2.7,-7.975));
#3217 = DIRECTION('',(-0.866025403784,0.,-0.5));
#3218 = DIRECTION('',(-0.5,0.,0.866025403784));
#3219 = ADVANCED_FACE('',(#3220),#3254,.F.);
#3220 = FACE_BOUND('',#3221,.F.);
#3221 = EDGE_LOOP('',(#3222,#3230,#3238,#3246,#3252,#3253));
#3222 = ORIENTED_EDGE('',*,*,#3223,.F.);
#3223 = EDGE_CURVE('',#3224,#918,#3226,.T.);
#3224 = VERTEX_POINT('',#3225);
#3225 = CARTESIAN_POINT('',(2.975,-2.7,-7.986942822023));
#3226 = LINE('',#3227,#3228);
#3227 = CARTESIAN_POINT('',(2.975,-2.7,-7.986942822023));
#3228 = VECTOR('',#3229,1.);
#3229 = DIRECTION('',(0.,-0.984807753012,-0.173648177667));
#3230 = ORIENTED_EDGE('',*,*,#3231,.T.);
#3231 = EDGE_CURVE('',#3224,#3232,#3234,.T.);
#3232 = VERTEX_POINT('',#3233);
#3233 = CARTESIAN_POINT('',(2.975,-2.7,-7.349999822023));
#3234 = LINE('',#3235,#3236);
#3235 = CARTESIAN_POINT('',(2.975,-2.7,-7.986942822023));
#3236 = VECTOR('',#3237,1.);
#3237 = DIRECTION('',(0.,0.,1.));
#3238 = ORIENTED_EDGE('',*,*,#3239,.T.);
#3239 = EDGE_CURVE('',#3232,#3240,#3242,.T.);
#3240 = VERTEX_POINT('',#3241);
#3241 = CARTESIAN_POINT('',(2.975,-1.063242112547,-7.349999822023));
#3242 = LINE('',#3243,#3244);
#3243 = CARTESIAN_POINT('',(2.975,-2.7,-7.349999822023));
#3244 = VECTOR('',#3245,1.);
#3245 = DIRECTION('',(0.,1.,0.));
#3246 = ORIENTED_EDGE('',*,*,#3247,.T.);
#3247 = EDGE_CURVE('',#3240,#1495,#3248,.T.);
#3248 = LINE('',#3249,#3250);
#3249 = CARTESIAN_POINT('',(2.975,-1.063242112547,-7.349999822023));
#3250 = VECTOR('',#3251,1.);
#3251 = DIRECTION('',(0.,0.998629534755,5.233595624294E-02));
#3252 = ORIENTED_EDGE('',*,*,#1494,.F.);
#3253 = ORIENTED_EDGE('',*,*,#925,.T.);
#3254 = PLANE('',#3255);
#3255 = AXIS2_PLACEMENT_3D('',#3256,#3257,#3258);
#3256 = CARTESIAN_POINT('',(2.975,2.7,-8.2));
#3257 = DIRECTION('',(-1.,0.,0.));
#3258 = DIRECTION('',(0.,1.,0.));
#3259 = ADVANCED_FACE('',(#3260),#3278,.F.);
#3260 = FACE_BOUND('',#3261,.F.);
#3261 = EDGE_LOOP('',(#3262,#3263,#3264,#3272));
#3262 = ORIENTED_EDGE('',*,*,#3223,.T.);
#3263 = ORIENTED_EDGE('',*,*,#917,.F.);
#3264 = ORIENTED_EDGE('',*,*,#3265,.T.);
#3265 = EDGE_CURVE('',#910,#3266,#3268,.T.);
#3266 = VERTEX_POINT('',#3267);
#3267 = CARTESIAN_POINT('',(4.025,-2.7,-7.986942822023));
#3268 = LINE('',#3269,#3270);
#3269 = CARTESIAN_POINT('',(4.025,-3.9083073,-8.2));
#3270 = VECTOR('',#3271,1.);
#3271 = DIRECTION('',(0.,0.984807753012,0.173648177667));
#3272 = ORIENTED_EDGE('',*,*,#3273,.T.);
#3273 = EDGE_CURVE('',#3266,#3224,#3274,.T.);
#3274 = LINE('',#3275,#3276);
#3275 = CARTESIAN_POINT('',(4.025,-2.7,-7.986942822023));
#3276 = VECTOR('',#3277,1.);
#3277 = DIRECTION('',(-1.,0.,0.));
#3278 = PLANE('',#3279);
#3279 = AXIS2_PLACEMENT_3D('',#3280,#3281,#3282);
#3280 = CARTESIAN_POINT('',(4.025,-3.9083073,-8.2));
#3281 = DIRECTION('',(0.,-0.173648177667,0.984807753012));
#3282 = DIRECTION('',(0.,0.984807753012,0.173648177667));
#3283 = ADVANCED_FACE('',(#3284),#3311,.T.);
#3284 = FACE_BOUND('',#3285,.F.);
#3285 = EDGE_LOOP('',(#3286,#3287,#3288,#3289,#3297,#3305));
#3286 = ORIENTED_EDGE('',*,*,#3265,.F.);
#3287 = ORIENTED_EDGE('',*,*,#909,.F.);
#3288 = ORIENTED_EDGE('',*,*,#1510,.T.);
#3289 = ORIENTED_EDGE('',*,*,#3290,.F.);
#3290 = EDGE_CURVE('',#3291,#1503,#3293,.T.);
#3291 = VERTEX_POINT('',#3292);
#3292 = CARTESIAN_POINT('',(4.025,-1.063242112547,-7.349999822023));
#3293 = LINE('',#3294,#3295);
#3294 = CARTESIAN_POINT('',(4.025,-1.063242112547,-7.349999822023));
#3295 = VECTOR('',#3296,1.);
#3296 = DIRECTION('',(0.,0.998629534755,5.233595624294E-02));
#3297 = ORIENTED_EDGE('',*,*,#3298,.F.);
#3298 = EDGE_CURVE('',#3299,#3291,#3301,.T.);
#3299 = VERTEX_POINT('',#3300);
#3300 = CARTESIAN_POINT('',(4.025,-2.7,-7.349999822023));
#3301 = LINE('',#3302,#3303);
#3302 = CARTESIAN_POINT('',(4.025,-2.7,-7.349999822023));
#3303 = VECTOR('',#3304,1.);
#3304 = DIRECTION('',(0.,1.,0.));
#3305 = ORIENTED_EDGE('',*,*,#3306,.F.);
#3306 = EDGE_CURVE('',#3266,#3299,#3307,.T.);
#3307 = LINE('',#3308,#3309);
#3308 = CARTESIAN_POINT('',(4.025,-2.7,-7.986942822023));
#3309 = VECTOR('',#3310,1.);
#3310 = DIRECTION('',(0.,0.,1.));
#3311 = PLANE('',#3312);
#3312 = AXIS2_PLACEMENT_3D('',#3313,#3314,#3315);
#3313 = CARTESIAN_POINT('',(4.025,2.7,-8.2));
#3314 = DIRECTION('',(-1.,0.,0.));
#3315 = DIRECTION('',(0.,1.,0.));
#3316 = ADVANCED_FACE('',(#3317),#3328,.F.);
#3317 = FACE_BOUND('',#3318,.F.);
#3318 = EDGE_LOOP('',(#3319,#3320,#3321,#3322));
#3319 = ORIENTED_EDGE('',*,*,#3290,.T.);
#3320 = ORIENTED_EDGE('',*,*,#1502,.T.);
#3321 = ORIENTED_EDGE('',*,*,#3247,.F.);
#3322 = ORIENTED_EDGE('',*,*,#3323,.F.);
#3323 = EDGE_CURVE('',#3291,#3240,#3324,.T.);
#3324 = LINE('',#3325,#3326);
#3325 = CARTESIAN_POINT('',(4.025,-1.063242112547,-7.349999822023));
#3326 = VECTOR('',#3327,1.);
#3327 = DIRECTION('',(-1.,0.,0.));
#3328 = PLANE('',#3329);
#3329 = AXIS2_PLACEMENT_3D('',#3330,#3331,#3332);
#3330 = CARTESIAN_POINT('',(4.025,-1.063242112547,-7.349999822023));
#3331 = DIRECTION('',(0.,-5.233595624294E-02,0.998629534755));
#3332 = DIRECTION('',(0.,0.998629534755,5.233595624294E-02));
#3333 = ADVANCED_FACE('',(#3334),#3393,.F.);
#3334 = FACE_BOUND('',#3335,.F.);
#3335 = EDGE_LOOP('',(#3336,#3346,#3354,#3362,#3368,#3369,#3370,#3371,
    #3379,#3387));
#3336 = ORIENTED_EDGE('',*,*,#3337,.T.);
#3337 = EDGE_CURVE('',#3338,#3340,#3342,.T.);
#3338 = VERTEX_POINT('',#3339);
#3339 = CARTESIAN_POINT('',(3.43639702,-1.96234237,-7.349999822023));
#3340 = VERTEX_POINT('',#3341);
#3341 = CARTESIAN_POINT('',(3.56360298,-1.96234237,-7.349999822023));
#3342 = LINE('',#3343,#3344);
#3343 = CARTESIAN_POINT('',(3.43639702,-1.96234237,-7.349999822023));
#3344 = VECTOR('',#3345,1.);
#3345 = DIRECTION('',(1.,0.,0.));
#3346 = ORIENTED_EDGE('',*,*,#3347,.T.);
#3347 = EDGE_CURVE('',#3340,#3348,#3350,.T.);
#3348 = VERTEX_POINT('',#3349);
#3349 = CARTESIAN_POINT('',(3.763602994535,-2.511837893824,
    -7.349999822023));
#3350 = LINE('',#3351,#3352);
#3351 = CARTESIAN_POINT('',(3.56360298,-1.96234237,-7.349999822023));
#3352 = VECTOR('',#3353,1.);
#3353 = DIRECTION('',(0.342020143326,-0.939692620786,0.));
#3354 = ORIENTED_EDGE('',*,*,#3355,.T.);
#3355 = EDGE_CURVE('',#3348,#3356,#3358,.T.);
#3356 = VERTEX_POINT('',#3357);
#3357 = CARTESIAN_POINT('',(3.79999975,-2.7,-7.349999822023));
#3358 = LINE('',#3359,#3360);
#3359 = CARTESIAN_POINT('',(3.763602994535,-2.511837893824,
    -7.349999822023));
#3360 = VECTOR('',#3361,1.);
#3361 = DIRECTION('',(0.189912682589,-0.981800984412,0.));
#3362 = ORIENTED_EDGE('',*,*,#3363,.F.);
#3363 = EDGE_CURVE('',#3299,#3356,#3364,.T.);
#3364 = LINE('',#3365,#3366);
#3365 = CARTESIAN_POINT('',(4.025,-2.7,-7.349999822023));
#3366 = VECTOR('',#3367,1.);
#3367 = DIRECTION('',(-1.,0.,0.));
#3368 = ORIENTED_EDGE('',*,*,#3298,.T.);
#3369 = ORIENTED_EDGE('',*,*,#3323,.T.);
#3370 = ORIENTED_EDGE('',*,*,#3239,.F.);
#3371 = ORIENTED_EDGE('',*,*,#3372,.F.);
#3372 = EDGE_CURVE('',#3373,#3232,#3375,.T.);
#3373 = VERTEX_POINT('',#3374);
#3374 = CARTESIAN_POINT('',(3.20000025,-2.7,-7.349999822023));
#3375 = LINE('',#3376,#3377);
#3376 = CARTESIAN_POINT('',(3.20000025,-2.7,-7.349999822023));
#3377 = VECTOR('',#3378,1.);
#3378 = DIRECTION('',(-1.,0.,0.));
#3379 = ORIENTED_EDGE('',*,*,#3380,.T.);
#3380 = EDGE_CURVE('',#3373,#3381,#3383,.T.);
#3381 = VERTEX_POINT('',#3382);
#3382 = CARTESIAN_POINT('',(3.236397005465,-2.511837893824,
    -7.349999822023));
#3383 = LINE('',#3384,#3385);
#3384 = CARTESIAN_POINT('',(3.20000025,-2.7,-7.349999822023));
#3385 = VECTOR('',#3386,1.);
#3386 = DIRECTION('',(0.189912682589,0.981800984412,0.));
#3387 = ORIENTED_EDGE('',*,*,#3388,.T.);
#3388 = EDGE_CURVE('',#3381,#3338,#3389,.T.);
#3389 = LINE('',#3390,#3391);
#3390 = CARTESIAN_POINT('',(3.236397005465,-2.511837893824,
    -7.349999822023));
#3391 = VECTOR('',#3392,1.);
#3392 = DIRECTION('',(0.342020143326,0.939692620786,0.));
#3393 = PLANE('',#3394);
#3394 = AXIS2_PLACEMENT_3D('',#3395,#3396,#3397);
#3395 = CARTESIAN_POINT('',(4.025,-2.7,-7.349999822023));
#3396 = DIRECTION('',(0.,0.,1.));
#3397 = DIRECTION('',(0.,1.,0.));
#3398 = ADVANCED_FACE('',(#3399),#3450,.T.);
#3399 = FACE_BOUND('',#3400,.F.);
#3400 = EDGE_LOOP('',(#3401,#3416,#3424,#3437,#3443,#3444));
#3401 = ORIENTED_EDGE('',*,*,#3402,.F.);
#3402 = EDGE_CURVE('',#3403,#3405,#3407,.T.);
#3403 = VERTEX_POINT('',#3404);
#3404 = CARTESIAN_POINT('',(3.338250649097,-2.511837853891,
    -7.549999822023));
#3405 = VERTEX_POINT('',#3406);
#3406 = CARTESIAN_POINT('',(3.277732864732,-2.398268553874,
    -7.508663977291));
#3407 = B_SPLINE_CURVE_WITH_KNOTS('',3,(#3408,#3409,#3410,#3411,#3412,
    #3413,#3414,#3415),.UNSPECIFIED.,.F.,.F.,(4,1,1,1,1,4),(0.,0.125,
    0.25,0.5,0.75,1.),.UNSPECIFIED.);
#3408 = CARTESIAN_POINT('',(3.338250649097,-2.511837853891,
    -7.549999822023));
#3409 = CARTESIAN_POINT('',(3.331036221299,-2.511837853891,
    -7.549999822023));
#3410 = CARTESIAN_POINT('',(3.320234870796,-2.508180047231,
    -7.548668489276));
#3411 = CARTESIAN_POINT('',(3.304452145752,-2.494995842065,
    -7.543869831033));
#3412 = CARTESIAN_POINT('',(3.291572204644,-2.471609913265,
    -7.535358049049));
#3413 = CARTESIAN_POINT('',(3.282055499159,-2.437557962863,
    -7.522964152684));
#3414 = CARTESIAN_POINT('',(3.278748719177,-2.411793597576,
    -7.513586690615));
#3415 = CARTESIAN_POINT('',(3.277732864732,-2.398268553874,
    -7.508663977291));
#3416 = ORIENTED_EDGE('',*,*,#3417,.T.);
#3417 = EDGE_CURVE('',#3403,#3418,#3420,.T.);
#3418 = VERTEX_POINT('',#3419);
#3419 = CARTESIAN_POINT('',(3.661749350903,-2.511837853891,
    -7.549999822023));
#3420 = LINE('',#3421,#3422);
#3421 = CARTESIAN_POINT('',(3.338250649097,-2.511837853891,
    -7.549999822023));
#3422 = VECTOR('',#3423,1.);
#3423 = DIRECTION('',(1.,0.,0.));
#3424 = ORIENTED_EDGE('',*,*,#3425,.F.);
#3425 = EDGE_CURVE('',#3426,#3418,#3428,.T.);
#3426 = VERTEX_POINT('',#3427);
#3427 = CARTESIAN_POINT('',(3.722267135268,-2.398268553874,
    -7.508663977291));
#3428 = B_SPLINE_CURVE_WITH_KNOTS('',3,(#3429,#3430,#3431,#3432,#3433,
    #3434,#3435,#3436),.UNSPECIFIED.,.F.,.F.,(4,1,1,1,1,4),(0.,0.25,0.5,
    0.75,0.875,1.),.UNSPECIFIED.);
#3429 = CARTESIAN_POINT('',(3.722267135268,-2.398268553874,
    -7.508663977291));
#3430 = CARTESIAN_POINT('',(3.721251280823,-2.411793597576,
    -7.513586690615));
#3431 = CARTESIAN_POINT('',(3.717944500841,-2.437557962863,
    -7.522964152684));
#3432 = CARTESIAN_POINT('',(3.708427795356,-2.471609913265,
    -7.535358049049));
#3433 = CARTESIAN_POINT('',(3.695547854248,-2.494995842065,
    -7.543869831033));
#3434 = CARTESIAN_POINT('',(3.679765129204,-2.508180047231,
    -7.548668489276));
#3435 = CARTESIAN_POINT('',(3.668963778701,-2.511837853891,
    -7.549999822023));
#3436 = CARTESIAN_POINT('',(3.661749350903,-2.511837853891,
    -7.549999822023));
#3437 = ORIENTED_EDGE('',*,*,#3438,.T.);
#3438 = EDGE_CURVE('',#3426,#3340,#3439,.T.);
#3439 = LINE('',#3440,#3441);
#3440 = CARTESIAN_POINT('',(3.722267135268,-2.398268553874,
    -7.508663977291));
#3441 = VECTOR('',#3442,1.);
#3442 = DIRECTION('',(-0.323615577118,0.889126490716,0.323615577118));
#3443 = ORIENTED_EDGE('',*,*,#3337,.F.);
#3444 = ORIENTED_EDGE('',*,*,#3445,.T.);
#3445 = EDGE_CURVE('',#3338,#3405,#3446,.T.);
#3446 = LINE('',#3447,#3448);
#3447 = CARTESIAN_POINT('',(3.43639702,-1.96234237,-7.349999822023));
#3448 = VECTOR('',#3449,1.);
#3449 = DIRECTION('',(-0.323615577118,-0.889126490716,-0.323615577118));
#3450 = PLANE('',#3451);
#3451 = AXIS2_PLACEMENT_3D('',#3452,#3453,#3454);
#3452 = CARTESIAN_POINT('',(3.5,-2.237090111945,-7.449999822023));
#3453 = DIRECTION('',(0.,0.342020143326,-0.939692620786));
#3454 = DIRECTION('',(0.,0.939692620786,0.342020143326));
#3455 = ADVANCED_FACE('',(#3456),#3502,.T.);
#3456 = FACE_BOUND('',#3457,.T.);
#3457 = EDGE_LOOP('',(#3458,#3466,#3480,#3488,#3501));
#3458 = ORIENTED_EDGE('',*,*,#3459,.F.);
#3459 = EDGE_CURVE('',#3460,#3403,#3462,.T.);
#3460 = VERTEX_POINT('',#3461);
#3461 = CARTESIAN_POINT('',(3.301853885908,-2.7,-7.549999822023));
#3462 = LINE('',#3463,#3464);
#3463 = CARTESIAN_POINT('',(3.301853885908,-2.7,-7.549999822023));
#3464 = VECTOR('',#3465,1.);
#3465 = DIRECTION('',(0.189912682589,0.981800984412,0.));
#3466 = ORIENTED_EDGE('',*,*,#3467,.F.);
#3467 = EDGE_CURVE('',#3468,#3460,#3470,.T.);
#3468 = VERTEX_POINT('',#3469);
#3469 = CARTESIAN_POINT('',(3.20000025,-2.7,-7.449999822023));
#3470 = B_SPLINE_CURVE_WITH_KNOTS('',3,(#3471,#3472,#3473,#3474,#3475,
    #3476,#3477,#3478,#3479),.UNSPECIFIED.,.F.,.F.,(4,1,1,1,1,1,4),(0.,
    0.125,0.25,0.5,0.75,0.875,1.),.UNSPECIFIED.);
#3471 = CARTESIAN_POINT('',(3.20000025,-2.7,-7.449999822023));
#3472 = CARTESIAN_POINT('',(3.20000025,-2.7,-7.458410390186));
#3473 = CARTESIAN_POINT('',(3.202039521276,-2.7,-7.473192255235));
#3474 = CARTESIAN_POINT('',(3.210880332638,-2.7,-7.497993716525));
#3475 = CARTESIAN_POINT('',(3.228605534451,-2.7,-7.522321355525));
#3476 = CARTESIAN_POINT('',(3.253435365795,-2.7,-7.539544364996));
#3477 = CARTESIAN_POINT('',(3.278560194083,-2.7,-7.548061809359));
#3478 = CARTESIAN_POINT('',(3.293443317745,-2.7,-7.549999822023));
#3479 = CARTESIAN_POINT('',(3.301853885908,-2.7,-7.549999822023));
#3480 = ORIENTED_EDGE('',*,*,#3481,.T.);
#3481 = EDGE_CURVE('',#3468,#3482,#3484,.T.);
#3482 = VERTEX_POINT('',#3483);
#3483 = CARTESIAN_POINT('',(3.236397005465,-2.511837893824,
    -7.449999822023));
#3484 = LINE('',#3485,#3486);
#3485 = CARTESIAN_POINT('',(3.20000025,-2.7,-7.449999822023));
#3486 = VECTOR('',#3487,1.);
#3487 = DIRECTION('',(0.189912682589,0.981800984412,3.244065052006E-14)
  );
#3488 = ORIENTED_EDGE('',*,*,#3489,.F.);
#3489 = EDGE_CURVE('',#3405,#3482,#3490,.T.);
#3490 = B_SPLINE_CURVE_WITH_KNOTS('',3,(#3491,#3492,#3493,#3494,#3495,
    #3496,#3497,#3498,#3499,#3500),.UNSPECIFIED.,.F.,.F.,(4,1,1,1,1,1,1,
    4),(0.,0.25,0.5,0.625,0.75,0.875,0.9375,1.),.UNSPECIFIED.);
#3491 = CARTESIAN_POINT('',(3.277732864732,-2.398268553874,
    -7.508663977291));
#3492 = CARTESIAN_POINT('',(3.273385409445,-2.410213089107,
    -7.505903132423));
#3493 = CARTESIAN_POINT('',(3.264887040352,-2.433562166295,
    -7.499918208719));
#3494 = CARTESIAN_POINT('',(3.254938440717,-2.460895719145,
    -7.490847632547));
#3495 = CARTESIAN_POINT('',(3.24763820104,-2.480952962815,
    -7.482038804976));
#3496 = CARTESIAN_POINT('',(3.242642444235,-2.494678691832,
    -7.474302219279));
#3497 = CARTESIAN_POINT('',(3.239076055624,-2.504477264007,
    -7.466448586908));
#3498 = CARTESIAN_POINT('',(3.236998497675,-2.51018530756,-7.45833775916
    ));
#3499 = CARTESIAN_POINT('',(3.236397005465,-2.511837893824,
    -7.453251692194));
#3500 = CARTESIAN_POINT('',(3.236397005465,-2.511837893824,
    -7.449999822023));
#3501 = ORIENTED_EDGE('',*,*,#3402,.F.);
#3502 = CYLINDRICAL_SURFACE('',#3503,0.1);
#3503 = AXIS2_PLACEMENT_3D('',#3504,#3505,#3506);
#3504 = CARTESIAN_POINT('',(-2.050076121372,-30.36813715665,
    -7.449999822023));
#3505 = DIRECTION('',(0.189912682589,0.981800984412,0.));
#3506 = DIRECTION('',(0.,0.,-1.));
#3507 = ADVANCED_FACE('',(#3508),#3519,.T.);
#3508 = FACE_BOUND('',#3509,.F.);
#3509 = EDGE_LOOP('',(#3510,#3511,#3512,#3513));
#3510 = ORIENTED_EDGE('',*,*,#3489,.F.);
#3511 = ORIENTED_EDGE('',*,*,#3445,.F.);
#3512 = ORIENTED_EDGE('',*,*,#3388,.F.);
#3513 = ORIENTED_EDGE('',*,*,#3514,.T.);
#3514 = EDGE_CURVE('',#3381,#3482,#3515,.T.);
#3515 = LINE('',#3516,#3517);
#3516 = CARTESIAN_POINT('',(3.236397005465,-2.511837893824,
    -7.349999822023));
#3517 = VECTOR('',#3518,1.);
#3518 = DIRECTION('',(0.,-1.7763568394E-14,-1.));
#3519 = PLANE('',#3520);
#3520 = AXIS2_PLACEMENT_3D('',#3521,#3522,#3523);
#3521 = CARTESIAN_POINT('',(3.236397005465,-2.511837893824,
    -7.349999822023));
#3522 = DIRECTION('',(-0.939692620786,0.342020143326,0.));
#3523 = DIRECTION('',(0.342020143326,0.939692620786,0.));
#3524 = ADVANCED_FACE('',(#3525),#3536,.T.);
#3525 = FACE_BOUND('',#3526,.F.);
#3526 = EDGE_LOOP('',(#3527,#3528,#3529,#3530));
#3527 = ORIENTED_EDGE('',*,*,#3481,.T.);
#3528 = ORIENTED_EDGE('',*,*,#3514,.F.);
#3529 = ORIENTED_EDGE('',*,*,#3380,.F.);
#3530 = ORIENTED_EDGE('',*,*,#3531,.T.);
#3531 = EDGE_CURVE('',#3373,#3468,#3532,.T.);
#3532 = LINE('',#3533,#3534);
#3533 = CARTESIAN_POINT('',(3.20000025,-2.7,-7.349999822023));
#3534 = VECTOR('',#3535,1.);
#3535 = DIRECTION('',(0.,0.,-1.));
#3536 = PLANE('',#3537);
#3537 = AXIS2_PLACEMENT_3D('',#3538,#3539,#3540);
#3538 = CARTESIAN_POINT('',(3.20000025,-2.7,-7.349999822023));
#3539 = DIRECTION('',(-0.981800984412,0.189912682589,0.));
#3540 = DIRECTION('',(0.189912682589,0.981800984412,0.));
#3541 = ADVANCED_FACE('',(#3542),#3579,.F.);
#3542 = FACE_BOUND('',#3543,.F.);
#3543 = EDGE_LOOP('',(#3544,#3552,#3566,#3572,#3573,#3574,#3575,#3576,
    #3577,#3578));
#3544 = ORIENTED_EDGE('',*,*,#3545,.T.);
#3545 = EDGE_CURVE('',#3356,#3546,#3548,.T.);
#3546 = VERTEX_POINT('',#3547);
#3547 = CARTESIAN_POINT('',(3.79999975,-2.7,-7.449999822023));
#3548 = LINE('',#3549,#3550);
#3549 = CARTESIAN_POINT('',(3.79999975,-2.7,-7.349999822023));
#3550 = VECTOR('',#3551,1.);
#3551 = DIRECTION('',(0.,0.,-1.));
#3552 = ORIENTED_EDGE('',*,*,#3553,.F.);
#3553 = EDGE_CURVE('',#3554,#3546,#3556,.T.);
#3554 = VERTEX_POINT('',#3555);
#3555 = CARTESIAN_POINT('',(3.698146114092,-2.7,-7.549999822023));
#3556 = B_SPLINE_CURVE_WITH_KNOTS('',3,(#3557,#3558,#3559,#3560,#3561,
    #3562,#3563,#3564,#3565),.UNSPECIFIED.,.F.,.F.,(4,1,1,1,1,1,4),(0.,
    0.125,0.25,0.5,0.75,0.875,1.),.UNSPECIFIED.);
#3557 = CARTESIAN_POINT('',(3.698146114092,-2.7,-7.549999822023));
#3558 = CARTESIAN_POINT('',(3.706556682255,-2.7,-7.549999822023));
#3559 = CARTESIAN_POINT('',(3.721439805917,-2.7,-7.548061809359));
#3560 = CARTESIAN_POINT('',(3.746564634205,-2.7,-7.539544364996));
#3561 = CARTESIAN_POINT('',(3.771394465549,-2.7,-7.522321355525));
#3562 = CARTESIAN_POINT('',(3.789119667362,-2.7,-7.497993716525));
#3563 = CARTESIAN_POINT('',(3.797960478724,-2.7,-7.473192255235));
#3564 = CARTESIAN_POINT('',(3.79999975,-2.7,-7.458410390186));
#3565 = CARTESIAN_POINT('',(3.79999975,-2.7,-7.449999822023));
#3566 = ORIENTED_EDGE('',*,*,#3567,.F.);
#3567 = EDGE_CURVE('',#3460,#3554,#3568,.T.);
#3568 = LINE('',#3569,#3570);
#3569 = CARTESIAN_POINT('',(3.301853885908,-2.7,-7.549999822023));
#3570 = VECTOR('',#3571,1.);
#3571 = DIRECTION('',(1.,0.,0.));
#3572 = ORIENTED_EDGE('',*,*,#3467,.F.);
#3573 = ORIENTED_EDGE('',*,*,#3531,.F.);
#3574 = ORIENTED_EDGE('',*,*,#3372,.T.);
#3575 = ORIENTED_EDGE('',*,*,#3231,.F.);
#3576 = ORIENTED_EDGE('',*,*,#3273,.F.);
#3577 = ORIENTED_EDGE('',*,*,#3306,.T.);
#3578 = ORIENTED_EDGE('',*,*,#3363,.T.);
#3579 = PLANE('',#3580);
#3580 = AXIS2_PLACEMENT_3D('',#3581,#3582,#3583);
#3581 = CARTESIAN_POINT('',(4.025,-2.7,-7.986942822023));
#3582 = DIRECTION('',(0.,-1.,0.));
#3583 = DIRECTION('',(0.,0.,1.));
#3584 = ADVANCED_FACE('',(#3585),#3603,.T.);
#3585 = FACE_BOUND('',#3586,.F.);
#3586 = EDGE_LOOP('',(#3587,#3595,#3596,#3597));
#3587 = ORIENTED_EDGE('',*,*,#3588,.T.);
#3588 = EDGE_CURVE('',#3589,#3546,#3591,.T.);
#3589 = VERTEX_POINT('',#3590);
#3590 = CARTESIAN_POINT('',(3.763602994535,-2.511837893824,
    -7.449999822023));
#3591 = LINE('',#3592,#3593);
#3592 = CARTESIAN_POINT('',(3.763602994535,-2.511837893824,
    -7.449999822023));
#3593 = VECTOR('',#3594,1.);
#3594 = DIRECTION('',(0.189912682589,-0.981800984412,-1.390313593717E-14
    ));
#3595 = ORIENTED_EDGE('',*,*,#3545,.F.);
#3596 = ORIENTED_EDGE('',*,*,#3355,.F.);
#3597 = ORIENTED_EDGE('',*,*,#3598,.T.);
#3598 = EDGE_CURVE('',#3348,#3589,#3599,.T.);
#3599 = LINE('',#3600,#3601);
#3600 = CARTESIAN_POINT('',(3.763602994535,-2.511837893824,
    -7.349999822023));
#3601 = VECTOR('',#3602,1.);
#3602 = DIRECTION('',(1.7763568394E-14,0.,-1.));
#3603 = PLANE('',#3604);
#3604 = AXIS2_PLACEMENT_3D('',#3605,#3606,#3607);
#3605 = CARTESIAN_POINT('',(3.763602994535,-2.511837893824,
    -7.349999822023));
#3606 = DIRECTION('',(0.981800984412,0.189912682589,0.));
#3607 = DIRECTION('',(0.189912682589,-0.981800984412,0.));
#3608 = ADVANCED_FACE('',(#3609),#3633,.T.);
#3609 = FACE_BOUND('',#3610,.T.);
#3610 = EDGE_LOOP('',(#3611,#3612,#3618,#3619,#3632));
#3611 = ORIENTED_EDGE('',*,*,#3553,.F.);
#3612 = ORIENTED_EDGE('',*,*,#3613,.F.);
#3613 = EDGE_CURVE('',#3418,#3554,#3614,.T.);
#3614 = LINE('',#3615,#3616);
#3615 = CARTESIAN_POINT('',(3.661749350903,-2.511837853891,
    -7.549999822023));
#3616 = VECTOR('',#3617,1.);
#3617 = DIRECTION('',(0.189912682589,-0.981800984412,0.));
#3618 = ORIENTED_EDGE('',*,*,#3425,.F.);
#3619 = ORIENTED_EDGE('',*,*,#3620,.F.);
#3620 = EDGE_CURVE('',#3589,#3426,#3621,.T.);
#3621 = B_SPLINE_CURVE_WITH_KNOTS('',3,(#3622,#3623,#3624,#3625,#3626,
    #3627,#3628,#3629,#3630,#3631),.UNSPECIFIED.,.F.,.F.,(4,1,1,1,1,1,1,
    4),(0.,6.25E-02,0.125,0.25,0.375,0.5,0.75,1.),.UNSPECIFIED.);
#3622 = CARTESIAN_POINT('',(3.763602994535,-2.511837893824,
    -7.449999822023));
#3623 = CARTESIAN_POINT('',(3.763602994535,-2.511837893824,
    -7.453251692194));
#3624 = CARTESIAN_POINT('',(3.763001502325,-2.51018530756,-7.45833775916
    ));
#3625 = CARTESIAN_POINT('',(3.760923944376,-2.504477264007,
    -7.466448586908));
#3626 = CARTESIAN_POINT('',(3.757357555765,-2.494678691832,
    -7.474302219279));
#3627 = CARTESIAN_POINT('',(3.75236179896,-2.480952962815,
    -7.482038804976));
#3628 = CARTESIAN_POINT('',(3.745061559283,-2.460895719145,
    -7.490847632547));
#3629 = CARTESIAN_POINT('',(3.735112959648,-2.433562166295,
    -7.499918208719));
#3630 = CARTESIAN_POINT('',(3.726614590555,-2.410213089107,
    -7.505903132423));
#3631 = CARTESIAN_POINT('',(3.722267135268,-2.398268553874,
    -7.508663977291));
#3632 = ORIENTED_EDGE('',*,*,#3588,.T.);
#3633 = CYLINDRICAL_SURFACE('',#3634,0.1);
#3634 = AXIS2_PLACEMENT_3D('',#3635,#3636,#3637);
#3635 = CARTESIAN_POINT('',(-1.866871182368,26.0697450505,
    -7.449999822023));
#3636 = DIRECTION('',(0.189912682589,-0.981800984412,0.));
#3637 = DIRECTION('',(0.,0.,-1.));
#3638 = ADVANCED_FACE('',(#3639),#3645,.T.);
#3639 = FACE_BOUND('',#3640,.F.);
#3640 = EDGE_LOOP('',(#3641,#3642,#3643,#3644));
#3641 = ORIENTED_EDGE('',*,*,#3620,.F.);
#3642 = ORIENTED_EDGE('',*,*,#3598,.F.);
#3643 = ORIENTED_EDGE('',*,*,#3347,.F.);
#3644 = ORIENTED_EDGE('',*,*,#3438,.F.);
#3645 = PLANE('',#3646);
#3646 = AXIS2_PLACEMENT_3D('',#3647,#3648,#3649);
#3647 = CARTESIAN_POINT('',(3.56360298,-1.96234237,-7.349999822023));
#3648 = DIRECTION('',(0.939692620786,0.342020143326,0.));
#3649 = DIRECTION('',(0.342020143326,-0.939692620786,0.));
#3650 = ADVANCED_FACE('',(#3651),#3657,.T.);
#3651 = FACE_BOUND('',#3652,.F.);
#3652 = EDGE_LOOP('',(#3653,#3654,#3655,#3656));
#3653 = ORIENTED_EDGE('',*,*,#3459,.F.);
#3654 = ORIENTED_EDGE('',*,*,#3567,.T.);
#3655 = ORIENTED_EDGE('',*,*,#3613,.F.);
#3656 = ORIENTED_EDGE('',*,*,#3417,.F.);
#3657 = PLANE('',#3658);
#3658 = AXIS2_PLACEMENT_3D('',#3659,#3660,#3661);
#3659 = CARTESIAN_POINT('',(4.025,2.7,-7.549999822023));
#3660 = DIRECTION('',(0.,0.,-1.));
#3661 = DIRECTION('',(1.,0.,0.));
#3662 = ADVANCED_FACE('',(#3663),#3682,.T.);
#3663 = FACE_BOUND('',#3664,.T.);
#3664 = EDGE_LOOP('',(#3665,#3666,#3667,#3675));
#3665 = ORIENTED_EDGE('',*,*,#893,.T.);
#3666 = ORIENTED_EDGE('',*,*,#1517,.F.);
#3667 = ORIENTED_EDGE('',*,*,#3668,.T.);
#3668 = EDGE_CURVE('',#1518,#3669,#3671,.T.);
#3669 = VERTEX_POINT('',#3670);
#3670 = CARTESIAN_POINT('',(4.870096189432,0.4,-7.975));
#3671 = LINE('',#3672,#3673);
#3672 = CARTESIAN_POINT('',(4.870096189432,2.7,-7.975));
#3673 = VECTOR('',#3674,1.);
#3674 = DIRECTION('',(0.,-1.,0.));
#3675 = ORIENTED_EDGE('',*,*,#3676,.F.);
#3676 = EDGE_CURVE('',#886,#3669,#3677,.T.);
#3677 = CIRCLE('',#3678,0.15);
#3678 = AXIS2_PLACEMENT_3D('',#3679,#3680,#3681);
#3679 = CARTESIAN_POINT('',(4.740192378865,0.4,-8.05));
#3680 = DIRECTION('',(0.,-1.,0.));
#3681 = DIRECTION('',(0.,0.,-1.));
#3682 = CYLINDRICAL_SURFACE('',#3683,0.15);
#3683 = AXIS2_PLACEMENT_3D('',#3684,#3685,#3686);
#3684 = CARTESIAN_POINT('',(4.740192378865,2.7,-8.05));
#3685 = DIRECTION('',(0.,1.,0.));
#3686 = DIRECTION('',(-1.,0.,0.));
#3687 = ADVANCED_FACE('',(#3688),#3764,.T.);
#3688 = FACE_BOUND('',#3689,.F.);
#3689 = EDGE_LOOP('',(#3690,#3700,#3706,#3707,#3716,#3724,#3733,#3741,
    #3750,#3756,#3757,#3758));
#3690 = ORIENTED_EDGE('',*,*,#3691,.T.);
#3691 = EDGE_CURVE('',#3692,#3694,#3696,.T.);
#3692 = VERTEX_POINT('',#3693);
#3693 = CARTESIAN_POINT('',(4.9,0.4,-7.44));
#3694 = VERTEX_POINT('',#3695);
#3695 = CARTESIAN_POINT('',(5.6,0.4,-7.44));
#3696 = LINE('',#3697,#3698);
#3697 = CARTESIAN_POINT('',(4.9,0.4,-7.44));
#3698 = VECTOR('',#3699,1.);
#3699 = DIRECTION('',(1.,0.,0.));
#3700 = ORIENTED_EDGE('',*,*,#3701,.F.);
#3701 = EDGE_CURVE('',#854,#3694,#3702,.T.);
#3702 = LINE('',#3703,#3704);
#3703 = CARTESIAN_POINT('',(5.6,0.4,-8.2));
#3704 = VECTOR('',#3705,1.);
#3705 = DIRECTION('',(0.,0.,1.));
#3706 = ORIENTED_EDGE('',*,*,#853,.F.);
#3707 = ORIENTED_EDGE('',*,*,#3708,.F.);
#3708 = EDGE_CURVE('',#3709,#846,#3711,.T.);
#3709 = VERTEX_POINT('',#3710);
#3710 = CARTESIAN_POINT('',(5.629903810568,0.4,-7.975));
#3711 = CIRCLE('',#3712,0.15);
#3712 = AXIS2_PLACEMENT_3D('',#3713,#3714,#3715);
#3713 = CARTESIAN_POINT('',(5.759807621135,0.4,-8.05));
#3714 = DIRECTION('',(0.,-1.,0.));
#3715 = DIRECTION('',(-0.866025403784,0.,0.5));
#3716 = ORIENTED_EDGE('',*,*,#3717,.F.);
#3717 = EDGE_CURVE('',#3718,#3709,#3720,.T.);
#3718 = VERTEX_POINT('',#3719);
#3719 = CARTESIAN_POINT('',(5.918578945162,0.4,-7.475));
#3720 = LINE('',#3721,#3722);
#3721 = CARTESIAN_POINT('',(5.918578945162,0.4,-7.475));
#3722 = VECTOR('',#3723,1.);
#3723 = DIRECTION('',(-0.5,0.,-0.866025403784));
#3724 = ORIENTED_EDGE('',*,*,#3725,.F.);
#3725 = EDGE_CURVE('',#3726,#3718,#3728,.T.);
#3726 = VERTEX_POINT('',#3727);
#3727 = CARTESIAN_POINT('',(5.875277674973,0.4,-7.4));
#3728 = CIRCLE('',#3729,5.E-02);
#3729 = AXIS2_PLACEMENT_3D('',#3730,#3731,#3732);
#3730 = CARTESIAN_POINT('',(5.875277674973,0.4,-7.45));
#3731 = DIRECTION('',(0.,1.,0.));
#3732 = DIRECTION('',(0.,-0.,1.));
#3733 = ORIENTED_EDGE('',*,*,#3734,.F.);
#3734 = EDGE_CURVE('',#3735,#3726,#3737,.T.);
#3735 = VERTEX_POINT('',#3736);
#3736 = CARTESIAN_POINT('',(4.624722325027,0.4,-7.4));
#3737 = LINE('',#3738,#3739);
#3738 = CARTESIAN_POINT('',(4.624722325027,0.4,-7.4));
#3739 = VECTOR('',#3740,1.);
#3740 = DIRECTION('',(1.,0.,0.));
#3741 = ORIENTED_EDGE('',*,*,#3742,.F.);
#3742 = EDGE_CURVE('',#3743,#3735,#3745,.T.);
#3743 = VERTEX_POINT('',#3744);
#3744 = CARTESIAN_POINT('',(4.581421054838,0.4,-7.475));
#3745 = CIRCLE('',#3746,5.E-02);
#3746 = AXIS2_PLACEMENT_3D('',#3747,#3748,#3749);
#3747 = CARTESIAN_POINT('',(4.624722325027,0.4,-7.45));
#3748 = DIRECTION('',(0.,1.,0.));
#3749 = DIRECTION('',(-0.866025403784,0.,-0.5));
#3750 = ORIENTED_EDGE('',*,*,#3751,.F.);
#3751 = EDGE_CURVE('',#3669,#3743,#3752,.T.);
#3752 = LINE('',#3753,#3754);
#3753 = CARTESIAN_POINT('',(4.870096189432,0.4,-7.975));
#3754 = VECTOR('',#3755,1.);
#3755 = DIRECTION('',(-0.5,0.,0.866025403784));
#3756 = ORIENTED_EDGE('',*,*,#3676,.F.);
#3757 = ORIENTED_EDGE('',*,*,#885,.F.);
#3758 = ORIENTED_EDGE('',*,*,#3759,.T.);
#3759 = EDGE_CURVE('',#878,#3692,#3760,.T.);
#3760 = LINE('',#3761,#3762);
#3761 = CARTESIAN_POINT('',(4.9,0.4,-8.2));
#3762 = VECTOR('',#3763,1.);
#3763 = DIRECTION('',(0.,0.,1.));
#3764 = PLANE('',#3765);
#3765 = AXIS2_PLACEMENT_3D('',#3766,#3767,#3768);
#3766 = CARTESIAN_POINT('',(8.75,0.4,0.));
#3767 = DIRECTION('',(0.,1.,0.));
#3768 = DIRECTION('',(-1.,0.,0.));
#3769 = ADVANCED_FACE('',(#3770),#3786,.T.);
#3770 = FACE_BOUND('',#3771,.F.);
#3771 = EDGE_LOOP('',(#3772,#3773,#3779,#3780));
#3772 = ORIENTED_EDGE('',*,*,#869,.F.);
#3773 = ORIENTED_EDGE('',*,*,#3774,.F.);
#3774 = EDGE_CURVE('',#3694,#862,#3775,.T.);
#3775 = LINE('',#3776,#3777);
#3776 = CARTESIAN_POINT('',(5.6,0.4,-7.44));
#3777 = VECTOR('',#3778,1.);
#3778 = DIRECTION('',(0.,-0.984794882735,-0.173721152825));
#3779 = ORIENTED_EDGE('',*,*,#3691,.F.);
#3780 = ORIENTED_EDGE('',*,*,#3781,.T.);
#3781 = EDGE_CURVE('',#3692,#870,#3782,.T.);
#3782 = LINE('',#3783,#3784);
#3783 = CARTESIAN_POINT('',(4.9,0.4,-7.44));
#3784 = VECTOR('',#3785,1.);
#3785 = DIRECTION('',(0.,-0.984794882735,-0.173721152825));
#3786 = PLANE('',#3787);
#3787 = AXIS2_PLACEMENT_3D('',#3788,#3789,#3790);
#3788 = CARTESIAN_POINT('',(5.6,0.4,-7.44));
#3789 = DIRECTION('',(0.,0.173721152825,-0.984794882735));
#3790 = DIRECTION('',(0.,-0.984794882735,-0.173721152825));
#3791 = ADVANCED_FACE('',(#3792),#3797,.F.);
#3792 = FACE_BOUND('',#3793,.F.);
#3793 = EDGE_LOOP('',(#3794,#3795,#3796));
#3794 = ORIENTED_EDGE('',*,*,#3774,.T.);
#3795 = ORIENTED_EDGE('',*,*,#861,.T.);
#3796 = ORIENTED_EDGE('',*,*,#3701,.T.);
#3797 = PLANE('',#3798);
#3798 = AXIS2_PLACEMENT_3D('',#3799,#3800,#3801);
#3799 = CARTESIAN_POINT('',(5.6,0.4,-7.44));
#3800 = DIRECTION('',(1.,0.,0.));
#3801 = DIRECTION('',(0.,0.,-1.));
#3802 = ADVANCED_FACE('',(#3803),#3808,.F.);
#3803 = FACE_BOUND('',#3804,.F.);
#3804 = EDGE_LOOP('',(#3805,#3806,#3807));
#3805 = ORIENTED_EDGE('',*,*,#3781,.F.);
#3806 = ORIENTED_EDGE('',*,*,#3759,.F.);
#3807 = ORIENTED_EDGE('',*,*,#877,.F.);
#3808 = PLANE('',#3809);
#3809 = AXIS2_PLACEMENT_3D('',#3810,#3811,#3812);
#3810 = CARTESIAN_POINT('',(4.9,0.4,-8.2));
#3811 = DIRECTION('',(-1.,0.,0.));
#3812 = DIRECTION('',(0.,0.,1.));
#3813 = ADVANCED_FACE('',(#3814),#3825,.T.);
#3814 = FACE_BOUND('',#3815,.T.);
#3815 = EDGE_LOOP('',(#3816,#3822,#3823,#3824));
#3816 = ORIENTED_EDGE('',*,*,#3817,.F.);
#3817 = EDGE_CURVE('',#1561,#3709,#3818,.T.);
#3818 = LINE('',#3819,#3820);
#3819 = CARTESIAN_POINT('',(5.629903810568,2.7,-7.975));
#3820 = VECTOR('',#3821,1.);
#3821 = DIRECTION('',(0.,-1.,0.));
#3822 = ORIENTED_EDGE('',*,*,#1568,.F.);
#3823 = ORIENTED_EDGE('',*,*,#845,.F.);
#3824 = ORIENTED_EDGE('',*,*,#3708,.F.);
#3825 = CYLINDRICAL_SURFACE('',#3826,0.15);
#3826 = AXIS2_PLACEMENT_3D('',#3827,#3828,#3829);
#3827 = CARTESIAN_POINT('',(5.759807621135,2.7,-8.05));
#3828 = DIRECTION('',(0.,1.,0.));
#3829 = DIRECTION('',(-1.,0.,0.));
#3830 = ADVANCED_FACE('',(#3831),#3842,.F.);
#3831 = FACE_BOUND('',#3832,.F.);
#3832 = EDGE_LOOP('',(#3833,#3839,#3840,#3841));
#3833 = ORIENTED_EDGE('',*,*,#3834,.T.);
#3834 = EDGE_CURVE('',#1552,#3718,#3835,.T.);
#3835 = LINE('',#3836,#3837);
#3836 = CARTESIAN_POINT('',(5.918578945162,2.7,-7.475));
#3837 = VECTOR('',#3838,1.);
#3838 = DIRECTION('',(0.,-1.,0.));
#3839 = ORIENTED_EDGE('',*,*,#3717,.T.);
#3840 = ORIENTED_EDGE('',*,*,#3817,.F.);
#3841 = ORIENTED_EDGE('',*,*,#1560,.F.);
#3842 = PLANE('',#3843);
#3843 = AXIS2_PLACEMENT_3D('',#3844,#3845,#3846);
#3844 = CARTESIAN_POINT('',(5.918578945162,2.7,-7.475));
#3845 = DIRECTION('',(0.866025403784,0.,-0.5));
#3846 = DIRECTION('',(-0.5,0.,-0.866025403784));
#3847 = ADVANCED_FACE('',(#3848),#3859,.F.);
#3848 = FACE_BOUND('',#3849,.F.);
#3849 = EDGE_LOOP('',(#3850,#3856,#3857,#3858));
#3850 = ORIENTED_EDGE('',*,*,#3851,.T.);
#3851 = EDGE_CURVE('',#1544,#3726,#3852,.T.);
#3852 = LINE('',#3853,#3854);
#3853 = CARTESIAN_POINT('',(5.875277674973,2.7,-7.4));
#3854 = VECTOR('',#3855,1.);
#3855 = DIRECTION('',(0.,-1.,0.));
#3856 = ORIENTED_EDGE('',*,*,#3725,.T.);
#3857 = ORIENTED_EDGE('',*,*,#3834,.F.);
#3858 = ORIENTED_EDGE('',*,*,#1551,.F.);
#3859 = CYLINDRICAL_SURFACE('',#3860,5.E-02);
#3860 = AXIS2_PLACEMENT_3D('',#3861,#3862,#3863);
#3861 = CARTESIAN_POINT('',(5.875277674973,2.7,-7.45));
#3862 = DIRECTION('',(0.,1.,0.));
#3863 = DIRECTION('',(-1.,0.,0.));
#3864 = ADVANCED_FACE('',(#3865),#3876,.F.);
#3865 = FACE_BOUND('',#3866,.F.);
#3866 = EDGE_LOOP('',(#3867,#3868,#3869,#3875));
#3867 = ORIENTED_EDGE('',*,*,#3851,.F.);
#3868 = ORIENTED_EDGE('',*,*,#1543,.F.);
#3869 = ORIENTED_EDGE('',*,*,#3870,.T.);
#3870 = EDGE_CURVE('',#1535,#3735,#3871,.T.);
#3871 = LINE('',#3872,#3873);
#3872 = CARTESIAN_POINT('',(4.624722325027,2.7,-7.4));
#3873 = VECTOR('',#3874,1.);
#3874 = DIRECTION('',(0.,-1.,0.));
#3875 = ORIENTED_EDGE('',*,*,#3734,.T.);
#3876 = PLANE('',#3877);
#3877 = AXIS2_PLACEMENT_3D('',#3878,#3879,#3880);
#3878 = CARTESIAN_POINT('',(4.624722325027,2.7,-7.4));
#3879 = DIRECTION('',(0.,0.,1.));
#3880 = DIRECTION('',(1.,0.,-0.));
#3881 = ADVANCED_FACE('',(#3882),#3893,.F.);
#3882 = FACE_BOUND('',#3883,.F.);
#3883 = EDGE_LOOP('',(#3884,#3890,#3891,#3892));
#3884 = ORIENTED_EDGE('',*,*,#3885,.T.);
#3885 = EDGE_CURVE('',#1527,#3743,#3886,.T.);
#3886 = LINE('',#3887,#3888);
#3887 = CARTESIAN_POINT('',(4.581421054838,2.7,-7.475));
#3888 = VECTOR('',#3889,1.);
#3889 = DIRECTION('',(0.,-1.,0.));
#3890 = ORIENTED_EDGE('',*,*,#3742,.T.);
#3891 = ORIENTED_EDGE('',*,*,#3870,.F.);
#3892 = ORIENTED_EDGE('',*,*,#1534,.F.);
#3893 = CYLINDRICAL_SURFACE('',#3894,5.E-02);
#3894 = AXIS2_PLACEMENT_3D('',#3895,#3896,#3897);
#3895 = CARTESIAN_POINT('',(4.624722325027,2.7,-7.45));
#3896 = DIRECTION('',(0.,1.,0.));
#3897 = DIRECTION('',(-1.,0.,0.));
#3898 = ADVANCED_FACE('',(#3899),#3905,.F.);
#3899 = FACE_BOUND('',#3900,.F.);
#3900 = EDGE_LOOP('',(#3901,#3902,#3903,#3904));
#3901 = ORIENTED_EDGE('',*,*,#3668,.T.);
#3902 = ORIENTED_EDGE('',*,*,#3751,.T.);
#3903 = ORIENTED_EDGE('',*,*,#3885,.F.);
#3904 = ORIENTED_EDGE('',*,*,#1526,.F.);
#3905 = PLANE('',#3906);
#3906 = AXIS2_PLACEMENT_3D('',#3907,#3908,#3909);
#3907 = CARTESIAN_POINT('',(4.870096189432,2.7,-7.975));
#3908 = DIRECTION('',(-0.866025403784,0.,-0.5));
#3909 = DIRECTION('',(-0.5,0.,0.866025403784));
#3910 = ADVANCED_FACE('',(#3911),#3945,.F.);
#3911 = FACE_BOUND('',#3912,.F.);
#3912 = EDGE_LOOP('',(#3913,#3921,#3929,#3937,#3943,#3944));
#3913 = ORIENTED_EDGE('',*,*,#3914,.F.);
#3914 = EDGE_CURVE('',#3915,#822,#3917,.T.);
#3915 = VERTEX_POINT('',#3916);
#3916 = CARTESIAN_POINT('',(6.475,-2.7,-7.986942822023));
#3917 = LINE('',#3918,#3919);
#3918 = CARTESIAN_POINT('',(6.475,-2.7,-7.986942822023));
#3919 = VECTOR('',#3920,1.);
#3920 = DIRECTION('',(0.,-0.984807753012,-0.173648177667));
#3921 = ORIENTED_EDGE('',*,*,#3922,.T.);
#3922 = EDGE_CURVE('',#3915,#3923,#3925,.T.);
#3923 = VERTEX_POINT('',#3924);
#3924 = CARTESIAN_POINT('',(6.475,-2.7,-7.349999822023));
#3925 = LINE('',#3926,#3927);
#3926 = CARTESIAN_POINT('',(6.475,-2.7,-7.986942822023));
#3927 = VECTOR('',#3928,1.);
#3928 = DIRECTION('',(0.,0.,1.));
#3929 = ORIENTED_EDGE('',*,*,#3930,.T.);
#3930 = EDGE_CURVE('',#3923,#3931,#3933,.T.);
#3931 = VERTEX_POINT('',#3932);
#3932 = CARTESIAN_POINT('',(6.475,-1.063242112547,-7.349999822023));
#3933 = LINE('',#3934,#3935);
#3934 = CARTESIAN_POINT('',(6.475,-2.7,-7.349999822023));
#3935 = VECTOR('',#3936,1.);
#3936 = DIRECTION('',(0.,1.,0.));
#3937 = ORIENTED_EDGE('',*,*,#3938,.T.);
#3938 = EDGE_CURVE('',#3931,#1577,#3939,.T.);
#3939 = LINE('',#3940,#3941);
#3940 = CARTESIAN_POINT('',(6.475,-1.063242112547,-7.349999822023));
#3941 = VECTOR('',#3942,1.);
#3942 = DIRECTION('',(0.,0.998629534755,5.233595624294E-02));
#3943 = ORIENTED_EDGE('',*,*,#1576,.F.);
#3944 = ORIENTED_EDGE('',*,*,#829,.T.);
#3945 = PLANE('',#3946);
#3946 = AXIS2_PLACEMENT_3D('',#3947,#3948,#3949);
#3947 = CARTESIAN_POINT('',(6.475,2.7,-8.2));
#3948 = DIRECTION('',(-1.,0.,0.));
#3949 = DIRECTION('',(0.,1.,0.));
#3950 = ADVANCED_FACE('',(#3951),#3969,.F.);
#3951 = FACE_BOUND('',#3952,.F.);
#3952 = EDGE_LOOP('',(#3953,#3954,#3955,#3963));
#3953 = ORIENTED_EDGE('',*,*,#3914,.T.);
#3954 = ORIENTED_EDGE('',*,*,#821,.F.);
#3955 = ORIENTED_EDGE('',*,*,#3956,.T.);
#3956 = EDGE_CURVE('',#814,#3957,#3959,.T.);
#3957 = VERTEX_POINT('',#3958);
#3958 = CARTESIAN_POINT('',(7.525,-2.7,-7.986942822023));
#3959 = LINE('',#3960,#3961);
#3960 = CARTESIAN_POINT('',(7.525,-3.9083073,-8.2));
#3961 = VECTOR('',#3962,1.);
#3962 = DIRECTION('',(0.,0.984807753012,0.173648177667));
#3963 = ORIENTED_EDGE('',*,*,#3964,.T.);
#3964 = EDGE_CURVE('',#3957,#3915,#3965,.T.);
#3965 = LINE('',#3966,#3967);
#3966 = CARTESIAN_POINT('',(7.525,-2.7,-7.986942822023));
#3967 = VECTOR('',#3968,1.);
#3968 = DIRECTION('',(-1.,0.,0.));
#3969 = PLANE('',#3970);
#3970 = AXIS2_PLACEMENT_3D('',#3971,#3972,#3973);
#3971 = CARTESIAN_POINT('',(7.525,-3.9083073,-8.2));
#3972 = DIRECTION('',(0.,-0.173648177667,0.984807753012));
#3973 = DIRECTION('',(0.,0.984807753012,0.173648177667));
#3974 = ADVANCED_FACE('',(#3975),#4002,.T.);
#3975 = FACE_BOUND('',#3976,.F.);
#3976 = EDGE_LOOP('',(#3977,#3978,#3986,#3994,#4000,#4001));
#3977 = ORIENTED_EDGE('',*,*,#1592,.T.);
#3978 = ORIENTED_EDGE('',*,*,#3979,.F.);
#3979 = EDGE_CURVE('',#3980,#1585,#3982,.T.);
#3980 = VERTEX_POINT('',#3981);
#3981 = CARTESIAN_POINT('',(7.525,-1.063242112547,-7.349999822023));
#3982 = LINE('',#3983,#3984);
#3983 = CARTESIAN_POINT('',(7.525,-1.063242112547,-7.349999822023));
#3984 = VECTOR('',#3985,1.);
#3985 = DIRECTION('',(0.,0.998629534755,5.233595624294E-02));
#3986 = ORIENTED_EDGE('',*,*,#3987,.F.);
#3987 = EDGE_CURVE('',#3988,#3980,#3990,.T.);
#3988 = VERTEX_POINT('',#3989);
#3989 = CARTESIAN_POINT('',(7.525,-2.7,-7.349999822023));
#3990 = LINE('',#3991,#3992);
#3991 = CARTESIAN_POINT('',(7.525,-2.7,-7.349999822023));
#3992 = VECTOR('',#3993,1.);
#3993 = DIRECTION('',(0.,1.,0.));
#3994 = ORIENTED_EDGE('',*,*,#3995,.F.);
#3995 = EDGE_CURVE('',#3957,#3988,#3996,.T.);
#3996 = LINE('',#3997,#3998);
#3997 = CARTESIAN_POINT('',(7.525,-2.7,-7.986942822023));
#3998 = VECTOR('',#3999,1.);
#3999 = DIRECTION('',(0.,0.,1.));
#4000 = ORIENTED_EDGE('',*,*,#3956,.F.);
#4001 = ORIENTED_EDGE('',*,*,#813,.F.);
#4002 = PLANE('',#4003);
#4003 = AXIS2_PLACEMENT_3D('',#4004,#4005,#4006);
#4004 = CARTESIAN_POINT('',(7.525,2.7,-8.2));
#4005 = DIRECTION('',(-1.,0.,0.));
#4006 = DIRECTION('',(0.,1.,0.));
#4007 = ADVANCED_FACE('',(#4008),#4019,.F.);
#4008 = FACE_BOUND('',#4009,.F.);
#4009 = EDGE_LOOP('',(#4010,#4011,#4012,#4018));
#4010 = ORIENTED_EDGE('',*,*,#1584,.T.);
#4011 = ORIENTED_EDGE('',*,*,#3938,.F.);
#4012 = ORIENTED_EDGE('',*,*,#4013,.F.);
#4013 = EDGE_CURVE('',#3980,#3931,#4014,.T.);
#4014 = LINE('',#4015,#4016);
#4015 = CARTESIAN_POINT('',(7.525,-1.063242112547,-7.349999822023));
#4016 = VECTOR('',#4017,1.);
#4017 = DIRECTION('',(-1.,0.,0.));
#4018 = ORIENTED_EDGE('',*,*,#3979,.T.);
#4019 = PLANE('',#4020);
#4020 = AXIS2_PLACEMENT_3D('',#4021,#4022,#4023);
#4021 = CARTESIAN_POINT('',(7.525,-1.063242112547,-7.349999822023));
#4022 = DIRECTION('',(0.,-5.233595624294E-02,0.998629534755));
#4023 = DIRECTION('',(0.,0.998629534755,5.233595624294E-02));
#4024 = ADVANCED_FACE('',(#4025),#4084,.F.);
#4025 = FACE_BOUND('',#4026,.F.);
#4026 = EDGE_LOOP('',(#4027,#4037,#4045,#4053,#4059,#4060,#4061,#4062,
    #4070,#4078));
#4027 = ORIENTED_EDGE('',*,*,#4028,.T.);
#4028 = EDGE_CURVE('',#4029,#4031,#4033,.T.);
#4029 = VERTEX_POINT('',#4030);
#4030 = CARTESIAN_POINT('',(6.93639702,-1.96234237,-7.349999822023));
#4031 = VERTEX_POINT('',#4032);
#4032 = CARTESIAN_POINT('',(7.06360298,-1.96234237,-7.349999822023));
#4033 = LINE('',#4034,#4035);
#4034 = CARTESIAN_POINT('',(6.93639702,-1.96234237,-7.349999822023));
#4035 = VECTOR('',#4036,1.);
#4036 = DIRECTION('',(1.,0.,0.));
#4037 = ORIENTED_EDGE('',*,*,#4038,.T.);
#4038 = EDGE_CURVE('',#4031,#4039,#4041,.T.);
#4039 = VERTEX_POINT('',#4040);
#4040 = CARTESIAN_POINT('',(7.263602994535,-2.511837893824,
    -7.349999822023));
#4041 = LINE('',#4042,#4043);
#4042 = CARTESIAN_POINT('',(7.06360298,-1.96234237,-7.349999822023));
#4043 = VECTOR('',#4044,1.);
#4044 = DIRECTION('',(0.342020143326,-0.939692620786,0.));
#4045 = ORIENTED_EDGE('',*,*,#4046,.T.);
#4046 = EDGE_CURVE('',#4039,#4047,#4049,.T.);
#4047 = VERTEX_POINT('',#4048);
#4048 = CARTESIAN_POINT('',(7.29999975,-2.7,-7.349999822023));
#4049 = LINE('',#4050,#4051);
#4050 = CARTESIAN_POINT('',(7.263602994535,-2.511837893824,
    -7.349999822023));
#4051 = VECTOR('',#4052,1.);
#4052 = DIRECTION('',(0.189912682589,-0.981800984412,0.));
#4053 = ORIENTED_EDGE('',*,*,#4054,.F.);
#4054 = EDGE_CURVE('',#3988,#4047,#4055,.T.);
#4055 = LINE('',#4056,#4057);
#4056 = CARTESIAN_POINT('',(7.525,-2.7,-7.349999822023));
#4057 = VECTOR('',#4058,1.);
#4058 = DIRECTION('',(-1.,0.,0.));
#4059 = ORIENTED_EDGE('',*,*,#3987,.T.);
#4060 = ORIENTED_EDGE('',*,*,#4013,.T.);
#4061 = ORIENTED_EDGE('',*,*,#3930,.F.);
#4062 = ORIENTED_EDGE('',*,*,#4063,.F.);
#4063 = EDGE_CURVE('',#4064,#3923,#4066,.T.);
#4064 = VERTEX_POINT('',#4065);
#4065 = CARTESIAN_POINT('',(6.70000025,-2.7,-7.349999822023));
#4066 = LINE('',#4067,#4068);
#4067 = CARTESIAN_POINT('',(6.70000025,-2.7,-7.349999822023));
#4068 = VECTOR('',#4069,1.);
#4069 = DIRECTION('',(-1.,0.,0.));
#4070 = ORIENTED_EDGE('',*,*,#4071,.T.);
#4071 = EDGE_CURVE('',#4064,#4072,#4074,.T.);
#4072 = VERTEX_POINT('',#4073);
#4073 = CARTESIAN_POINT('',(6.736397005465,-2.511837893824,
    -7.349999822023));
#4074 = LINE('',#4075,#4076);
#4075 = CARTESIAN_POINT('',(6.70000025,-2.7,-7.349999822023));
#4076 = VECTOR('',#4077,1.);
#4077 = DIRECTION('',(0.189912682589,0.981800984412,0.));
#4078 = ORIENTED_EDGE('',*,*,#4079,.T.);
#4079 = EDGE_CURVE('',#4072,#4029,#4080,.T.);
#4080 = LINE('',#4081,#4082);
#4081 = CARTESIAN_POINT('',(6.736397005465,-2.511837893824,
    -7.349999822023));
#4082 = VECTOR('',#4083,1.);
#4083 = DIRECTION('',(0.342020143326,0.939692620786,0.));
#4084 = PLANE('',#4085);
#4085 = AXIS2_PLACEMENT_3D('',#4086,#4087,#4088);
#4086 = CARTESIAN_POINT('',(7.525,-2.7,-7.349999822023));
#4087 = DIRECTION('',(0.,0.,1.));
#4088 = DIRECTION('',(0.,1.,0.));
#4089 = ADVANCED_FACE('',(#4090),#4141,.T.);
#4090 = FACE_BOUND('',#4091,.F.);
#4091 = EDGE_LOOP('',(#4092,#4107,#4115,#4128,#4134,#4135));
#4092 = ORIENTED_EDGE('',*,*,#4093,.F.);
#4093 = EDGE_CURVE('',#4094,#4096,#4098,.T.);
#4094 = VERTEX_POINT('',#4095);
#4095 = CARTESIAN_POINT('',(6.838250649097,-2.511837853891,
    -7.549999822023));
#4096 = VERTEX_POINT('',#4097);
#4097 = CARTESIAN_POINT('',(6.777732864732,-2.398268553874,
    -7.508663977291));
#4098 = B_SPLINE_CURVE_WITH_KNOTS('',3,(#4099,#4100,#4101,#4102,#4103,
    #4104,#4105,#4106),.UNSPECIFIED.,.F.,.F.,(4,1,1,1,1,4),(0.,0.125,
    0.25,0.5,0.75,1.),.UNSPECIFIED.);
#4099 = CARTESIAN_POINT('',(6.838250649097,-2.511837853891,
    -7.549999822023));
#4100 = CARTESIAN_POINT('',(6.831036221299,-2.511837853891,
    -7.549999822023));
#4101 = CARTESIAN_POINT('',(6.820234870796,-2.508180047231,
    -7.548668489276));
#4102 = CARTESIAN_POINT('',(6.804452145752,-2.494995842065,
    -7.543869831033));
#4103 = CARTESIAN_POINT('',(6.791572204644,-2.471609913265,
    -7.535358049049));
#4104 = CARTESIAN_POINT('',(6.782055499159,-2.437557962863,
    -7.522964152684));
#4105 = CARTESIAN_POINT('',(6.778748719177,-2.411793597576,
    -7.513586690615));
#4106 = CARTESIAN_POINT('',(6.777732864732,-2.398268553874,
    -7.508663977291));
#4107 = ORIENTED_EDGE('',*,*,#4108,.T.);
#4108 = EDGE_CURVE('',#4094,#4109,#4111,.T.);
#4109 = VERTEX_POINT('',#4110);
#4110 = CARTESIAN_POINT('',(7.161749350903,-2.511837853891,
    -7.549999822023));
#4111 = LINE('',#4112,#4113);
#4112 = CARTESIAN_POINT('',(6.838250649097,-2.511837853891,
    -7.549999822023));
#4113 = VECTOR('',#4114,1.);
#4114 = DIRECTION('',(1.,0.,0.));
#4115 = ORIENTED_EDGE('',*,*,#4116,.F.);
#4116 = EDGE_CURVE('',#4117,#4109,#4119,.T.);
#4117 = VERTEX_POINT('',#4118);
#4118 = CARTESIAN_POINT('',(7.222267135268,-2.398268553874,
    -7.508663977291));
#4119 = B_SPLINE_CURVE_WITH_KNOTS('',3,(#4120,#4121,#4122,#4123,#4124,
    #4125,#4126,#4127),.UNSPECIFIED.,.F.,.F.,(4,1,1,1,1,4),(0.,0.25,0.5,
    0.75,0.875,1.),.UNSPECIFIED.);
#4120 = CARTESIAN_POINT('',(7.222267135268,-2.398268553874,
    -7.508663977291));
#4121 = CARTESIAN_POINT('',(7.221251280823,-2.411793597576,
    -7.513586690615));
#4122 = CARTESIAN_POINT('',(7.217944500841,-2.437557962863,
    -7.522964152684));
#4123 = CARTESIAN_POINT('',(7.208427795356,-2.471609913265,
    -7.535358049049));
#4124 = CARTESIAN_POINT('',(7.195547854248,-2.494995842065,
    -7.543869831033));
#4125 = CARTESIAN_POINT('',(7.179765129204,-2.508180047231,
    -7.548668489276));
#4126 = CARTESIAN_POINT('',(7.168963778701,-2.511837853891,
    -7.549999822023));
#4127 = CARTESIAN_POINT('',(7.161749350903,-2.511837853891,
    -7.549999822023));
#4128 = ORIENTED_EDGE('',*,*,#4129,.T.);
#4129 = EDGE_CURVE('',#4117,#4031,#4130,.T.);
#4130 = LINE('',#4131,#4132);
#4131 = CARTESIAN_POINT('',(7.222267135268,-2.398268553874,
    -7.508663977291));
#4132 = VECTOR('',#4133,1.);
#4133 = DIRECTION('',(-0.323615577118,0.889126490716,0.323615577118));
#4134 = ORIENTED_EDGE('',*,*,#4028,.F.);
#4135 = ORIENTED_EDGE('',*,*,#4136,.T.);
#4136 = EDGE_CURVE('',#4029,#4096,#4137,.T.);
#4137 = LINE('',#4138,#4139);
#4138 = CARTESIAN_POINT('',(6.93639702,-1.96234237,-7.349999822023));
#4139 = VECTOR('',#4140,1.);
#4140 = DIRECTION('',(-0.323615577118,-0.889126490716,-0.323615577118));
#4141 = PLANE('',#4142);
#4142 = AXIS2_PLACEMENT_3D('',#4143,#4144,#4145);
#4143 = CARTESIAN_POINT('',(7.,-2.237090111945,-7.449999822023));
#4144 = DIRECTION('',(0.,0.342020143326,-0.939692620786));
#4145 = DIRECTION('',(0.,0.939692620786,0.342020143326));
#4146 = ADVANCED_FACE('',(#4147),#4193,.T.);
#4147 = FACE_BOUND('',#4148,.T.);
#4148 = EDGE_LOOP('',(#4149,#4157,#4171,#4179,#4192));
#4149 = ORIENTED_EDGE('',*,*,#4150,.F.);
#4150 = EDGE_CURVE('',#4151,#4094,#4153,.T.);
#4151 = VERTEX_POINT('',#4152);
#4152 = CARTESIAN_POINT('',(6.801853885908,-2.7,-7.549999822023));
#4153 = LINE('',#4154,#4155);
#4154 = CARTESIAN_POINT('',(6.801853885908,-2.7,-7.549999822023));
#4155 = VECTOR('',#4156,1.);
#4156 = DIRECTION('',(0.189912682589,0.981800984412,0.));
#4157 = ORIENTED_EDGE('',*,*,#4158,.F.);
#4158 = EDGE_CURVE('',#4159,#4151,#4161,.T.);
#4159 = VERTEX_POINT('',#4160);
#4160 = CARTESIAN_POINT('',(6.70000025,-2.7,-7.449999822023));
#4161 = B_SPLINE_CURVE_WITH_KNOTS('',3,(#4162,#4163,#4164,#4165,#4166,
    #4167,#4168,#4169,#4170),.UNSPECIFIED.,.F.,.F.,(4,1,1,1,1,1,4),(0.,
    0.125,0.25,0.5,0.75,0.875,1.),.UNSPECIFIED.);
#4162 = CARTESIAN_POINT('',(6.70000025,-2.7,-7.449999822023));
#4163 = CARTESIAN_POINT('',(6.70000025,-2.7,-7.458410390186));
#4164 = CARTESIAN_POINT('',(6.702039521276,-2.7,-7.473192255235));
#4165 = CARTESIAN_POINT('',(6.710880332638,-2.7,-7.497993716525));
#4166 = CARTESIAN_POINT('',(6.728605534451,-2.7,-7.522321355525));
#4167 = CARTESIAN_POINT('',(6.753435365795,-2.7,-7.539544364996));
#4168 = CARTESIAN_POINT('',(6.778560194083,-2.7,-7.548061809359));
#4169 = CARTESIAN_POINT('',(6.793443317745,-2.7,-7.549999822023));
#4170 = CARTESIAN_POINT('',(6.801853885908,-2.7,-7.549999822023));
#4171 = ORIENTED_EDGE('',*,*,#4172,.T.);
#4172 = EDGE_CURVE('',#4159,#4173,#4175,.T.);
#4173 = VERTEX_POINT('',#4174);
#4174 = CARTESIAN_POINT('',(6.736397005465,-2.511837893824,
    -7.449999822023));
#4175 = LINE('',#4176,#4177);
#4176 = CARTESIAN_POINT('',(6.70000025,-2.7,-7.449999822023));
#4177 = VECTOR('',#4178,1.);
#4178 = DIRECTION('',(0.189912682589,0.981800984412,0.));
#4179 = ORIENTED_EDGE('',*,*,#4180,.F.);
#4180 = EDGE_CURVE('',#4096,#4173,#4181,.T.);
#4181 = B_SPLINE_CURVE_WITH_KNOTS('',3,(#4182,#4183,#4184,#4185,#4186,
    #4187,#4188,#4189,#4190,#4191),.UNSPECIFIED.,.F.,.F.,(4,1,1,1,1,1,1,
    4),(0.,0.25,0.5,0.625,0.75,0.875,0.9375,1.),.UNSPECIFIED.);
#4182 = CARTESIAN_POINT('',(6.777732864732,-2.398268553874,
    -7.508663977291));
#4183 = CARTESIAN_POINT('',(6.773385409445,-2.410213089107,
    -7.505903132423));
#4184 = CARTESIAN_POINT('',(6.764887040352,-2.433562166295,
    -7.499918208719));
#4185 = CARTESIAN_POINT('',(6.754938440717,-2.460895719145,
    -7.490847632547));
#4186 = CARTESIAN_POINT('',(6.74763820104,-2.480952962815,
    -7.482038804976));
#4187 = CARTESIAN_POINT('',(6.742642444235,-2.494678691832,
    -7.474302219279));
#4188 = CARTESIAN_POINT('',(6.739076055625,-2.504477264007,
    -7.466448586908));
#4189 = CARTESIAN_POINT('',(6.736998497675,-2.51018530756,-7.45833775916
    ));
#4190 = CARTESIAN_POINT('',(6.736397005465,-2.511837893824,
    -7.453251692194));
#4191 = CARTESIAN_POINT('',(6.736397005465,-2.511837893824,
    -7.449999822023));
#4192 = ORIENTED_EDGE('',*,*,#4093,.F.);
#4193 = CYLINDRICAL_SURFACE('',#4194,0.1);
#4194 = AXIS2_PLACEMENT_3D('',#4195,#4196,#4197);
#4195 = CARTESIAN_POINT('',(1.368716298213,-30.78796,-7.449999822023));
#4196 = DIRECTION('',(0.189912682589,0.981800984412,0.));
#4197 = DIRECTION('',(0.,0.,-1.));
#4198 = ADVANCED_FACE('',(#4199),#4210,.T.);
#4199 = FACE_BOUND('',#4200,.F.);
#4200 = EDGE_LOOP('',(#4201,#4202,#4203,#4204));
#4201 = ORIENTED_EDGE('',*,*,#4180,.F.);
#4202 = ORIENTED_EDGE('',*,*,#4136,.F.);
#4203 = ORIENTED_EDGE('',*,*,#4079,.F.);
#4204 = ORIENTED_EDGE('',*,*,#4205,.T.);
#4205 = EDGE_CURVE('',#4072,#4173,#4206,.T.);
#4206 = LINE('',#4207,#4208);
#4207 = CARTESIAN_POINT('',(6.736397005465,-2.511837893824,
    -7.349999822023));
#4208 = VECTOR('',#4209,1.);
#4209 = DIRECTION('',(0.,0.,-1.));
#4210 = PLANE('',#4211);
#4211 = AXIS2_PLACEMENT_3D('',#4212,#4213,#4214);
#4212 = CARTESIAN_POINT('',(6.736397005465,-2.511837893824,
    -7.349999822023));
#4213 = DIRECTION('',(-0.939692620786,0.342020143326,0.));
#4214 = DIRECTION('',(0.342020143326,0.939692620786,0.));
#4215 = ADVANCED_FACE('',(#4216),#4227,.T.);
#4216 = FACE_BOUND('',#4217,.F.);
#4217 = EDGE_LOOP('',(#4218,#4219,#4220,#4221));
#4218 = ORIENTED_EDGE('',*,*,#4172,.T.);
#4219 = ORIENTED_EDGE('',*,*,#4205,.F.);
#4220 = ORIENTED_EDGE('',*,*,#4071,.F.);
#4221 = ORIENTED_EDGE('',*,*,#4222,.T.);
#4222 = EDGE_CURVE('',#4064,#4159,#4223,.T.);
#4223 = LINE('',#4224,#4225);
#4224 = CARTESIAN_POINT('',(6.70000025,-2.7,-7.349999822023));
#4225 = VECTOR('',#4226,1.);
#4226 = DIRECTION('',(0.,0.,-1.));
#4227 = PLANE('',#4228);
#4228 = AXIS2_PLACEMENT_3D('',#4229,#4230,#4231);
#4229 = CARTESIAN_POINT('',(6.70000025,-2.7,-7.349999822023));
#4230 = DIRECTION('',(-0.981800984412,0.189912682589,0.));
#4231 = DIRECTION('',(0.189912682589,0.981800984412,0.));
#4232 = ADVANCED_FACE('',(#4233),#4270,.F.);
#4233 = FACE_BOUND('',#4234,.F.);
#4234 = EDGE_LOOP('',(#4235,#4243,#4257,#4263,#4264,#4265,#4266,#4267,
    #4268,#4269));
#4235 = ORIENTED_EDGE('',*,*,#4236,.T.);
#4236 = EDGE_CURVE('',#4047,#4237,#4239,.T.);
#4237 = VERTEX_POINT('',#4238);
#4238 = CARTESIAN_POINT('',(7.29999975,-2.7,-7.449999822023));
#4239 = LINE('',#4240,#4241);
#4240 = CARTESIAN_POINT('',(7.29999975,-2.7,-7.349999822023));
#4241 = VECTOR('',#4242,1.);
#4242 = DIRECTION('',(0.,0.,-1.));
#4243 = ORIENTED_EDGE('',*,*,#4244,.F.);
#4244 = EDGE_CURVE('',#4245,#4237,#4247,.T.);
#4245 = VERTEX_POINT('',#4246);
#4246 = CARTESIAN_POINT('',(7.198146114092,-2.7,-7.549999822023));
#4247 = B_SPLINE_CURVE_WITH_KNOTS('',3,(#4248,#4249,#4250,#4251,#4252,
    #4253,#4254,#4255,#4256),.UNSPECIFIED.,.F.,.F.,(4,1,1,1,1,1,4),(0.,
    0.125,0.25,0.5,0.75,0.875,1.),.UNSPECIFIED.);
#4248 = CARTESIAN_POINT('',(7.198146114092,-2.7,-7.549999822023));
#4249 = CARTESIAN_POINT('',(7.206556682255,-2.7,-7.549999822023));
#4250 = CARTESIAN_POINT('',(7.221439805917,-2.7,-7.548061809359));
#4251 = CARTESIAN_POINT('',(7.246564634205,-2.7,-7.539544364996));
#4252 = CARTESIAN_POINT('',(7.271394465549,-2.7,-7.522321355525));
#4253 = CARTESIAN_POINT('',(7.289119667362,-2.7,-7.497993716525));
#4254 = CARTESIAN_POINT('',(7.297960478724,-2.7,-7.473192255235));
#4255 = CARTESIAN_POINT('',(7.29999975,-2.7,-7.458410390186));
#4256 = CARTESIAN_POINT('',(7.29999975,-2.7,-7.449999822023));
#4257 = ORIENTED_EDGE('',*,*,#4258,.F.);
#4258 = EDGE_CURVE('',#4151,#4245,#4259,.T.);
#4259 = LINE('',#4260,#4261);
#4260 = CARTESIAN_POINT('',(6.801853885908,-2.7,-7.549999822023));
#4261 = VECTOR('',#4262,1.);
#4262 = DIRECTION('',(1.,0.,0.));
#4263 = ORIENTED_EDGE('',*,*,#4158,.F.);
#4264 = ORIENTED_EDGE('',*,*,#4222,.F.);
#4265 = ORIENTED_EDGE('',*,*,#4063,.T.);
#4266 = ORIENTED_EDGE('',*,*,#3922,.F.);
#4267 = ORIENTED_EDGE('',*,*,#3964,.F.);
#4268 = ORIENTED_EDGE('',*,*,#3995,.T.);
#4269 = ORIENTED_EDGE('',*,*,#4054,.T.);
#4270 = PLANE('',#4271);
#4271 = AXIS2_PLACEMENT_3D('',#4272,#4273,#4274);
#4272 = CARTESIAN_POINT('',(7.525,-2.7,-7.986942822023));
#4273 = DIRECTION('',(0.,-1.,0.));
#4274 = DIRECTION('',(0.,0.,1.));
#4275 = ADVANCED_FACE('',(#4276),#4294,.T.);
#4276 = FACE_BOUND('',#4277,.F.);
#4277 = EDGE_LOOP('',(#4278,#4286,#4287,#4288));
#4278 = ORIENTED_EDGE('',*,*,#4279,.T.);
#4279 = EDGE_CURVE('',#4280,#4237,#4282,.T.);
#4280 = VERTEX_POINT('',#4281);
#4281 = CARTESIAN_POINT('',(7.263602994535,-2.511837893824,
    -7.449999822023));
#4282 = LINE('',#4283,#4284);
#4283 = CARTESIAN_POINT('',(7.263602994535,-2.511837893824,
    -7.449999822023));
#4284 = VECTOR('',#4285,1.);
#4285 = DIRECTION('',(0.189912682589,-0.981800984412,-3.707502916579E-14
    ));
#4286 = ORIENTED_EDGE('',*,*,#4236,.F.);
#4287 = ORIENTED_EDGE('',*,*,#4046,.F.);
#4288 = ORIENTED_EDGE('',*,*,#4289,.T.);
#4289 = EDGE_CURVE('',#4039,#4280,#4290,.T.);
#4290 = LINE('',#4291,#4292);
#4291 = CARTESIAN_POINT('',(7.263602994535,-2.511837893824,
    -7.349999822023));
#4292 = VECTOR('',#4293,1.);
#4293 = DIRECTION('',(0.,-3.996802888651E-14,-1.));
#4294 = PLANE('',#4295);
#4295 = AXIS2_PLACEMENT_3D('',#4296,#4297,#4298);
#4296 = CARTESIAN_POINT('',(7.263602994535,-2.511837893824,
    -7.349999822023));
#4297 = DIRECTION('',(0.981800984412,0.189912682589,0.));
#4298 = DIRECTION('',(0.189912682589,-0.981800984412,0.));
#4299 = ADVANCED_FACE('',(#4300),#4324,.T.);
#4300 = FACE_BOUND('',#4301,.T.);
#4301 = EDGE_LOOP('',(#4302,#4303,#4309,#4310,#4323));
#4302 = ORIENTED_EDGE('',*,*,#4244,.F.);
#4303 = ORIENTED_EDGE('',*,*,#4304,.F.);
#4304 = EDGE_CURVE('',#4109,#4245,#4305,.T.);
#4305 = LINE('',#4306,#4307);
#4306 = CARTESIAN_POINT('',(7.161749350903,-2.511837853891,
    -7.549999822023));
#4307 = VECTOR('',#4308,1.);
#4308 = DIRECTION('',(0.189912682589,-0.981800984412,0.));
#4309 = ORIENTED_EDGE('',*,*,#4116,.F.);
#4310 = ORIENTED_EDGE('',*,*,#4311,.F.);
#4311 = EDGE_CURVE('',#4280,#4117,#4312,.T.);
#4312 = B_SPLINE_CURVE_WITH_KNOTS('',3,(#4313,#4314,#4315,#4316,#4317,
    #4318,#4319,#4320,#4321,#4322),.UNSPECIFIED.,.F.,.F.,(4,1,1,1,1,1,1,
    4),(0.,6.25E-02,0.125,0.25,0.375,0.5,0.75,1.),.UNSPECIFIED.);
#4313 = CARTESIAN_POINT('',(7.263602994535,-2.511837893824,
    -7.449999822023));
#4314 = CARTESIAN_POINT('',(7.263602994535,-2.511837893824,
    -7.453251692194));
#4315 = CARTESIAN_POINT('',(7.263001502325,-2.51018530756,-7.45833775916
    ));
#4316 = CARTESIAN_POINT('',(7.260923944376,-2.504477264007,
    -7.466448586908));
#4317 = CARTESIAN_POINT('',(7.257357555765,-2.494678691832,
    -7.474302219279));
#4318 = CARTESIAN_POINT('',(7.25236179896,-2.480952962815,
    -7.482038804976));
#4319 = CARTESIAN_POINT('',(7.245061559283,-2.460895719145,
    -7.490847632547));
#4320 = CARTESIAN_POINT('',(7.235112959648,-2.433562166295,
    -7.499918208719));
#4321 = CARTESIAN_POINT('',(7.226614590555,-2.410213089107,
    -7.505903132423));
#4322 = CARTESIAN_POINT('',(7.222267135268,-2.398268553874,
    -7.508663977291));
#4323 = ORIENTED_EDGE('',*,*,#4279,.T.);
#4324 = CYLINDRICAL_SURFACE('',#4325,0.1);
#4325 = AXIS2_PLACEMENT_3D('',#4326,#4327,#4328);
#4326 = CARTESIAN_POINT('',(1.397485879092,27.28796,-7.449999822023));
#4327 = DIRECTION('',(0.189912682589,-0.981800984412,0.));
#4328 = DIRECTION('',(0.,0.,-1.));
#4329 = ADVANCED_FACE('',(#4330),#4336,.T.);
#4330 = FACE_BOUND('',#4331,.F.);
#4331 = EDGE_LOOP('',(#4332,#4333,#4334,#4335));
#4332 = ORIENTED_EDGE('',*,*,#4311,.F.);
#4333 = ORIENTED_EDGE('',*,*,#4289,.F.);
#4334 = ORIENTED_EDGE('',*,*,#4038,.F.);
#4335 = ORIENTED_EDGE('',*,*,#4129,.F.);
#4336 = PLANE('',#4337);
#4337 = AXIS2_PLACEMENT_3D('',#4338,#4339,#4340);
#4338 = CARTESIAN_POINT('',(7.06360298,-1.96234237,-7.349999822023));
#4339 = DIRECTION('',(0.939692620786,0.342020143326,0.));
#4340 = DIRECTION('',(0.342020143326,-0.939692620786,0.));
#4341 = ADVANCED_FACE('',(#4342),#4348,.T.);
#4342 = FACE_BOUND('',#4343,.F.);
#4343 = EDGE_LOOP('',(#4344,#4345,#4346,#4347));
#4344 = ORIENTED_EDGE('',*,*,#4150,.F.);
#4345 = ORIENTED_EDGE('',*,*,#4258,.T.);
#4346 = ORIENTED_EDGE('',*,*,#4304,.F.);
#4347 = ORIENTED_EDGE('',*,*,#4108,.F.);
#4348 = PLANE('',#4349);
#4349 = AXIS2_PLACEMENT_3D('',#4350,#4351,#4352);
#4350 = CARTESIAN_POINT('',(7.525,2.7,-7.549999822023));
#4351 = DIRECTION('',(0.,0.,-1.));
#4352 = DIRECTION('',(1.,0.,0.));
#4353 = ADVANCED_FACE('',(#4354),#4373,.T.);
#4354 = FACE_BOUND('',#4355,.T.);
#4355 = EDGE_LOOP('',(#4356,#4357,#4358,#4366));
#4356 = ORIENTED_EDGE('',*,*,#797,.T.);
#4357 = ORIENTED_EDGE('',*,*,#1599,.F.);
#4358 = ORIENTED_EDGE('',*,*,#4359,.T.);
#4359 = EDGE_CURVE('',#1600,#4360,#4362,.T.);
#4360 = VERTEX_POINT('',#4361);
#4361 = CARTESIAN_POINT('',(8.370096189432,0.4,-7.975));
#4362 = LINE('',#4363,#4364);
#4363 = CARTESIAN_POINT('',(8.370096189432,2.7,-7.975));
#4364 = VECTOR('',#4365,1.);
#4365 = DIRECTION('',(0.,-1.,0.));
#4366 = ORIENTED_EDGE('',*,*,#4367,.F.);
#4367 = EDGE_CURVE('',#790,#4360,#4368,.T.);
#4368 = CIRCLE('',#4369,0.15);
#4369 = AXIS2_PLACEMENT_3D('',#4370,#4371,#4372);
#4370 = CARTESIAN_POINT('',(8.240192378865,0.4,-8.05));
#4371 = DIRECTION('',(0.,-1.,0.));
#4372 = DIRECTION('',(0.,0.,-1.));
#4373 = CYLINDRICAL_SURFACE('',#4374,0.15);
#4374 = AXIS2_PLACEMENT_3D('',#4375,#4376,#4377);
#4375 = CARTESIAN_POINT('',(8.240192378865,2.7,-8.05));
#4376 = DIRECTION('',(0.,1.,0.));
#4377 = DIRECTION('',(-1.,0.,0.));
#4378 = ADVANCED_FACE('',(#4379),#4407,.T.);
#4379 = FACE_BOUND('',#4380,.F.);
#4380 = EDGE_LOOP('',(#4381,#4382,#4383,#4384,#4392,#4401));
#4381 = ORIENTED_EDGE('',*,*,#4367,.F.);
#4382 = ORIENTED_EDGE('',*,*,#789,.F.);
#4383 = ORIENTED_EDGE('',*,*,#159,.T.);
#4384 = ORIENTED_EDGE('',*,*,#4385,.F.);
#4385 = EDGE_CURVE('',#4386,#152,#4388,.T.);
#4386 = VERTEX_POINT('',#4387);
#4387 = CARTESIAN_POINT('',(8.124722325027,0.4,-7.4));
#4388 = LINE('',#4389,#4390);
#4389 = CARTESIAN_POINT('',(8.124722325027,0.4,-7.4));
#4390 = VECTOR('',#4391,1.);
#4391 = DIRECTION('',(1.,0.,0.));
#4392 = ORIENTED_EDGE('',*,*,#4393,.F.);
#4393 = EDGE_CURVE('',#4394,#4386,#4396,.T.);
#4394 = VERTEX_POINT('',#4395);
#4395 = CARTESIAN_POINT('',(8.081421054838,0.4,-7.475));
#4396 = CIRCLE('',#4397,5.E-02);
#4397 = AXIS2_PLACEMENT_3D('',#4398,#4399,#4400);
#4398 = CARTESIAN_POINT('',(8.124722325027,0.4,-7.45));
#4399 = DIRECTION('',(0.,1.,0.));
#4400 = DIRECTION('',(-0.866025403784,0.,-0.5));
#4401 = ORIENTED_EDGE('',*,*,#4402,.F.);
#4402 = EDGE_CURVE('',#4360,#4394,#4403,.T.);
#4403 = LINE('',#4404,#4405);
#4404 = CARTESIAN_POINT('',(8.370096189432,0.4,-7.975));
#4405 = VECTOR('',#4406,1.);
#4406 = DIRECTION('',(-0.5,0.,0.866025403784));
#4407 = PLANE('',#4408);
#4408 = AXIS2_PLACEMENT_3D('',#4409,#4410,#4411);
#4409 = CARTESIAN_POINT('',(8.75,0.4,0.));
#4410 = DIRECTION('',(0.,1.,0.));
#4411 = DIRECTION('',(-1.,0.,0.));
#4412 = ADVANCED_FACE('',(#4413),#4456,.T.);
#4413 = FACE_BOUND('',#4414,.F.);
#4414 = EDGE_LOOP('',(#4415,#4425,#4431,#4432,#4441,#4449));
#4415 = ORIENTED_EDGE('',*,*,#4416,.F.);
#4416 = EDGE_CURVE('',#4417,#4419,#4421,.T.);
#4417 = VERTEX_POINT('',#4418);
#4418 = CARTESIAN_POINT('',(-8.75,0.4,-7.4));
#4419 = VERTEX_POINT('',#4420);
#4420 = CARTESIAN_POINT('',(-8.124722325027,0.4,-7.4));
#4421 = LINE('',#4422,#4423);
#4422 = CARTESIAN_POINT('',(-8.75,0.4,-7.4));
#4423 = VECTOR('',#4424,1.);
#4424 = DIRECTION('',(1.,0.,0.));
#4425 = ORIENTED_EDGE('',*,*,#4426,.F.);
#4426 = EDGE_CURVE('',#774,#4417,#4427,.T.);
#4427 = LINE('',#4428,#4429);
#4428 = CARTESIAN_POINT('',(-8.75,0.4,-8.2));
#4429 = VECTOR('',#4430,1.);
#4430 = DIRECTION('',(0.,0.,1.));
#4431 = ORIENTED_EDGE('',*,*,#773,.F.);
#4432 = ORIENTED_EDGE('',*,*,#4433,.F.);
#4433 = EDGE_CURVE('',#4434,#766,#4436,.T.);
#4434 = VERTEX_POINT('',#4435);
#4435 = CARTESIAN_POINT('',(-8.370096189432,0.4,-7.975));
#4436 = CIRCLE('',#4437,0.15);
#4437 = AXIS2_PLACEMENT_3D('',#4438,#4439,#4440);
#4438 = CARTESIAN_POINT('',(-8.240192378865,0.4,-8.05));
#4439 = DIRECTION('',(0.,-1.,0.));
#4440 = DIRECTION('',(-0.866025403784,0.,0.5));
#4441 = ORIENTED_EDGE('',*,*,#4442,.F.);
#4442 = EDGE_CURVE('',#4443,#4434,#4445,.T.);
#4443 = VERTEX_POINT('',#4444);
#4444 = CARTESIAN_POINT('',(-8.081421054838,0.4,-7.475));
#4445 = LINE('',#4446,#4447);
#4446 = CARTESIAN_POINT('',(-8.081421054838,0.4,-7.475));
#4447 = VECTOR('',#4448,1.);
#4448 = DIRECTION('',(-0.5,0.,-0.866025403784));
#4449 = ORIENTED_EDGE('',*,*,#4450,.F.);
#4450 = EDGE_CURVE('',#4419,#4443,#4451,.T.);
#4451 = CIRCLE('',#4452,5.E-02);
#4452 = AXIS2_PLACEMENT_3D('',#4453,#4454,#4455);
#4453 = CARTESIAN_POINT('',(-8.124722325027,0.4,-7.45));
#4454 = DIRECTION('',(0.,1.,0.));
#4455 = DIRECTION('',(0.,-0.,1.));
#4456 = PLANE('',#4457);
#4457 = AXIS2_PLACEMENT_3D('',#4458,#4459,#4460);
#4458 = CARTESIAN_POINT('',(8.75,0.4,0.));
#4459 = DIRECTION('',(0.,1.,0.));
#4460 = DIRECTION('',(-1.,0.,0.));
#4461 = ADVANCED_FACE('',(#4462),#4473,.F.);
#4462 = FACE_BOUND('',#4463,.F.);
#4463 = EDGE_LOOP('',(#4464,#4465,#4466,#4467));
#4464 = ORIENTED_EDGE('',*,*,#4385,.T.);
#4465 = ORIENTED_EDGE('',*,*,#151,.T.);
#4466 = ORIENTED_EDGE('',*,*,#1625,.T.);
#4467 = ORIENTED_EDGE('',*,*,#4468,.T.);
#4468 = EDGE_CURVE('',#1617,#4386,#4469,.T.);
#4469 = LINE('',#4470,#4471);
#4470 = CARTESIAN_POINT('',(8.124722325027,2.7,-7.4));
#4471 = VECTOR('',#4472,1.);
#4472 = DIRECTION('',(0.,-1.,0.));
#4473 = PLANE('',#4474);
#4474 = AXIS2_PLACEMENT_3D('',#4475,#4476,#4477);
#4475 = CARTESIAN_POINT('',(8.124722325027,2.7,-7.4));
#4476 = DIRECTION('',(0.,0.,1.));
#4477 = DIRECTION('',(1.,0.,-0.));
#4478 = ADVANCED_FACE('',(#4479),#4490,.F.);
#4479 = FACE_BOUND('',#4480,.F.);
#4480 = EDGE_LOOP('',(#4481,#4487,#4488,#4489));
#4481 = ORIENTED_EDGE('',*,*,#4482,.T.);
#4482 = EDGE_CURVE('',#1609,#4394,#4483,.T.);
#4483 = LINE('',#4484,#4485);
#4484 = CARTESIAN_POINT('',(8.081421054838,2.7,-7.475));
#4485 = VECTOR('',#4486,1.);
#4486 = DIRECTION('',(0.,-1.,0.));
#4487 = ORIENTED_EDGE('',*,*,#4393,.T.);
#4488 = ORIENTED_EDGE('',*,*,#4468,.F.);
#4489 = ORIENTED_EDGE('',*,*,#1616,.F.);
#4490 = CYLINDRICAL_SURFACE('',#4491,5.E-02);
#4491 = AXIS2_PLACEMENT_3D('',#4492,#4493,#4494);
#4492 = CARTESIAN_POINT('',(8.124722325027,2.7,-7.45));
#4493 = DIRECTION('',(0.,1.,0.));
#4494 = DIRECTION('',(-1.,0.,0.));
#4495 = ADVANCED_FACE('',(#4496),#4502,.F.);
#4496 = FACE_BOUND('',#4497,.F.);
#4497 = EDGE_LOOP('',(#4498,#4499,#4500,#4501));
#4498 = ORIENTED_EDGE('',*,*,#4359,.T.);
#4499 = ORIENTED_EDGE('',*,*,#4402,.T.);
#4500 = ORIENTED_EDGE('',*,*,#4482,.F.);
#4501 = ORIENTED_EDGE('',*,*,#1608,.F.);
#4502 = PLANE('',#4503);
#4503 = AXIS2_PLACEMENT_3D('',#4504,#4505,#4506);
#4504 = CARTESIAN_POINT('',(8.370096189432,2.7,-7.975));
#4505 = DIRECTION('',(-0.866025403784,0.,-0.5));
#4506 = DIRECTION('',(-0.5,0.,0.866025403784));
#4507 = ADVANCED_FACE('',(#4508),#4524,.F.);
#4508 = FACE_BOUND('',#4509,.F.);
#4509 = EDGE_LOOP('',(#4510,#4511,#4517,#4518));
#4510 = ORIENTED_EDGE('',*,*,#4416,.T.);
#4511 = ORIENTED_EDGE('',*,*,#4512,.F.);
#4512 = EDGE_CURVE('',#1649,#4419,#4513,.T.);
#4513 = LINE('',#4514,#4515);
#4514 = CARTESIAN_POINT('',(-8.124722325027,2.7,-7.4));
#4515 = VECTOR('',#4516,1.);
#4516 = DIRECTION('',(0.,-1.,0.));
#4517 = ORIENTED_EDGE('',*,*,#1648,.F.);
#4518 = ORIENTED_EDGE('',*,*,#4519,.F.);
#4519 = EDGE_CURVE('',#4417,#1641,#4520,.T.);
#4520 = LINE('',#4521,#4522);
#4521 = CARTESIAN_POINT('',(-8.75,0.4,-7.4));
#4522 = VECTOR('',#4523,1.);
#4523 = DIRECTION('',(0.,1.,0.));
#4524 = PLANE('',#4525);
#4525 = AXIS2_PLACEMENT_3D('',#4526,#4527,#4528);
#4526 = CARTESIAN_POINT('',(-8.75,2.7,-7.4));
#4527 = DIRECTION('',(0.,0.,1.));
#4528 = DIRECTION('',(1.,0.,-0.));
#4529 = ADVANCED_FACE('',(#4530),#4541,.F.);
#4530 = FACE_BOUND('',#4531,.F.);
#4531 = EDGE_LOOP('',(#4532,#4533,#4534,#4540));
#4532 = ORIENTED_EDGE('',*,*,#4512,.T.);
#4533 = ORIENTED_EDGE('',*,*,#4450,.T.);
#4534 = ORIENTED_EDGE('',*,*,#4535,.F.);
#4535 = EDGE_CURVE('',#1657,#4443,#4536,.T.);
#4536 = LINE('',#4537,#4538);
#4537 = CARTESIAN_POINT('',(-8.081421054838,2.7,-7.475));
#4538 = VECTOR('',#4539,1.);
#4539 = DIRECTION('',(0.,-1.,0.));
#4540 = ORIENTED_EDGE('',*,*,#1656,.F.);
#4541 = CYLINDRICAL_SURFACE('',#4542,5.E-02);
#4542 = AXIS2_PLACEMENT_3D('',#4543,#4544,#4545);
#4543 = CARTESIAN_POINT('',(-8.124722325027,2.7,-7.45));
#4544 = DIRECTION('',(0.,1.,0.));
#4545 = DIRECTION('',(-1.,0.,0.));
#4546 = ADVANCED_FACE('',(#4547),#4558,.F.);
#4547 = FACE_BOUND('',#4548,.F.);
#4548 = EDGE_LOOP('',(#4549,#4550,#4551,#4557));
#4549 = ORIENTED_EDGE('',*,*,#4535,.T.);
#4550 = ORIENTED_EDGE('',*,*,#4442,.T.);
#4551 = ORIENTED_EDGE('',*,*,#4552,.F.);
#4552 = EDGE_CURVE('',#1666,#4434,#4553,.T.);
#4553 = LINE('',#4554,#4555);
#4554 = CARTESIAN_POINT('',(-8.370096189432,2.7,-7.975));
#4555 = VECTOR('',#4556,1.);
#4556 = DIRECTION('',(0.,-1.,0.));
#4557 = ORIENTED_EDGE('',*,*,#1665,.F.);
#4558 = PLANE('',#4559);
#4559 = AXIS2_PLACEMENT_3D('',#4560,#4561,#4562);
#4560 = CARTESIAN_POINT('',(-8.081421054838,2.7,-7.475));
#4561 = DIRECTION('',(0.866025403784,0.,-0.5));
#4562 = DIRECTION('',(-0.5,0.,-0.866025403784));
#4563 = ADVANCED_FACE('',(#4564),#4570,.T.);
#4564 = FACE_BOUND('',#4565,.T.);
#4565 = EDGE_LOOP('',(#4566,#4567,#4568,#4569));
#4566 = ORIENTED_EDGE('',*,*,#4552,.F.);
#4567 = ORIENTED_EDGE('',*,*,#1673,.F.);
#4568 = ORIENTED_EDGE('',*,*,#765,.F.);
#4569 = ORIENTED_EDGE('',*,*,#4433,.F.);
#4570 = CYLINDRICAL_SURFACE('',#4571,0.15);
#4571 = AXIS2_PLACEMENT_3D('',#4572,#4573,#4574);
#4572 = CARTESIAN_POINT('',(-8.240192378865,2.7,-8.05));
#4573 = DIRECTION('',(0.,1.,0.));
#4574 = DIRECTION('',(-1.,0.,0.));
#4575 = ADVANCED_FACE('',(#4576),#4674,.T.);
#4576 = FACE_BOUND('',#4577,.F.);
#4577 = EDGE_LOOP('',(#4578,#4579,#4580,#4581,#4582,#4583,#4584,#4585,
    #4586,#4587,#4595,#4604,#4612,#4620,#4628,#4636,#4644,#4652,#4660,
    #4668));
#4578 = ORIENTED_EDGE('',*,*,#221,.F.);
#4579 = ORIENTED_EDGE('',*,*,#255,.F.);
#4580 = ORIENTED_EDGE('',*,*,#278,.F.);
#4581 = ORIENTED_EDGE('',*,*,#302,.F.);
#4582 = ORIENTED_EDGE('',*,*,#506,.F.);
#4583 = ORIENTED_EDGE('',*,*,#781,.F.);
#4584 = ORIENTED_EDGE('',*,*,#4426,.T.);
#4585 = ORIENTED_EDGE('',*,*,#4519,.T.);
#4586 = ORIENTED_EDGE('',*,*,#1640,.F.);
#4587 = ORIENTED_EDGE('',*,*,#4588,.F.);
#4588 = EDGE_CURVE('',#4589,#1633,#4591,.T.);
#4589 = VERTEX_POINT('',#4590);
#4590 = CARTESIAN_POINT('',(-8.75,6.17604722665,-6.421856218275));
#4591 = LINE('',#4592,#4593);
#4592 = CARTESIAN_POINT('',(-8.75,6.17604722665,-6.421856218275));
#4593 = VECTOR('',#4594,1.);
#4594 = DIRECTION('',(0.,-0.984807753012,-0.173648177667));
#4595 = ORIENTED_EDGE('',*,*,#4596,.F.);
#4596 = EDGE_CURVE('',#4597,#4589,#4599,.T.);
#4597 = VERTEX_POINT('',#4598);
#4598 = CARTESIAN_POINT('',(-8.75,6.3,-6.274135055323));
#4599 = CIRCLE('',#4600,0.15);
#4600 = AXIS2_PLACEMENT_3D('',#4601,#4602,#4603);
#4601 = CARTESIAN_POINT('',(-8.75,6.15,-6.274135055323));
#4602 = DIRECTION('',(-1.,0.,0.));
#4603 = DIRECTION('',(0.,1.,0.));
#4604 = ORIENTED_EDGE('',*,*,#4605,.F.);
#4605 = EDGE_CURVE('',#4606,#4597,#4608,.T.);
#4606 = VERTEX_POINT('',#4607);
#4607 = CARTESIAN_POINT('',(-8.75,6.3,-6.171132486541));
#4608 = LINE('',#4609,#4610);
#4609 = CARTESIAN_POINT('',(-8.75,6.3,-6.171132486541));
#4610 = VECTOR('',#4611,1.);
#4611 = DIRECTION('',(0.,0.,-1.));
#4612 = ORIENTED_EDGE('',*,*,#4613,.F.);
#4613 = EDGE_CURVE('',#4614,#4606,#4616,.T.);
#4614 = VERTEX_POINT('',#4615);
#4615 = CARTESIAN_POINT('',(-8.75,4.1,-6.171132486541));
#4616 = LINE('',#4617,#4618);
#4617 = CARTESIAN_POINT('',(-8.75,4.1,-6.171132486541));
#4618 = VECTOR('',#4619,1.);
#4619 = DIRECTION('',(0.,1.,0.));
#4620 = ORIENTED_EDGE('',*,*,#4621,.T.);
#4621 = EDGE_CURVE('',#4614,#4622,#4624,.T.);
#4622 = VERTEX_POINT('',#4623);
#4623 = CARTESIAN_POINT('',(-8.75,4.1,-5.228867513459));
#4624 = LINE('',#4625,#4626);
#4625 = CARTESIAN_POINT('',(-8.75,4.1,-6.171132486541));
#4626 = VECTOR('',#4627,1.);
#4627 = DIRECTION('',(0.,0.,1.));
#4628 = ORIENTED_EDGE('',*,*,#4629,.T.);
#4629 = EDGE_CURVE('',#4622,#4630,#4632,.T.);
#4630 = VERTEX_POINT('',#4631);
#4631 = CARTESIAN_POINT('',(-8.75,6.3,-5.228867513459));
#4632 = LINE('',#4633,#4634);
#4633 = CARTESIAN_POINT('',(-8.75,4.1,-5.228867513459));
#4634 = VECTOR('',#4635,1.);
#4635 = DIRECTION('',(0.,1.,0.));
#4636 = ORIENTED_EDGE('',*,*,#4637,.F.);
#4637 = EDGE_CURVE('',#4638,#4630,#4640,.T.);
#4638 = VERTEX_POINT('',#4639);
#4639 = CARTESIAN_POINT('',(-8.75,6.3,-2.971132486541));
#4640 = LINE('',#4641,#4642);
#4641 = CARTESIAN_POINT('',(-8.75,6.3,-2.971132486541));
#4642 = VECTOR('',#4643,1.);
#4643 = DIRECTION('',(0.,0.,-1.));
#4644 = ORIENTED_EDGE('',*,*,#4645,.F.);
#4645 = EDGE_CURVE('',#4646,#4638,#4648,.T.);
#4646 = VERTEX_POINT('',#4647);
#4647 = CARTESIAN_POINT('',(-8.75,4.1,-2.971132486541));
#4648 = LINE('',#4649,#4650);
#4649 = CARTESIAN_POINT('',(-8.75,4.1,-2.971132486541));
#4650 = VECTOR('',#4651,1.);
#4651 = DIRECTION('',(0.,1.,0.));
#4652 = ORIENTED_EDGE('',*,*,#4653,.T.);
#4653 = EDGE_CURVE('',#4646,#4654,#4656,.T.);
#4654 = VERTEX_POINT('',#4655);
#4655 = CARTESIAN_POINT('',(-8.75,4.1,-2.028867513459));
#4656 = LINE('',#4657,#4658);
#4657 = CARTESIAN_POINT('',(-8.75,4.1,-2.971132486541));
#4658 = VECTOR('',#4659,1.);
#4659 = DIRECTION('',(0.,0.,1.));
#4660 = ORIENTED_EDGE('',*,*,#4661,.T.);
#4661 = EDGE_CURVE('',#4654,#4662,#4664,.T.);
#4662 = VERTEX_POINT('',#4663);
#4663 = CARTESIAN_POINT('',(-8.75,6.3,-2.028867513459));
#4664 = LINE('',#4665,#4666);
#4665 = CARTESIAN_POINT('',(-8.75,4.1,-2.028867513459));
#4666 = VECTOR('',#4667,1.);
#4667 = DIRECTION('',(0.,1.,0.));
#4668 = ORIENTED_EDGE('',*,*,#4669,.F.);
#4669 = EDGE_CURVE('',#214,#4662,#4670,.T.);
#4670 = LINE('',#4671,#4672);
#4671 = CARTESIAN_POINT('',(-8.75,6.3,-2.013033107515));
#4672 = VECTOR('',#4673,1.);
#4673 = DIRECTION('',(0.,0.,-1.));
#4674 = PLANE('',#4675);
#4675 = AXIS2_PLACEMENT_3D('',#4676,#4677,#4678);
#4676 = CARTESIAN_POINT('',(-8.75,0.,0.));
#4677 = DIRECTION('',(-1.,0.,0.));
#4678 = DIRECTION('',(0.,0.,1.));
#4679 = ADVANCED_FACE('',(#4680),#4691,.T.);
#4680 = FACE_BOUND('',#4681,.F.);
#4681 = EDGE_LOOP('',(#4682,#4688,#4689,#4690));
#4682 = ORIENTED_EDGE('',*,*,#4683,.F.);
#4683 = EDGE_CURVE('',#4589,#127,#4684,.T.);
#4684 = LINE('',#4685,#4686);
#4685 = CARTESIAN_POINT('',(-8.75,6.17604722665,-6.421856218275));
#4686 = VECTOR('',#4687,1.);
#4687 = DIRECTION('',(1.,0.,0.));
#4688 = ORIENTED_EDGE('',*,*,#4588,.T.);
#4689 = ORIENTED_EDGE('',*,*,#1632,.F.);
#4690 = ORIENTED_EDGE('',*,*,#135,.F.);
#4691 = PLANE('',#4692);
#4692 = AXIS2_PLACEMENT_3D('',#4693,#4694,#4695);
#4693 = CARTESIAN_POINT('',(8.75,6.3,-6.4));
#4694 = DIRECTION('',(0.,0.173648177667,-0.984807753012));
#4695 = DIRECTION('',(0.,-0.984807753012,-0.173648177667));
#4696 = ADVANCED_FACE('',(#4697),#4708,.T.);
#4697 = FACE_BOUND('',#4698,.T.);
#4698 = EDGE_LOOP('',(#4699,#4700,#4701,#4707));
#4699 = ORIENTED_EDGE('',*,*,#4683,.F.);
#4700 = ORIENTED_EDGE('',*,*,#4596,.F.);
#4701 = ORIENTED_EDGE('',*,*,#4702,.T.);
#4702 = EDGE_CURVE('',#4597,#119,#4703,.T.);
#4703 = LINE('',#4704,#4705);
#4704 = CARTESIAN_POINT('',(-8.75,6.3,-6.274135055323));
#4705 = VECTOR('',#4706,1.);
#4706 = DIRECTION('',(1.,0.,0.));
#4707 = ORIENTED_EDGE('',*,*,#126,.F.);
#4708 = CYLINDRICAL_SURFACE('',#4709,0.15);
#4709 = AXIS2_PLACEMENT_3D('',#4710,#4711,#4712);
#4710 = CARTESIAN_POINT('',(-32.2148,6.15,-6.274135055323));
#4711 = DIRECTION('',(1.,0.,0.));
#4712 = DIRECTION('',(0.,0.173648177667,-0.984807753012));
#4713 = ADVANCED_FACE('',(#4714,#4956,#4976,#4996,#5016,#5036),#5056,.T.
  );
#4714 = FACE_BOUND('',#4715,.F.);
#4715 = EDGE_LOOP('',(#4716,#4717,#4718,#4727,#4735,#4744,#4752,#4761,
    #4769,#4776,#4777,#4786,#4794,#4803,#4811,#4820,#4828,#4835,#4836,
    #4837,#4838,#4847,#4855,#4864,#4872,#4881,#4889,#4896,#4897,#4906,
    #4914,#4923,#4931,#4940,#4948,#4955));
#4716 = ORIENTED_EDGE('',*,*,#213,.F.);
#4717 = ORIENTED_EDGE('',*,*,#4669,.T.);
#4718 = ORIENTED_EDGE('',*,*,#4719,.F.);
#4719 = EDGE_CURVE('',#4720,#4662,#4722,.T.);
#4720 = VERTEX_POINT('',#4721);
#4721 = CARTESIAN_POINT('',(-8.525,6.3,-2.158771324027));
#4722 = CIRCLE('',#4723,0.15);
#4723 = AXIS2_PLACEMENT_3D('',#4724,#4725,#4726);
#4724 = CARTESIAN_POINT('',(-8.6,6.3,-2.028867513459));
#4725 = DIRECTION('',(0.,1.,0.));
#4726 = DIRECTION('',(0.5,0.,-0.866025403784));
#4727 = ORIENTED_EDGE('',*,*,#4728,.T.);
#4728 = EDGE_CURVE('',#4720,#4729,#4731,.T.);
#4729 = VERTEX_POINT('',#4730);
#4730 = CARTESIAN_POINT('',(-8.325,6.3,-2.043301270189));
#4731 = LINE('',#4732,#4733);
#4732 = CARTESIAN_POINT('',(-8.525,6.3,-2.158771324027));
#4733 = VECTOR('',#4734,1.);
#4734 = DIRECTION('',(0.866025403784,0.,0.5));
#4735 = ORIENTED_EDGE('',*,*,#4736,.T.);
#4736 = EDGE_CURVE('',#4729,#4737,#4739,.T.);
#4737 = VERTEX_POINT('',#4738);
#4738 = CARTESIAN_POINT('',(-8.25,6.3,-2.086602540378));
#4739 = CIRCLE('',#4740,5.E-02);
#4740 = AXIS2_PLACEMENT_3D('',#4741,#4742,#4743);
#4741 = CARTESIAN_POINT('',(-8.3,6.3,-2.086602540378));
#4742 = DIRECTION('',(0.,1.,0.));
#4743 = DIRECTION('',(-0.5,0.,0.866025403784));
#4744 = ORIENTED_EDGE('',*,*,#4745,.T.);
#4745 = EDGE_CURVE('',#4737,#4746,#4748,.T.);
#4746 = VERTEX_POINT('',#4747);
#4747 = CARTESIAN_POINT('',(-8.25,6.3,-2.913397459622));
#4748 = LINE('',#4749,#4750);
#4749 = CARTESIAN_POINT('',(-8.25,6.3,-2.086602540378));
#4750 = VECTOR('',#4751,1.);
#4751 = DIRECTION('',(0.,0.,-1.));
#4752 = ORIENTED_EDGE('',*,*,#4753,.T.);
#4753 = EDGE_CURVE('',#4746,#4754,#4756,.T.);
#4754 = VERTEX_POINT('',#4755);
#4755 = CARTESIAN_POINT('',(-8.325,6.3,-2.956698729811));
#4756 = CIRCLE('',#4757,5.E-02);
#4757 = AXIS2_PLACEMENT_3D('',#4758,#4759,#4760);
#4758 = CARTESIAN_POINT('',(-8.3,6.3,-2.913397459622));
#4759 = DIRECTION('',(-0.,1.,0.));
#4760 = DIRECTION('',(1.,0.,0.));
#4761 = ORIENTED_EDGE('',*,*,#4762,.T.);
#4762 = EDGE_CURVE('',#4754,#4763,#4765,.T.);
#4763 = VERTEX_POINT('',#4764);
#4764 = CARTESIAN_POINT('',(-8.525,6.3,-2.841228675973));
#4765 = LINE('',#4766,#4767);
#4766 = CARTESIAN_POINT('',(-8.325,6.3,-2.956698729811));
#4767 = VECTOR('',#4768,1.);
#4768 = DIRECTION('',(-0.866025403784,0.,0.5));
#4769 = ORIENTED_EDGE('',*,*,#4770,.F.);
#4770 = EDGE_CURVE('',#4638,#4763,#4771,.T.);
#4771 = CIRCLE('',#4772,0.15);
#4772 = AXIS2_PLACEMENT_3D('',#4773,#4774,#4775);
#4773 = CARTESIAN_POINT('',(-8.6,6.3,-2.971132486541));
#4774 = DIRECTION('',(0.,1.,0.));
#4775 = DIRECTION('',(-1.,0.,0.));
#4776 = ORIENTED_EDGE('',*,*,#4637,.T.);
#4777 = ORIENTED_EDGE('',*,*,#4778,.F.);
#4778 = EDGE_CURVE('',#4779,#4630,#4781,.T.);
#4779 = VERTEX_POINT('',#4780);
#4780 = CARTESIAN_POINT('',(-8.525,6.3,-5.358771324027));
#4781 = CIRCLE('',#4782,0.15);
#4782 = AXIS2_PLACEMENT_3D('',#4783,#4784,#4785);
#4783 = CARTESIAN_POINT('',(-8.6,6.3,-5.228867513459));
#4784 = DIRECTION('',(0.,1.,0.));
#4785 = DIRECTION('',(0.5,0.,-0.866025403784));
#4786 = ORIENTED_EDGE('',*,*,#4787,.T.);
#4787 = EDGE_CURVE('',#4779,#4788,#4790,.T.);
#4788 = VERTEX_POINT('',#4789);
#4789 = CARTESIAN_POINT('',(-8.325,6.3,-5.243301270189));
#4790 = LINE('',#4791,#4792);
#4791 = CARTESIAN_POINT('',(-8.525,6.3,-5.358771324027));
#4792 = VECTOR('',#4793,1.);
#4793 = DIRECTION('',(0.866025403784,0.,0.5));
#4794 = ORIENTED_EDGE('',*,*,#4795,.T.);
#4795 = EDGE_CURVE('',#4788,#4796,#4798,.T.);
#4796 = VERTEX_POINT('',#4797);
#4797 = CARTESIAN_POINT('',(-8.25,6.3,-5.286602540378));
#4798 = CIRCLE('',#4799,5.E-02);
#4799 = AXIS2_PLACEMENT_3D('',#4800,#4801,#4802);
#4800 = CARTESIAN_POINT('',(-8.3,6.3,-5.286602540378));
#4801 = DIRECTION('',(0.,1.,0.));
#4802 = DIRECTION('',(-0.5,0.,0.866025403784));
#4803 = ORIENTED_EDGE('',*,*,#4804,.T.);
#4804 = EDGE_CURVE('',#4796,#4805,#4807,.T.);
#4805 = VERTEX_POINT('',#4806);
#4806 = CARTESIAN_POINT('',(-8.25,6.3,-6.113397459622));
#4807 = LINE('',#4808,#4809);
#4808 = CARTESIAN_POINT('',(-8.25,6.3,-5.286602540378));
#4809 = VECTOR('',#4810,1.);
#4810 = DIRECTION('',(0.,0.,-1.));
#4811 = ORIENTED_EDGE('',*,*,#4812,.T.);
#4812 = EDGE_CURVE('',#4805,#4813,#4815,.T.);
#4813 = VERTEX_POINT('',#4814);
#4814 = CARTESIAN_POINT('',(-8.325,6.3,-6.156698729811));
#4815 = CIRCLE('',#4816,5.E-02);
#4816 = AXIS2_PLACEMENT_3D('',#4817,#4818,#4819);
#4817 = CARTESIAN_POINT('',(-8.3,6.3,-6.113397459622));
#4818 = DIRECTION('',(0.,1.,0.));
#4819 = DIRECTION('',(1.,0.,-9.947598300641E-13));
#4820 = ORIENTED_EDGE('',*,*,#4821,.T.);
#4821 = EDGE_CURVE('',#4813,#4822,#4824,.T.);
#4822 = VERTEX_POINT('',#4823);
#4823 = CARTESIAN_POINT('',(-8.525,6.3,-6.041228675973));
#4824 = LINE('',#4825,#4826);
#4825 = CARTESIAN_POINT('',(-8.325,6.3,-6.156698729811));
#4826 = VECTOR('',#4827,1.);
#4827 = DIRECTION('',(-0.866025403784,0.,0.5));
#4828 = ORIENTED_EDGE('',*,*,#4829,.F.);
#4829 = EDGE_CURVE('',#4606,#4822,#4830,.T.);
#4830 = CIRCLE('',#4831,0.15);
#4831 = AXIS2_PLACEMENT_3D('',#4832,#4833,#4834);
#4832 = CARTESIAN_POINT('',(-8.6,6.3,-6.171132486541));
#4833 = DIRECTION('',(0.,1.,0.));
#4834 = DIRECTION('',(-1.,0.,0.));
#4835 = ORIENTED_EDGE('',*,*,#4605,.T.);
#4836 = ORIENTED_EDGE('',*,*,#4702,.T.);
#4837 = ORIENTED_EDGE('',*,*,#118,.F.);
#4838 = ORIENTED_EDGE('',*,*,#4839,.F.);
#4839 = EDGE_CURVE('',#4840,#111,#4842,.T.);
#4840 = VERTEX_POINT('',#4841);
#4841 = CARTESIAN_POINT('',(8.825,6.3,-5.954626135594));
#4842 = CIRCLE('',#4843,5.E-02);
#4843 = AXIS2_PLACEMENT_3D('',#4844,#4845,#4846);
#4844 = CARTESIAN_POINT('',(8.8,6.3,-5.997927405784));
#4845 = DIRECTION('',(0.,-1.,0.));
#4846 = DIRECTION('',(0.5,0.,0.866025403784));
#4847 = ORIENTED_EDGE('',*,*,#4848,.F.);
#4848 = EDGE_CURVE('',#4849,#4840,#4851,.T.);
#4849 = VERTEX_POINT('',#4850);
#4850 = CARTESIAN_POINT('',(9.025,6.3,-6.070096189432));
#4851 = LINE('',#4852,#4853);
#4852 = CARTESIAN_POINT('',(9.025,6.3,-6.070096189432));
#4853 = VECTOR('',#4854,1.);
#4854 = DIRECTION('',(-0.866025403784,0.,0.5));
#4855 = ORIENTED_EDGE('',*,*,#4856,.F.);
#4856 = EDGE_CURVE('',#4857,#4849,#4859,.T.);
#4857 = VERTEX_POINT('',#4858);
#4858 = CARTESIAN_POINT('',(9.25,6.3,-5.940192378865));
#4859 = CIRCLE('',#4860,0.15);
#4860 = AXIS2_PLACEMENT_3D('',#4861,#4862,#4863);
#4861 = CARTESIAN_POINT('',(9.1,6.3,-5.940192378865));
#4862 = DIRECTION('',(-0.,1.,0.));
#4863 = DIRECTION('',(1.,0.,0.));
#4864 = ORIENTED_EDGE('',*,*,#4865,.F.);
#4865 = EDGE_CURVE('',#4866,#4857,#4868,.T.);
#4866 = VERTEX_POINT('',#4867);
#4867 = CARTESIAN_POINT('',(9.25,6.3,-5.459807621135));
#4868 = LINE('',#4869,#4870);
#4869 = CARTESIAN_POINT('',(9.25,6.3,-5.459807621135));
#4870 = VECTOR('',#4871,1.);
#4871 = DIRECTION('',(0.,0.,-1.));
#4872 = ORIENTED_EDGE('',*,*,#4873,.F.);
#4873 = EDGE_CURVE('',#4874,#4866,#4876,.T.);
#4874 = VERTEX_POINT('',#4875);
#4875 = CARTESIAN_POINT('',(9.025,6.3,-5.329903810568));
#4876 = CIRCLE('',#4877,0.15);
#4877 = AXIS2_PLACEMENT_3D('',#4878,#4879,#4880);
#4878 = CARTESIAN_POINT('',(9.1,6.3,-5.459807621135));
#4879 = DIRECTION('',(0.,1.,0.));
#4880 = DIRECTION('',(-0.5,0.,0.866025403784));
#4881 = ORIENTED_EDGE('',*,*,#4882,.F.);
#4882 = EDGE_CURVE('',#4883,#4874,#4885,.T.);
#4883 = VERTEX_POINT('',#4884);
#4884 = CARTESIAN_POINT('',(8.825,6.3,-5.445373864406));
#4885 = LINE('',#4886,#4887);
#4886 = CARTESIAN_POINT('',(8.825,6.3,-5.445373864406));
#4887 = VECTOR('',#4888,1.);
#4888 = DIRECTION('',(0.866025403784,0.,0.5));
#4889 = ORIENTED_EDGE('',*,*,#4890,.F.);
#4890 = EDGE_CURVE('',#87,#4883,#4891,.T.);
#4891 = CIRCLE('',#4892,5.E-02);
#4892 = AXIS2_PLACEMENT_3D('',#4893,#4894,#4895);
#4893 = CARTESIAN_POINT('',(8.8,6.3,-5.402072594216));
#4894 = DIRECTION('',(0.,-1.,0.));
#4895 = DIRECTION('',(-1.,0.,0.));
#4896 = ORIENTED_EDGE('',*,*,#86,.F.);
#4897 = ORIENTED_EDGE('',*,*,#4898,.F.);
#4898 = EDGE_CURVE('',#4899,#79,#4901,.T.);
#4899 = VERTEX_POINT('',#4900);
#4900 = CARTESIAN_POINT('',(8.825,6.3,-2.754626135594));
#4901 = CIRCLE('',#4902,5.E-02);
#4902 = AXIS2_PLACEMENT_3D('',#4903,#4904,#4905);
#4903 = CARTESIAN_POINT('',(8.8,6.3,-2.797927405784));
#4904 = DIRECTION('',(0.,-1.,0.));
#4905 = DIRECTION('',(0.5,0.,0.866025403784));
#4906 = ORIENTED_EDGE('',*,*,#4907,.F.);
#4907 = EDGE_CURVE('',#4908,#4899,#4910,.T.);
#4908 = VERTEX_POINT('',#4909);
#4909 = CARTESIAN_POINT('',(9.025,6.3,-2.870096189432));
#4910 = LINE('',#4911,#4912);
#4911 = CARTESIAN_POINT('',(9.025,6.3,-2.870096189432));
#4912 = VECTOR('',#4913,1.);
#4913 = DIRECTION('',(-0.866025403784,0.,0.5));
#4914 = ORIENTED_EDGE('',*,*,#4915,.F.);
#4915 = EDGE_CURVE('',#4916,#4908,#4918,.T.);
#4916 = VERTEX_POINT('',#4917);
#4917 = CARTESIAN_POINT('',(9.25,6.3,-2.740192378865));
#4918 = CIRCLE('',#4919,0.15);
#4919 = AXIS2_PLACEMENT_3D('',#4920,#4921,#4922);
#4920 = CARTESIAN_POINT('',(9.1,6.3,-2.740192378865));
#4921 = DIRECTION('',(-0.,1.,0.));
#4922 = DIRECTION('',(1.,0.,0.));
#4923 = ORIENTED_EDGE('',*,*,#4924,.F.);
#4924 = EDGE_CURVE('',#4925,#4916,#4927,.T.);
#4925 = VERTEX_POINT('',#4926);
#4926 = CARTESIAN_POINT('',(9.25,6.3,-2.259807621135));
#4927 = LINE('',#4928,#4929);
#4928 = CARTESIAN_POINT('',(9.25,6.3,-2.259807621135));
#4929 = VECTOR('',#4930,1.);
#4930 = DIRECTION('',(0.,0.,-1.));
#4931 = ORIENTED_EDGE('',*,*,#4932,.F.);
#4932 = EDGE_CURVE('',#4933,#4925,#4935,.T.);
#4933 = VERTEX_POINT('',#4934);
#4934 = CARTESIAN_POINT('',(9.025,6.3,-2.129903810568));
#4935 = CIRCLE('',#4936,0.15);
#4936 = AXIS2_PLACEMENT_3D('',#4937,#4938,#4939);
#4937 = CARTESIAN_POINT('',(9.1,6.3,-2.259807621135));
#4938 = DIRECTION('',(0.,1.,0.));
#4939 = DIRECTION('',(-0.5,0.,0.866025403784));
#4940 = ORIENTED_EDGE('',*,*,#4941,.F.);
#4941 = EDGE_CURVE('',#4942,#4933,#4944,.T.);
#4942 = VERTEX_POINT('',#4943);
#4943 = CARTESIAN_POINT('',(8.825,6.3,-2.245373864406));
#4944 = LINE('',#4945,#4946);
#4945 = CARTESIAN_POINT('',(8.825,6.3,-2.245373864406));
#4946 = VECTOR('',#4947,1.);
#4947 = DIRECTION('',(0.866025403784,0.,0.5));
#4948 = ORIENTED_EDGE('',*,*,#4949,.F.);
#4949 = EDGE_CURVE('',#55,#4942,#4950,.T.);
#4950 = CIRCLE('',#4951,5.E-02);
#4951 = AXIS2_PLACEMENT_3D('',#4952,#4953,#4954);
#4952 = CARTESIAN_POINT('',(8.8,6.3,-2.202072594216));
#4953 = DIRECTION('',(0.,-1.,0.));
#4954 = DIRECTION('',(-1.,0.,0.));
#4955 = ORIENTED_EDGE('',*,*,#54,.F.);
#4956 = FACE_BOUND('',#4957,.F.);
#4957 = EDGE_LOOP('',(#4958,#4969));
#4958 = ORIENTED_EDGE('',*,*,#4959,.T.);
#4959 = EDGE_CURVE('',#4960,#4962,#4964,.T.);
#4960 = VERTEX_POINT('',#4961);
#4961 = CARTESIAN_POINT('',(2.05,6.3,-4.1));
#4962 = VERTEX_POINT('',#4963);
#4963 = CARTESIAN_POINT('',(4.95,6.3,-4.1));
#4964 = CIRCLE('',#4965,1.45);
#4965 = AXIS2_PLACEMENT_3D('',#4966,#4967,#4968);
#4966 = CARTESIAN_POINT('',(3.5,6.3,-4.1));
#4967 = DIRECTION('',(0.,1.,0.));
#4968 = DIRECTION('',(-1.,0.,0.));
#4969 = ORIENTED_EDGE('',*,*,#4970,.T.);
#4970 = EDGE_CURVE('',#4962,#4960,#4971,.T.);
#4971 = CIRCLE('',#4972,1.45);
#4972 = AXIS2_PLACEMENT_3D('',#4973,#4974,#4975);
#4973 = CARTESIAN_POINT('',(3.5,6.3,-4.1));
#4974 = DIRECTION('',(-0.,1.,0.));
#4975 = DIRECTION('',(1.,0.,0.));
#4976 = FACE_BOUND('',#4977,.F.);
#4977 = EDGE_LOOP('',(#4978,#4989));
#4978 = ORIENTED_EDGE('',*,*,#4979,.T.);
#4979 = EDGE_CURVE('',#4980,#4982,#4984,.T.);
#4980 = VERTEX_POINT('',#4981);
#4981 = CARTESIAN_POINT('',(-1.45,6.3,-4.1));
#4982 = VERTEX_POINT('',#4983);
#4983 = CARTESIAN_POINT('',(1.45,6.3,-4.1));
#4984 = CIRCLE('',#4985,1.45);
#4985 = AXIS2_PLACEMENT_3D('',#4986,#4987,#4988);
#4986 = CARTESIAN_POINT('',(0.,6.3,-4.1));
#4987 = DIRECTION('',(0.,1.,0.));
#4988 = DIRECTION('',(-1.,0.,0.));
#4989 = ORIENTED_EDGE('',*,*,#4990,.T.);
#4990 = EDGE_CURVE('',#4982,#4980,#4991,.T.);
#4991 = CIRCLE('',#4992,1.45);
#4992 = AXIS2_PLACEMENT_3D('',#4993,#4994,#4995);
#4993 = CARTESIAN_POINT('',(0.,6.3,-4.1));
#4994 = DIRECTION('',(-0.,1.,0.));
#4995 = DIRECTION('',(1.,0.,0.));
#4996 = FACE_BOUND('',#4997,.F.);
#4997 = EDGE_LOOP('',(#4998,#5009));
#4998 = ORIENTED_EDGE('',*,*,#4999,.T.);
#4999 = EDGE_CURVE('',#5000,#5002,#5004,.T.);
#5000 = VERTEX_POINT('',#5001);
#5001 = CARTESIAN_POINT('',(-4.95,6.3,-4.1));
#5002 = VERTEX_POINT('',#5003);
#5003 = CARTESIAN_POINT('',(-2.05,6.3,-4.1));
#5004 = CIRCLE('',#5005,1.45);
#5005 = AXIS2_PLACEMENT_3D('',#5006,#5007,#5008);
#5006 = CARTESIAN_POINT('',(-3.5,6.3,-4.1));
#5007 = DIRECTION('',(0.,1.,0.));
#5008 = DIRECTION('',(-1.,0.,0.));
#5009 = ORIENTED_EDGE('',*,*,#5010,.T.);
#5010 = EDGE_CURVE('',#5002,#5000,#5011,.T.);
#5011 = CIRCLE('',#5012,1.45);
#5012 = AXIS2_PLACEMENT_3D('',#5013,#5014,#5015);
#5013 = CARTESIAN_POINT('',(-3.5,6.3,-4.1));
#5014 = DIRECTION('',(-0.,1.,0.));
#5015 = DIRECTION('',(1.,0.,0.));
#5016 = FACE_BOUND('',#5017,.F.);
#5017 = EDGE_LOOP('',(#5018,#5029));
#5018 = ORIENTED_EDGE('',*,*,#5019,.T.);
#5019 = EDGE_CURVE('',#5020,#5022,#5024,.T.);
#5020 = VERTEX_POINT('',#5021);
#5021 = CARTESIAN_POINT('',(-8.45,6.3,-4.1));
#5022 = VERTEX_POINT('',#5023);
#5023 = CARTESIAN_POINT('',(-5.55,6.3,-4.1));
#5024 = CIRCLE('',#5025,1.45);
#5025 = AXIS2_PLACEMENT_3D('',#5026,#5027,#5028);
#5026 = CARTESIAN_POINT('',(-7.,6.3,-4.1));
#5027 = DIRECTION('',(0.,1.,0.));
#5028 = DIRECTION('',(-1.,0.,0.));
#5029 = ORIENTED_EDGE('',*,*,#5030,.T.);
#5030 = EDGE_CURVE('',#5022,#5020,#5031,.T.);
#5031 = CIRCLE('',#5032,1.45);
#5032 = AXIS2_PLACEMENT_3D('',#5033,#5034,#5035);
#5033 = CARTESIAN_POINT('',(-7.,6.3,-4.1));
#5034 = DIRECTION('',(-0.,1.,0.));
#5035 = DIRECTION('',(1.,0.,0.));
#5036 = FACE_BOUND('',#5037,.F.);
#5037 = EDGE_LOOP('',(#5038,#5049));
#5038 = ORIENTED_EDGE('',*,*,#5039,.T.);
#5039 = EDGE_CURVE('',#5040,#5042,#5044,.T.);
#5040 = VERTEX_POINT('',#5041);
#5041 = CARTESIAN_POINT('',(5.55,6.3,-4.1));
#5042 = VERTEX_POINT('',#5043);
#5043 = CARTESIAN_POINT('',(8.45,6.3,-4.1));
#5044 = CIRCLE('',#5045,1.45);
#5045 = AXIS2_PLACEMENT_3D('',#5046,#5047,#5048);
#5046 = CARTESIAN_POINT('',(7.,6.3,-4.1));
#5047 = DIRECTION('',(0.,1.,0.));
#5048 = DIRECTION('',(-1.,0.,0.));
#5049 = ORIENTED_EDGE('',*,*,#5050,.T.);
#5050 = EDGE_CURVE('',#5042,#5040,#5051,.T.);
#5051 = CIRCLE('',#5052,1.45);
#5052 = AXIS2_PLACEMENT_3D('',#5053,#5054,#5055);
#5053 = CARTESIAN_POINT('',(7.,6.3,-4.1));
#5054 = DIRECTION('',(-0.,1.,0.));
#5055 = DIRECTION('',(1.,0.,0.));
#5056 = PLANE('',#5057);
#5057 = AXIS2_PLACEMENT_3D('',#5058,#5059,#5060);
#5058 = CARTESIAN_POINT('',(8.75,6.3,-1.9));
#5059 = DIRECTION('',(0.,1.,0.));
#5060 = DIRECTION('',(0.,0.,-1.));
#5061 = ADVANCED_FACE('',(#5062,#5156,#5236),#5316,.F.);
#5062 = FACE_BOUND('',#5063,.F.);
#5063 = EDGE_LOOP('',(#5064,#5072,#5081,#5089,#5098,#5106,#5115,#5123,
    #5132,#5140,#5149,#5155));
#5064 = ORIENTED_EDGE('',*,*,#5065,.T.);
#5065 = EDGE_CURVE('',#5040,#5066,#5068,.T.);
#5066 = VERTEX_POINT('',#5067);
#5067 = CARTESIAN_POINT('',(5.55,5.04641,-4.1));
#5068 = LINE('',#5069,#5070);
#5069 = CARTESIAN_POINT('',(5.55,6.3,-4.1));
#5070 = VECTOR('',#5071,1.);
#5071 = DIRECTION('',(0.,-1.,0.));
#5072 = ORIENTED_EDGE('',*,*,#5073,.F.);
#5073 = EDGE_CURVE('',#5074,#5066,#5076,.T.);
#5074 = VERTEX_POINT('',#5075);
#5075 = CARTESIAN_POINT('',(5.581373904089,5.04641,-4.4));
#5076 = CIRCLE('',#5077,1.45);
#5077 = AXIS2_PLACEMENT_3D('',#5078,#5079,#5080);
#5078 = CARTESIAN_POINT('',(7.,5.04641,-4.1));
#5079 = DIRECTION('',(0.,1.,0.));
#5080 = DIRECTION('',(-0.978362824766,0.,-0.206896551724));
#5081 = ORIENTED_EDGE('',*,*,#5082,.T.);
#5082 = EDGE_CURVE('',#5074,#5083,#5085,.T.);
#5083 = VERTEX_POINT('',#5084);
#5084 = CARTESIAN_POINT('',(5.581373904089,4.44641,-4.4));
#5085 = LINE('',#5086,#5087);
#5086 = CARTESIAN_POINT('',(5.581373904089,5.04641,-4.4));
#5087 = VECTOR('',#5088,1.);
#5088 = DIRECTION('',(0.,-1.,0.));
#5089 = ORIENTED_EDGE('',*,*,#5090,.F.);
#5090 = EDGE_CURVE('',#5091,#5083,#5093,.T.);
#5091 = VERTEX_POINT('',#5092);
#5092 = CARTESIAN_POINT('',(5.581373904089,4.44641,-3.8));
#5093 = CIRCLE('',#5094,1.45);
#5094 = AXIS2_PLACEMENT_3D('',#5095,#5096,#5097);
#5095 = CARTESIAN_POINT('',(7.,4.44641,-4.1));
#5096 = DIRECTION('',(0.,-1.,0.));
#5097 = DIRECTION('',(-0.978362824766,0.,0.206896551724));
#5098 = ORIENTED_EDGE('',*,*,#5099,.F.);
#5099 = EDGE_CURVE('',#5100,#5091,#5102,.T.);
#5100 = VERTEX_POINT('',#5101);
#5101 = CARTESIAN_POINT('',(5.581373904089,5.04641,-3.8));
#5102 = LINE('',#5103,#5104);
#5103 = CARTESIAN_POINT('',(5.581373904089,5.04641,-3.8));
#5104 = VECTOR('',#5105,1.);
#5105 = DIRECTION('',(0.,-1.,0.));
#5106 = ORIENTED_EDGE('',*,*,#5107,.T.);
#5107 = EDGE_CURVE('',#5100,#5108,#5110,.T.);
#5108 = VERTEX_POINT('',#5109);
#5109 = CARTESIAN_POINT('',(8.418626095911,5.04641,-3.8));
#5110 = CIRCLE('',#5111,1.45);
#5111 = AXIS2_PLACEMENT_3D('',#5112,#5113,#5114);
#5112 = CARTESIAN_POINT('',(7.,5.04641,-4.1));
#5113 = DIRECTION('',(0.,1.,0.));
#5114 = DIRECTION('',(-0.978362824766,0.,0.206896551724));
#5115 = ORIENTED_EDGE('',*,*,#5116,.T.);
#5116 = EDGE_CURVE('',#5108,#5117,#5119,.T.);
#5117 = VERTEX_POINT('',#5118);
#5118 = CARTESIAN_POINT('',(8.418626095911,4.44641,-3.8));
#5119 = LINE('',#5120,#5121);
#5120 = CARTESIAN_POINT('',(8.418626095911,5.04641,-3.8));
#5121 = VECTOR('',#5122,1.);
#5122 = DIRECTION('',(0.,-1.,0.));
#5123 = ORIENTED_EDGE('',*,*,#5124,.F.);
#5124 = EDGE_CURVE('',#5125,#5117,#5127,.T.);
#5125 = VERTEX_POINT('',#5126);
#5126 = CARTESIAN_POINT('',(8.418626095911,4.44641,-4.4));
#5127 = CIRCLE('',#5128,1.45);
#5128 = AXIS2_PLACEMENT_3D('',#5129,#5130,#5131);
#5129 = CARTESIAN_POINT('',(7.,4.44641,-4.1));
#5130 = DIRECTION('',(0.,-1.,0.));
#5131 = DIRECTION('',(0.978362824766,0.,-0.206896551724));
#5132 = ORIENTED_EDGE('',*,*,#5133,.F.);
#5133 = EDGE_CURVE('',#5134,#5125,#5136,.T.);
#5134 = VERTEX_POINT('',#5135);
#5135 = CARTESIAN_POINT('',(8.418626095911,5.04641,-4.4));
#5136 = LINE('',#5137,#5138);
#5137 = CARTESIAN_POINT('',(8.418626095911,5.04641,-4.4));
#5138 = VECTOR('',#5139,1.);
#5139 = DIRECTION('',(0.,-1.,0.));
#5140 = ORIENTED_EDGE('',*,*,#5141,.F.);
#5141 = EDGE_CURVE('',#5142,#5134,#5144,.T.);
#5142 = VERTEX_POINT('',#5143);
#5143 = CARTESIAN_POINT('',(8.45,5.04641,-4.1));
#5144 = CIRCLE('',#5145,1.45);
#5145 = AXIS2_PLACEMENT_3D('',#5146,#5147,#5148);
#5146 = CARTESIAN_POINT('',(7.,5.04641,-4.1));
#5147 = DIRECTION('',(-0.,1.,0.));
#5148 = DIRECTION('',(1.,0.,0.));
#5149 = ORIENTED_EDGE('',*,*,#5150,.F.);
#5150 = EDGE_CURVE('',#5042,#5142,#5151,.T.);
#5151 = LINE('',#5152,#5153);
#5152 = CARTESIAN_POINT('',(8.45,6.3,-4.1));
#5153 = VECTOR('',#5154,1.);
#5154 = DIRECTION('',(0.,-1.,0.));
#5155 = ORIENTED_EDGE('',*,*,#5039,.F.);
#5156 = FACE_BOUND('',#5157,.F.);
#5157 = EDGE_LOOP('',(#5158,#5176,#5202,#5212));
#5158 = ORIENTED_EDGE('',*,*,#5159,.T.);
#5159 = EDGE_CURVE('',#5160,#5162,#5164,.T.);
#5160 = VERTEX_POINT('',#5161);
#5161 = CARTESIAN_POINT('',(8.327548950591,6.069749005049,
    -3.516807249887));
#5162 = VERTEX_POINT('',#5163);
#5163 = CARTESIAN_POINT('',(7.583192750113,6.069749005049,
    -2.772451049409));
#5164 = B_SPLINE_CURVE_WITH_KNOTS('',3,(#5165,#5166,#5167,#5168,#5169,
    #5170,#5171,#5172,#5173,#5174,#5175),.UNSPECIFIED.,.F.,.F.,(4,1,1,1,
    1,1,1,1,4),(0.,0.125,0.25,0.375,0.5,0.625,0.75,0.875,1.),
  .QUASI_UNIFORM_KNOTS.);
#5165 = CARTESIAN_POINT('',(8.327548950591,6.069749005049,
    -3.516807249887));
#5166 = CARTESIAN_POINT('',(8.308616375025,5.955417856658,-3.47371014208
    ));
#5167 = CARTESIAN_POINT('',(8.267285231092,5.759553292802,
    -3.390981919267));
#5168 = CARTESIAN_POINT('',(8.195841401583,5.555151874754,
    -3.276336698656));
#5169 = CARTESIAN_POINT('',(8.115540573851,5.434561785478,
    -3.170548476269));
#5170 = CARTESIAN_POINT('',(8.026709224685,5.394693665246,
    -3.073290775315));
#5171 = CARTESIAN_POINT('',(7.929451523731,5.434561785478,
    -2.984459426149));
#5172 = CARTESIAN_POINT('',(7.823663301344,5.555151874754,
    -2.904158598417));
#5173 = CARTESIAN_POINT('',(7.709018080733,5.759553292802,
    -2.832714768908));
#5174 = CARTESIAN_POINT('',(7.62628985792,5.955417856658,-2.791383624975
    ));
#5175 = CARTESIAN_POINT('',(7.583192750113,6.069749005049,
    -2.772451049409));
#5176 = ORIENTED_EDGE('',*,*,#5177,.T.);
#5177 = EDGE_CURVE('',#5162,#5178,#5180,.T.);
#5178 = VERTEX_POINT('',#5179);
#5179 = CARTESIAN_POINT('',(7.72302253736,6.171132486541,-2.843123550038
    ));
#5180 = B_SPLINE_CURVE_WITH_KNOTS('',3,(#5181,#5182,#5183,#5184,#5185,
    #5186,#5187,#5188,#5189,#5190,#5191,#5192,#5193,#5194,#5195,#5196,
    #5197,#5198,#5199,#5200,#5201),.UNSPECIFIED.,.F.,.F.,(4,1,1,1,1,1,1,
    1,1,1,1,1,1,1,1,1,1,1,4),(0.,5.555555555556E-02,0.111111111111,
    0.166666666667,0.222222222222,0.277777777778,0.333333333333,
    0.388888888889,0.444444444444,0.5,0.555555555556,0.611111111111,
    0.666666666667,0.722222222222,0.777777777778,0.833333333333,
    0.888888888889,0.944444444444,1.),.UNSPECIFIED.);
#5181 = CARTESIAN_POINT('',(7.583192750113,6.069749005049,
    -2.772451049409));
#5182 = CARTESIAN_POINT('',(7.582466250826,6.071676315302,
    -2.772131898001));
#5183 = CARTESIAN_POINT('',(7.58130725257,6.075531614056,-2.771624109012
    ));
#5184 = CARTESIAN_POINT('',(7.580422790912,6.081270867246,
    -2.771237634554));
#5185 = CARTESIAN_POINT('',(7.580369017155,6.087053181218,
    -2.771214158625));
#5186 = CARTESIAN_POINT('',(7.581149641912,6.092808201268,
    -2.771555190698));
#5187 = CARTESIAN_POINT('',(7.582796359755,6.098651454676,
    -2.772276334313));
#5188 = CARTESIAN_POINT('',(7.585427188118,6.104669540751,
    -2.773433427589));
#5189 = CARTESIAN_POINT('',(7.589107283278,6.1107690639,-2.77506239352)
  );
#5190 = CARTESIAN_POINT('',(7.593943684162,6.116958310476,
    -2.777221557851));
#5191 = CARTESIAN_POINT('',(7.600101369183,6.123249060741,-2.78000113359
    ));
#5192 = CARTESIAN_POINT('',(7.607610337235,6.1295066664,-2.783437586236)
  );
#5193 = CARTESIAN_POINT('',(7.616487382791,6.135642212304,
    -2.787566894571));
#5194 = CARTESIAN_POINT('',(7.626821843521,6.141621640069,
    -2.792466339374));
#5195 = CARTESIAN_POINT('',(7.638566886742,6.147339569579,
    -2.798156657437));
#5196 = CARTESIAN_POINT('',(7.651735765504,6.152752198424,-2.80469248046
    ));
#5197 = CARTESIAN_POINT('',(7.666552373245,6.157883599886,
    -2.812245383201));
#5198 = CARTESIAN_POINT('',(7.683192121489,6.162702214018,
    -2.820984591914));
#5199 = CARTESIAN_POINT('',(7.701796827649,6.167157872353,
    -2.831083116902));
#5200 = CARTESIAN_POINT('',(7.715714463296,6.16986525155,-2.838919555084
    ));
#5201 = CARTESIAN_POINT('',(7.72302253736,6.171132486541,-2.843123550038
    ));
#5202 = ORIENTED_EDGE('',*,*,#5203,.T.);
#5203 = EDGE_CURVE('',#5178,#5204,#5206,.T.);
#5204 = VERTEX_POINT('',#5205);
#5205 = CARTESIAN_POINT('',(8.256876449962,6.171132486541,-3.37697746264
    ));
#5206 = B_SPLINE_CURVE_WITH_KNOTS('',3,(#5207,#5208,#5209,#5210,#5211),
  .UNSPECIFIED.,.F.,.F.,(4,1,4),(0.,0.5,1.),.QUASI_UNIFORM_KNOTS.);
#5207 = CARTESIAN_POINT('',(7.72302253736,6.171132486541,-2.843123550038
    ));
#5208 = CARTESIAN_POINT('',(7.835989312394,6.190721156388,
    -2.908108079205));
#5209 = CARTESIAN_POINT('',(8.036669048847,6.209278843612,
    -3.063330951153));
#5210 = CARTESIAN_POINT('',(8.191891920795,6.190721156388,
    -3.264010687606));
#5211 = CARTESIAN_POINT('',(8.256876449962,6.171132486541,-3.37697746264
    ));
#5212 = ORIENTED_EDGE('',*,*,#5213,.T.);
#5213 = EDGE_CURVE('',#5204,#5160,#5214,.T.);
#5214 = B_SPLINE_CURVE_WITH_KNOTS('',3,(#5215,#5216,#5217,#5218,#5219,
    #5220,#5221,#5222,#5223,#5224,#5225,#5226,#5227,#5228,#5229,#5230,
    #5231,#5232,#5233,#5234,#5235),.UNSPECIFIED.,.F.,.F.,(4,1,1,1,1,1,1,
    1,1,1,1,1,1,1,1,1,1,1,4),(0.,5.555555555556E-02,0.111111111111,
    0.166666666667,0.222222222222,0.277777777778,0.333333333333,
    0.388888888889,0.444444444444,0.5,0.555555555556,0.611111111111,
    0.666666666667,0.722222222222,0.777777777778,0.833333333333,
    0.888888888889,0.944444444444,1.),.UNSPECIFIED.);
#5215 = CARTESIAN_POINT('',(8.256876449962,6.171132486541,-3.37697746264
    ));
#5216 = CARTESIAN_POINT('',(8.261063541137,6.169870346956,
    -3.384256151782));
#5217 = CARTESIAN_POINT('',(8.26887040998,6.167174675469,-3.39812001106)
  );
#5218 = CARTESIAN_POINT('',(8.278936935457,6.162739593927,
    -3.416661591561));
#5219 = CARTESIAN_POINT('',(8.287652350023,6.157944797159,
    -3.433250523425));
#5220 = CARTESIAN_POINT('',(8.295187678125,6.152840509444,
    -3.448026429437));
#5221 = CARTESIAN_POINT('',(8.301708906935,6.14746016911,-3.461159380162
    ));
#5222 = CARTESIAN_POINT('',(8.307387242508,6.14178124577,-3.472872999246
    ));
#5223 = CARTESIAN_POINT('',(8.312280941905,6.135844078686,
    -3.483188849829));
#5224 = CARTESIAN_POINT('',(8.316410202915,6.129753195813,
    -3.492059948804));
#5225 = CARTESIAN_POINT('',(8.319853640117,6.123539401175,-3.49957918849
    ));
#5226 = CARTESIAN_POINT('',(8.322648248775,6.117284432279,
    -3.505766313989));
#5227 = CARTESIAN_POINT('',(8.324825619274,6.111128661488,
    -3.510640786033));
#5228 = CARTESIAN_POINT('',(8.326479069234,6.105047604363,-3.5143744287)
  );
#5229 = CARTESIAN_POINT('',(8.32766888269,6.09900440991,-3.517078735708)
  );
#5230 = CARTESIAN_POINT('',(8.328420857989,6.093081251476,
    -3.518795568731));
#5231 = CARTESIAN_POINT('',(8.328777614861,6.087312797092,
    -3.519612141503));
#5232 = CARTESIAN_POINT('',(8.328773045618,6.08154631433,-3.519601670722
    ));
#5233 = CARTESIAN_POINT('',(8.328392919825,6.075670996754,
    -3.518731662777));
#5234 = CARTESIAN_POINT('',(8.327876542415,6.071727285782,
    -3.517552962488));
#5235 = CARTESIAN_POINT('',(8.327548950591,6.069749005049,
    -3.516807249887));
#5236 = FACE_BOUND('',#5237,.F.);
#5237 = EDGE_LOOP('',(#5238,#5256,#5282,#5292));
#5238 = ORIENTED_EDGE('',*,*,#5239,.T.);
#5239 = EDGE_CURVE('',#5240,#5242,#5244,.T.);
#5240 = VERTEX_POINT('',#5241);
#5241 = CARTESIAN_POINT('',(6.416807249887,6.069749005049,
    -2.772451049409));
#5242 = VERTEX_POINT('',#5243);
#5243 = CARTESIAN_POINT('',(5.672451049409,6.069749005049,
    -3.516807249887));
#5244 = B_SPLINE_CURVE_WITH_KNOTS('',3,(#5245,#5246,#5247,#5248,#5249,
    #5250,#5251,#5252,#5253,#5254,#5255),.UNSPECIFIED.,.F.,.F.,(4,1,1,1,
    1,1,1,1,4),(0.,0.125,0.25,0.375,0.5,0.625,0.75,0.875,1.),
  .QUASI_UNIFORM_KNOTS.);
#5245 = CARTESIAN_POINT('',(6.416807249887,6.069749005049,
    -2.772451049409));
#5246 = CARTESIAN_POINT('',(6.37371014208,5.955417856658,-2.791383624975
    ));
#5247 = CARTESIAN_POINT('',(6.290981919267,5.759553292802,
    -2.832714768908));
#5248 = CARTESIAN_POINT('',(6.176336698656,5.555151874754,
    -2.904158598417));
#5249 = CARTESIAN_POINT('',(6.070548476269,5.434561785478,
    -2.984459426149));
#5250 = CARTESIAN_POINT('',(5.973290775315,5.394693665246,
    -3.073290775315));
#5251 = CARTESIAN_POINT('',(5.884459426149,5.434561785478,
    -3.170548476269));
#5252 = CARTESIAN_POINT('',(5.804158598417,5.555151874754,
    -3.276336698656));
#5253 = CARTESIAN_POINT('',(5.732714768908,5.759553292802,
    -3.390981919267));
#5254 = CARTESIAN_POINT('',(5.691383624975,5.955417856658,-3.47371014208
    ));
#5255 = CARTESIAN_POINT('',(5.672451049409,6.069749005049,
    -3.516807249887));
#5256 = ORIENTED_EDGE('',*,*,#5257,.T.);
#5257 = EDGE_CURVE('',#5242,#5258,#5260,.T.);
#5258 = VERTEX_POINT('',#5259);
#5259 = CARTESIAN_POINT('',(5.743123550038,6.171132486541,-3.37697746264
    ));
#5260 = B_SPLINE_CURVE_WITH_KNOTS('',3,(#5261,#5262,#5263,#5264,#5265,
    #5266,#5267,#5268,#5269,#5270,#5271,#5272,#5273,#5274,#5275,#5276,
    #5277,#5278,#5279,#5280,#5281),.UNSPECIFIED.,.F.,.F.,(4,1,1,1,1,1,1,
    1,1,1,1,1,1,1,1,1,1,1,4),(0.,5.555555555556E-02,0.111111111111,
    0.166666666667,0.222222222222,0.277777777778,0.333333333333,
    0.388888888889,0.444444444444,0.5,0.555555555556,0.611111111111,
    0.666666666667,0.722222222222,0.777777777778,0.833333333333,
    0.888888888889,0.944444444444,1.),.UNSPECIFIED.);
#5261 = CARTESIAN_POINT('',(5.672451049409,6.069749005049,
    -3.516807249887));
#5262 = CARTESIAN_POINT('',(5.672123333492,6.071728035158,
    -3.517553244965));
#5263 = CARTESIAN_POINT('',(5.671606794928,6.07567333289,-3.518732314528
    ));
#5264 = CARTESIAN_POINT('',(5.67122672549,6.081551440384,-3.519602194976
    ));
#5265 = CARTESIAN_POINT('',(5.6712225681,6.087320869474,-3.519611722348)
  );
#5266 = CARTESIAN_POINT('',(5.671580127005,6.093092467725,
    -3.518793315468));
#5267 = CARTESIAN_POINT('',(5.67233338787,6.099018905386,-3.517073559254
    ));
#5268 = CARTESIAN_POINT('',(5.673524883946,6.105064772948,
    -3.514365465649));
#5269 = CARTESIAN_POINT('',(5.675180374648,6.111148087009,
    -3.510627297955));
#5270 = CARTESIAN_POINT('',(5.677360377979,6.117306275722,
    -3.505747088714));
#5271 = CARTESIAN_POINT('',(5.680158504199,6.123563995947,
    -3.499552454151));
#5272 = CARTESIAN_POINT('',(5.683606745541,6.129781114209,-3.49202318645
    ));
#5273 = CARTESIAN_POINT('',(5.687742646981,6.135875935566,
    -3.483138570964));
#5274 = CARTESIAN_POINT('',(5.692643786113,6.141815566962,
    -3.472808223566));
#5275 = CARTESIAN_POINT('',(5.698327260487,6.147492929413,
    -3.461085646399));
#5276 = CARTESIAN_POINT('',(5.704849838559,6.152868301976,
    -3.447951929073));
#5277 = CARTESIAN_POINT('',(5.712382596584,6.157965768196,
    -3.433183141411));
#5278 = CARTESIAN_POINT('',(5.721091177895,6.162752996548,
    -3.416609176952));
#5279 = CARTESIAN_POINT('',(5.731146408071,6.167180755827,
    -3.398089915971));
#5280 = CARTESIAN_POINT('',(5.738942651391,6.169872213606,
    -3.384245386912));
#5281 = CARTESIAN_POINT('',(5.743123550038,6.171132486541,-3.37697746264
    ));
#5282 = ORIENTED_EDGE('',*,*,#5283,.T.);
#5283 = EDGE_CURVE('',#5258,#5284,#5286,.T.);
#5284 = VERTEX_POINT('',#5285);
#5285 = CARTESIAN_POINT('',(6.27697746264,6.171132486541,-2.843123550038
    ));
#5286 = B_SPLINE_CURVE_WITH_KNOTS('',3,(#5287,#5288,#5289,#5290,#5291),
  .UNSPECIFIED.,.F.,.F.,(4,1,4),(0.,0.5,1.),.QUASI_UNIFORM_KNOTS.);
#5287 = CARTESIAN_POINT('',(5.743123550038,6.171132486541,-3.37697746264
    ));
#5288 = CARTESIAN_POINT('',(5.808108079205,6.190721156388,
    -3.264010687606));
#5289 = CARTESIAN_POINT('',(5.963330951153,6.209278843612,
    -3.063330951153));
#5290 = CARTESIAN_POINT('',(6.164010687606,6.190721156388,
    -2.908108079205));
#5291 = CARTESIAN_POINT('',(6.27697746264,6.171132486541,-2.843123550038
    ));
#5292 = ORIENTED_EDGE('',*,*,#5293,.T.);
#5293 = EDGE_CURVE('',#5284,#5240,#5294,.T.);
#5294 = B_SPLINE_CURVE_WITH_KNOTS('',3,(#5295,#5296,#5297,#5298,#5299,
    #5300,#5301,#5302,#5303,#5304,#5305,#5306,#5307,#5308,#5309,#5310,
    #5311,#5312,#5313,#5314,#5315),.UNSPECIFIED.,.F.,.F.,(4,1,1,1,1,1,1,
    1,1,1,1,1,1,1,1,1,1,1,4),(0.,5.555555555556E-02,0.111111111111,
    0.166666666667,0.222222222222,0.277777777778,0.333333333333,
    0.388888888889,0.444444444444,0.5,0.555555555556,0.611111111111,
    0.666666666667,0.722222222222,0.777777777778,0.833333333333,
    0.888888888889,0.944444444444,1.),.UNSPECIFIED.);
#5295 = CARTESIAN_POINT('',(6.27697746264,6.171132486541,-2.843123550038
    ));
#5296 = CARTESIAN_POINT('',(6.28430619252,6.169861669789,-2.838907672755
    ));
#5297 = CARTESIAN_POINT('',(6.29825948715,6.167146417325,-2.831051683506
    ));
#5298 = CARTESIAN_POINT('',(6.31689851129,6.162678890308,-2.82093603477)
  );
#5299 = CARTESIAN_POINT('',(6.333558189465,6.157848991514,
    -2.812188096859));
#5300 = CARTESIAN_POINT('',(6.348382587248,6.152707826707,
    -2.804632927034));
#5301 = CARTESIAN_POINT('',(6.361551713825,6.147286750249,
    -2.798098500827));
#5302 = CARTESIAN_POINT('',(6.373291703036,6.141561520716,
    -2.792411944768));
#5303 = CARTESIAN_POINT('',(6.383611450414,6.13557940763,-2.787520542139
    ));
#5304 = CARTESIAN_POINT('',(6.392459368503,6.129452769759,-2.78340550486
    ));
#5305 = CARTESIAN_POINT('',(6.399933137891,6.123215506667,
    -2.779985517915));
#5306 = CARTESIAN_POINT('',(6.406065438706,6.116947218611,
    -2.777217472277));
#5307 = CARTESIAN_POINT('',(6.410914135936,6.11074201804,-2.775052836804
    ));
#5308 = CARTESIAN_POINT('',(6.414615212397,6.104590717339,
    -2.773414714047));
#5309 = CARTESIAN_POINT('',(6.417233274617,6.098569459068,
    -2.772263336428));
#5310 = CARTESIAN_POINT('',(6.418872682574,6.092704941992,
    -2.771545429276));
#5311 = CARTESIAN_POINT('',(6.419629492423,6.086983741545,
    -2.771214811164));
#5312 = CARTESIAN_POINT('',(6.419578727733,6.081366592546,
    -2.771236973602));
#5313 = CARTESIAN_POINT('',(6.418723779718,6.075658976512,
    -2.771610538169));
#5314 = CARTESIAN_POINT('',(6.417554248263,6.07173069678,-2.772122892743
    ));
#5315 = CARTESIAN_POINT('',(6.416807249887,6.069749005049,
    -2.772451049409));
#5316 = CYLINDRICAL_SURFACE('',#5317,1.45);
#5317 = AXIS2_PLACEMENT_3D('',#5318,#5319,#5320);
#5318 = CARTESIAN_POINT('',(7.,6.3,-4.1));
#5319 = DIRECTION('',(0.,1.,0.));
#5320 = DIRECTION('',(-1.,0.,0.));
#5321 = ADVANCED_FACE('',(#5322,#5336,#5416),#5496,.F.);
#5322 = FACE_BOUND('',#5323,.F.);
#5323 = EDGE_LOOP('',(#5324,#5325,#5332,#5333,#5334,#5335));
#5324 = ORIENTED_EDGE('',*,*,#5141,.T.);
#5325 = ORIENTED_EDGE('',*,*,#5326,.T.);
#5326 = EDGE_CURVE('',#5134,#5074,#5327,.T.);
#5327 = CIRCLE('',#5328,1.45);
#5328 = AXIS2_PLACEMENT_3D('',#5329,#5330,#5331);
#5329 = CARTESIAN_POINT('',(7.,5.04641,-4.1));
#5330 = DIRECTION('',(0.,1.,0.));
#5331 = DIRECTION('',(0.978362824766,0.,-0.206896551724));
#5332 = ORIENTED_EDGE('',*,*,#5073,.T.);
#5333 = ORIENTED_EDGE('',*,*,#5065,.F.);
#5334 = ORIENTED_EDGE('',*,*,#5050,.F.);
#5335 = ORIENTED_EDGE('',*,*,#5150,.T.);
#5336 = FACE_BOUND('',#5337,.F.);
#5337 = EDGE_LOOP('',(#5338,#5356,#5382,#5392));
#5338 = ORIENTED_EDGE('',*,*,#5339,.T.);
#5339 = EDGE_CURVE('',#5340,#5342,#5344,.T.);
#5340 = VERTEX_POINT('',#5341);
#5341 = CARTESIAN_POINT('',(7.583192750113,6.069749005049,
    -5.427548950591));
#5342 = VERTEX_POINT('',#5343);
#5343 = CARTESIAN_POINT('',(8.327548950591,6.069749005049,
    -4.683192750113));
#5344 = B_SPLINE_CURVE_WITH_KNOTS('',3,(#5345,#5346,#5347,#5348,#5349,
    #5350,#5351,#5352,#5353,#5354,#5355),.UNSPECIFIED.,.F.,.F.,(4,1,1,1,
    1,1,1,1,4),(0.,0.125,0.25,0.375,0.5,0.625,0.75,0.875,1.),
  .QUASI_UNIFORM_KNOTS.);
#5345 = CARTESIAN_POINT('',(7.583192750113,6.069749005049,
    -5.427548950591));
#5346 = CARTESIAN_POINT('',(7.62628985792,5.955417856658,-5.408616375025
    ));
#5347 = CARTESIAN_POINT('',(7.709018080733,5.759553292802,
    -5.367285231092));
#5348 = CARTESIAN_POINT('',(7.823663301344,5.555151874754,
    -5.295841401583));
#5349 = CARTESIAN_POINT('',(7.929451523731,5.434561785478,
    -5.215540573851));
#5350 = CARTESIAN_POINT('',(8.026709224685,5.394693665246,
    -5.126709224685));
#5351 = CARTESIAN_POINT('',(8.115540573851,5.434561785478,
    -5.029451523731));
#5352 = CARTESIAN_POINT('',(8.195841401583,5.555151874754,
    -4.923663301344));
#5353 = CARTESIAN_POINT('',(8.267285231092,5.759553292802,
    -4.809018080733));
#5354 = CARTESIAN_POINT('',(8.308616375025,5.955417856658,-4.72628985792
    ));
#5355 = CARTESIAN_POINT('',(8.327548950591,6.069749005049,
    -4.683192750113));
#5356 = ORIENTED_EDGE('',*,*,#5357,.T.);
#5357 = EDGE_CURVE('',#5342,#5358,#5360,.T.);
#5358 = VERTEX_POINT('',#5359);
#5359 = CARTESIAN_POINT('',(8.256876449962,6.171132486541,-4.82302253736
    ));
#5360 = B_SPLINE_CURVE_WITH_KNOTS('',3,(#5361,#5362,#5363,#5364,#5365,
    #5366,#5367,#5368,#5369,#5370,#5371,#5372,#5373,#5374,#5375,#5376,
    #5377,#5378,#5379,#5380,#5381),.UNSPECIFIED.,.F.,.F.,(4,1,1,1,1,1,1,
    1,1,1,1,1,1,1,1,1,1,1,4),(0.,5.555555555556E-02,0.111111111111,
    0.166666666667,0.222222222222,0.277777777778,0.333333333333,
    0.388888888889,0.444444444444,0.5,0.555555555556,0.611111111111,
    0.666666666667,0.722222222222,0.777777777778,0.833333333333,
    0.888888888889,0.944444444444,1.),.UNSPECIFIED.);
#5361 = CARTESIAN_POINT('',(8.327548950591,6.069749005049,
    -4.683192750113));
#5362 = CARTESIAN_POINT('',(8.327876666508,6.071728035158,
    -4.682446755035));
#5363 = CARTESIAN_POINT('',(8.328393205072,6.07567333289,-4.681267685472
    ));
#5364 = CARTESIAN_POINT('',(8.32877327451,6.081551440384,-4.680397805024
    ));
#5365 = CARTESIAN_POINT('',(8.3287774319,6.087320869474,-4.680388277652)
  );
#5366 = CARTESIAN_POINT('',(8.328419872995,6.093092467725,
    -4.681206684532));
#5367 = CARTESIAN_POINT('',(8.32766661213,6.099018905386,-4.682926440746
    ));
#5368 = CARTESIAN_POINT('',(8.326475116054,6.105064772948,
    -4.685634534351));
#5369 = CARTESIAN_POINT('',(8.324819625352,6.111148087009,
    -4.689372702045));
#5370 = CARTESIAN_POINT('',(8.322639622021,6.117306275722,
    -4.694252911286));
#5371 = CARTESIAN_POINT('',(8.319841495801,6.123563995947,
    -4.700447545849));
#5372 = CARTESIAN_POINT('',(8.316393254459,6.129781114209,-4.70797681355
    ));
#5373 = CARTESIAN_POINT('',(8.312257353019,6.135875935566,
    -4.716861429036));
#5374 = CARTESIAN_POINT('',(8.307356213887,6.141815566962,
    -4.727191776434));
#5375 = CARTESIAN_POINT('',(8.301672739513,6.147492929413,
    -4.738914353601));
#5376 = CARTESIAN_POINT('',(8.295150161441,6.152868301976,
    -4.752048070927));
#5377 = CARTESIAN_POINT('',(8.287617403416,6.157965768196,
    -4.766816858589));
#5378 = CARTESIAN_POINT('',(8.278908822105,6.162752996548,
    -4.783390823048));
#5379 = CARTESIAN_POINT('',(8.268853591929,6.167180755827,
    -4.801910084029));
#5380 = CARTESIAN_POINT('',(8.261057348609,6.169872213606,
    -4.815754613088));
#5381 = CARTESIAN_POINT('',(8.256876449962,6.171132486541,-4.82302253736
    ));
#5382 = ORIENTED_EDGE('',*,*,#5383,.T.);
#5383 = EDGE_CURVE('',#5358,#5384,#5386,.T.);
#5384 = VERTEX_POINT('',#5385);
#5385 = CARTESIAN_POINT('',(7.72302253736,6.171132486541,-5.356876449962
    ));
#5386 = B_SPLINE_CURVE_WITH_KNOTS('',3,(#5387,#5388,#5389,#5390,#5391),
  .UNSPECIFIED.,.F.,.F.,(4,1,4),(0.,0.5,1.),.QUASI_UNIFORM_KNOTS.);
#5387 = CARTESIAN_POINT('',(8.256876449962,6.171132486541,-4.82302253736
    ));
#5388 = CARTESIAN_POINT('',(8.191891920795,6.190721156388,
    -4.935989312394));
#5389 = CARTESIAN_POINT('',(8.036669048847,6.209278843612,
    -5.136669048847));
#5390 = CARTESIAN_POINT('',(7.835989312394,6.190721156388,
    -5.291891920795));
#5391 = CARTESIAN_POINT('',(7.72302253736,6.171132486541,-5.356876449962
    ));
#5392 = ORIENTED_EDGE('',*,*,#5393,.T.);
#5393 = EDGE_CURVE('',#5384,#5340,#5394,.T.);
#5394 = B_SPLINE_CURVE_WITH_KNOTS('',3,(#5395,#5396,#5397,#5398,#5399,
    #5400,#5401,#5402,#5403,#5404,#5405,#5406,#5407,#5408,#5409,#5410,
    #5411,#5412,#5413,#5414,#5415),.UNSPECIFIED.,.F.,.F.,(4,1,1,1,1,1,1,
    1,1,1,1,1,1,1,1,1,1,1,4),(0.,5.555555555556E-02,0.111111111111,
    0.166666666667,0.222222222222,0.277777777778,0.333333333333,
    0.388888888889,0.444444444444,0.5,0.555555555556,0.611111111111,
    0.666666666667,0.722222222222,0.777777777778,0.833333333333,
    0.888888888889,0.944444444444,1.),.UNSPECIFIED.);
#5395 = CARTESIAN_POINT('',(7.72302253736,6.171132486541,-5.356876449962
    ));
#5396 = CARTESIAN_POINT('',(7.715763251496,6.169873711524,
    -5.361052379335));
#5397 = CARTESIAN_POINT('',(7.701928971438,6.16718483965,-5.368843160928
    ));
#5398 = CARTESIAN_POINT('',(7.683394405222,6.162754266973,
    -5.378907031357));
#5399 = CARTESIAN_POINT('',(7.666802146637,6.157961460931,
    -5.387625103176));
#5400 = CARTESIAN_POINT('',(7.652025792479,6.152859802542,
    -5.395161334553));
#5401 = CARTESIAN_POINT('',(7.638923048705,6.1474955226,-5.401668266691)
  );
#5402 = CARTESIAN_POINT('',(7.627259973904,6.14184957117,-5.407323302114
    ));
#5403 = CARTESIAN_POINT('',(7.616968654524,6.135941972059,
    -5.412206893313));
#5404 = CARTESIAN_POINT('',(7.608084977113,6.129861745312,
    -5.416343317896));
#5405 = CARTESIAN_POINT('',(7.600530808455,6.123642265873,
    -5.419803741357));
#5406 = CARTESIAN_POINT('',(7.594241464878,6.117302772888,
    -5.422644955703));
#5407 = CARTESIAN_POINT('',(7.58926554149,6.111005666821,-5.424867367036
    ));
#5408 = CARTESIAN_POINT('',(7.58551138436,6.104835743129,-5.426529457235
    ));
#5409 = CARTESIAN_POINT('',(7.582841717567,6.098782664402,
    -5.427703774128));
#5410 = CARTESIAN_POINT('',(7.581172461527,6.092913656099,
    -5.428434829791));
#5411 = CARTESIAN_POINT('',(7.580386403056,6.087230787538,
    -5.428778249768));
#5412 = CARTESIAN_POINT('',(7.580401880398,6.081544882568,
    -5.428771493957));
#5413 = CARTESIAN_POINT('',(7.581258879035,6.075715155738,
    -5.428397053717));
#5414 = CARTESIAN_POINT('',(7.582439397358,6.07174755414,-5.427879898738
    ));
#5415 = CARTESIAN_POINT('',(7.583192750113,6.069749005049,
    -5.427548950591));
#5416 = FACE_BOUND('',#5417,.F.);
#5417 = EDGE_LOOP('',(#5418,#5436,#5462,#5472));
#5418 = ORIENTED_EDGE('',*,*,#5419,.T.);
#5419 = EDGE_CURVE('',#5420,#5422,#5424,.T.);
#5420 = VERTEX_POINT('',#5421);
#5421 = CARTESIAN_POINT('',(5.672451049409,6.069749005049,
    -4.683192750113));
#5422 = VERTEX_POINT('',#5423);
#5423 = CARTESIAN_POINT('',(6.416807249887,6.069749005049,
    -5.427548950591));
#5424 = B_SPLINE_CURVE_WITH_KNOTS('',3,(#5425,#5426,#5427,#5428,#5429,
    #5430,#5431,#5432,#5433,#5434,#5435),.UNSPECIFIED.,.F.,.F.,(4,1,1,1,
    1,1,1,1,4),(0.,0.125,0.25,0.375,0.5,0.625,0.75,0.875,1.),
  .QUASI_UNIFORM_KNOTS.);
#5425 = CARTESIAN_POINT('',(5.672451049409,6.069749005049,
    -4.683192750113));
#5426 = CARTESIAN_POINT('',(5.691383624975,5.955417856658,-4.72628985792
    ));
#5427 = CARTESIAN_POINT('',(5.732714768908,5.759553292802,
    -4.809018080733));
#5428 = CARTESIAN_POINT('',(5.804158598417,5.555151874754,
    -4.923663301344));
#5429 = CARTESIAN_POINT('',(5.884459426149,5.434561785478,
    -5.029451523731));
#5430 = CARTESIAN_POINT('',(5.973290775315,5.394693665246,
    -5.126709224685));
#5431 = CARTESIAN_POINT('',(6.070548476269,5.434561785478,
    -5.215540573851));
#5432 = CARTESIAN_POINT('',(6.176336698656,5.555151874754,
    -5.295841401583));
#5433 = CARTESIAN_POINT('',(6.290981919267,5.759553292802,
    -5.367285231092));
#5434 = CARTESIAN_POINT('',(6.37371014208,5.955417856658,-5.408616375025
    ));
#5435 = CARTESIAN_POINT('',(6.416807249887,6.069749005049,
    -5.427548950591));
#5436 = ORIENTED_EDGE('',*,*,#5437,.T.);
#5437 = EDGE_CURVE('',#5422,#5438,#5440,.T.);
#5438 = VERTEX_POINT('',#5439);
#5439 = CARTESIAN_POINT('',(6.27697746264,6.171132486541,-5.356876449962
    ));
#5440 = B_SPLINE_CURVE_WITH_KNOTS('',3,(#5441,#5442,#5443,#5444,#5445,
    #5446,#5447,#5448,#5449,#5450,#5451,#5452,#5453,#5454,#5455,#5456,
    #5457,#5458,#5459,#5460,#5461),.UNSPECIFIED.,.F.,.F.,(4,1,1,1,1,1,1,
    1,1,1,1,1,1,1,1,1,1,1,4),(0.,5.555555555556E-02,0.111111111111,
    0.166666666667,0.222222222222,0.277777777778,0.333333333333,
    0.388888888889,0.444444444444,0.5,0.555555555556,0.611111111111,
    0.666666666667,0.722222222222,0.777777777778,0.833333333333,
    0.888888888889,0.944444444444,1.),.UNSPECIFIED.);
#5441 = CARTESIAN_POINT('',(6.416807249887,6.069749005049,
    -5.427548950591));
#5442 = CARTESIAN_POINT('',(6.41756124533,6.071749259109,-5.427880181071
    ));
#5443 = CARTESIAN_POINT('',(6.418742289017,6.075719750212,
    -5.428397564707));
#5444 = CARTESIAN_POINT('',(6.419598636345,6.081551214433,
    -5.428771719529));
#5445 = CARTESIAN_POINT('',(6.41961314715,6.087237740904,-5.428778053416
    ));
#5446 = CARTESIAN_POINT('',(6.418825979366,6.092921340593,
    -5.428434148151));
#5447 = CARTESIAN_POINT('',(6.417154868754,6.098792511307,
    -5.427702277128));
#5448 = CARTESIAN_POINT('',(6.414481681684,6.104849513602,
    -5.426526400981));
#5449 = CARTESIAN_POINT('',(6.410720819834,6.111025905723,-5.42486131272
    ));
#5450 = CARTESIAN_POINT('',(6.405733851368,6.117331070985,
    -5.422633885534));
#5451 = CARTESIAN_POINT('',(6.399433111091,6.123675306647,
    -5.419787347034));
#5452 = CARTESIAN_POINT('',(6.391867217762,6.129897829411,
    -5.416321267259));
#5453 = CARTESIAN_POINT('',(6.382969332433,6.135980965551,
    -5.412177774964));
#5454 = CARTESIAN_POINT('',(6.372667215222,6.141887887981,
    -5.407288394176));
#5455 = CARTESIAN_POINT('',(6.360999116443,6.147529980953,
    -5.401630066762));
#5456 = CARTESIAN_POINT('',(6.347898131338,6.152888135668,
    -5.395123014019));
#5457 = CARTESIAN_POINT('',(6.333129497491,6.157982723654,
    -5.387589647914));
#5458 = CARTESIAN_POINT('',(6.316552183044,6.162767925562,
    -5.378878383576));
#5459 = CARTESIAN_POINT('',(6.298039822959,6.167191150719,
    -5.368825724966));
#5460 = CARTESIAN_POINT('',(6.284225536379,6.169875655729,-5.36104592952
    ));
#5461 = CARTESIAN_POINT('',(6.27697746264,6.171132486541,-5.356876449962
    ));
#5462 = ORIENTED_EDGE('',*,*,#5463,.T.);
#5463 = EDGE_CURVE('',#5438,#5464,#5466,.T.);
#5464 = VERTEX_POINT('',#5465);
#5465 = CARTESIAN_POINT('',(5.743123550038,6.171132486541,-4.82302253736
    ));
#5466 = B_SPLINE_CURVE_WITH_KNOTS('',3,(#5467,#5468,#5469,#5470,#5471),
  .UNSPECIFIED.,.F.,.F.,(4,1,4),(0.,0.5,1.),.QUASI_UNIFORM_KNOTS.);
#5467 = CARTESIAN_POINT('',(6.27697746264,6.171132486541,-5.356876449962
    ));
#5468 = CARTESIAN_POINT('',(6.164010687606,6.190721156388,
    -5.291891920795));
#5469 = CARTESIAN_POINT('',(5.963330951153,6.209278843612,
    -5.136669048847));
#5470 = CARTESIAN_POINT('',(5.808108079205,6.190721156388,
    -4.935989312394));
#5471 = CARTESIAN_POINT('',(5.743123550038,6.171132486541,-4.82302253736
    ));
#5472 = ORIENTED_EDGE('',*,*,#5473,.T.);
#5473 = EDGE_CURVE('',#5464,#5420,#5474,.T.);
#5474 = B_SPLINE_CURVE_WITH_KNOTS('',3,(#5475,#5476,#5477,#5478,#5479,
    #5480,#5481,#5482,#5483,#5484,#5485,#5486,#5487,#5488,#5489,#5490,
    #5491,#5492,#5493,#5494,#5495),.UNSPECIFIED.,.F.,.F.,(4,1,1,1,1,1,1,
    1,1,1,1,1,1,1,1,1,1,1,4),(0.,5.555555555556E-02,0.111111111111,
    0.166666666667,0.222222222222,0.277777777778,0.333333333333,
    0.388888888889,0.444444444444,0.5,0.555555555556,0.611111111111,
    0.666666666667,0.722222222222,0.777777777778,0.833333333333,
    0.888888888889,0.944444444444,1.),.UNSPECIFIED.);
#5475 = CARTESIAN_POINT('',(5.743123550038,6.171132486541,-4.82302253736
    ));
#5476 = CARTESIAN_POINT('',(5.738936458863,6.169870346956,
    -4.815743848218));
#5477 = CARTESIAN_POINT('',(5.73112959002,6.167174675469,-4.80187998894)
  );
#5478 = CARTESIAN_POINT('',(5.721063064543,6.162739593927,
    -4.783338408439));
#5479 = CARTESIAN_POINT('',(5.712347649977,6.157944797159,
    -4.766749476575));
#5480 = CARTESIAN_POINT('',(5.704812321875,6.152840509444,
    -4.751973570563));
#5481 = CARTESIAN_POINT('',(5.698291093065,6.14746016911,-4.738840619838
    ));
#5482 = CARTESIAN_POINT('',(5.692612757492,6.14178124577,-4.727127000754
    ));
#5483 = CARTESIAN_POINT('',(5.687719058095,6.135844078686,
    -4.716811150171));
#5484 = CARTESIAN_POINT('',(5.683589797085,6.129753195813,
    -4.707940051196));
#5485 = CARTESIAN_POINT('',(5.680146359883,6.123539401175,-4.70042081151
    ));
#5486 = CARTESIAN_POINT('',(5.677351751225,6.117284432279,
    -4.694233686011));
#5487 = CARTESIAN_POINT('',(5.675174380726,6.111128661488,
    -4.689359213967));
#5488 = CARTESIAN_POINT('',(5.673520930766,6.105047604363,-4.6856255713)
  );
#5489 = CARTESIAN_POINT('',(5.67233111731,6.09900440991,-4.682921264292)
  );
#5490 = CARTESIAN_POINT('',(5.671579142011,6.093081251476,
    -4.681204431269));
#5491 = CARTESIAN_POINT('',(5.671222385139,6.087312797092,
    -4.680387858497));
#5492 = CARTESIAN_POINT('',(5.671226954382,6.08154631433,-4.680398329278
    ));
#5493 = CARTESIAN_POINT('',(5.671607080176,6.075670996754,
    -4.681268337223));
#5494 = CARTESIAN_POINT('',(5.672123457585,6.071727285782,
    -4.682447037512));
#5495 = CARTESIAN_POINT('',(5.672451049409,6.069749005049,
    -4.683192750113));
#5496 = CYLINDRICAL_SURFACE('',#5497,1.45);
#5497 = AXIS2_PLACEMENT_3D('',#5498,#5499,#5500);
#5498 = CARTESIAN_POINT('',(7.,6.3,-4.1));
#5499 = DIRECTION('',(0.,1.,0.));
#5500 = DIRECTION('',(-1.,0.,0.));
#5501 = ADVANCED_FACE('',(#5502),#5511,.T.);
#5502 = FACE_BOUND('',#5503,.F.);
#5503 = EDGE_LOOP('',(#5504,#5510));
#5504 = ORIENTED_EDGE('',*,*,#5505,.T.);
#5505 = EDGE_CURVE('',#5134,#5074,#5506,.T.);
#5506 = LINE('',#5507,#5508);
#5507 = CARTESIAN_POINT('',(8.418626095911,5.04641,-4.4));
#5508 = VECTOR('',#5509,1.);
#5509 = DIRECTION('',(-1.,0.,0.));
#5510 = ORIENTED_EDGE('',*,*,#5326,.F.);
#5511 = PLANE('',#5512);
#5512 = AXIS2_PLACEMENT_3D('',#5513,#5514,#5515);
#5513 = CARTESIAN_POINT('',(8.75,5.04641,0.));
#5514 = DIRECTION('',(0.,1.,0.));
#5515 = DIRECTION('',(-1.,0.,0.));
#5516 = ADVANCED_FACE('',(#5517),#5526,.T.);
#5517 = FACE_BOUND('',#5518,.F.);
#5518 = EDGE_LOOP('',(#5519,#5525));
#5519 = ORIENTED_EDGE('',*,*,#5520,.T.);
#5520 = EDGE_CURVE('',#5100,#5108,#5521,.T.);
#5521 = LINE('',#5522,#5523);
#5522 = CARTESIAN_POINT('',(5.581373904089,5.04641,-3.8));
#5523 = VECTOR('',#5524,1.);
#5524 = DIRECTION('',(1.,0.,0.));
#5525 = ORIENTED_EDGE('',*,*,#5107,.F.);
#5526 = PLANE('',#5527);
#5527 = AXIS2_PLACEMENT_3D('',#5528,#5529,#5530);
#5528 = CARTESIAN_POINT('',(8.75,5.04641,0.));
#5529 = DIRECTION('',(0.,1.,0.));
#5530 = DIRECTION('',(-1.,0.,0.));
#5531 = ADVANCED_FACE('',(#5532),#5543,.F.);
#5532 = FACE_BOUND('',#5533,.F.);
#5533 = EDGE_LOOP('',(#5534,#5535,#5541,#5542));
#5534 = ORIENTED_EDGE('',*,*,#5133,.T.);
#5535 = ORIENTED_EDGE('',*,*,#5536,.F.);
#5536 = EDGE_CURVE('',#5083,#5125,#5537,.T.);
#5537 = LINE('',#5538,#5539);
#5538 = CARTESIAN_POINT('',(5.581373904089,4.44641,-4.4));
#5539 = VECTOR('',#5540,1.);
#5540 = DIRECTION('',(1.,0.,0.));
#5541 = ORIENTED_EDGE('',*,*,#5082,.F.);
#5542 = ORIENTED_EDGE('',*,*,#5505,.F.);
#5543 = PLANE('',#5544);
#5544 = AXIS2_PLACEMENT_3D('',#5545,#5546,#5547);
#5545 = CARTESIAN_POINT('',(8.418626095911,5.04641,-4.4));
#5546 = DIRECTION('',(0.,0.,-1.));
#5547 = DIRECTION('',(-1.,0.,0.));
#5548 = ADVANCED_FACE('',(#5549),#5560,.T.);
#5549 = FACE_BOUND('',#5550,.F.);
#5550 = EDGE_LOOP('',(#5551,#5552,#5558,#5559));
#5551 = ORIENTED_EDGE('',*,*,#5124,.T.);
#5552 = ORIENTED_EDGE('',*,*,#5553,.T.);
#5553 = EDGE_CURVE('',#5117,#5091,#5554,.T.);
#5554 = LINE('',#5555,#5556);
#5555 = CARTESIAN_POINT('',(8.418626095911,4.44641,-3.8));
#5556 = VECTOR('',#5557,1.);
#5557 = DIRECTION('',(-1.,0.,0.));
#5558 = ORIENTED_EDGE('',*,*,#5090,.T.);
#5559 = ORIENTED_EDGE('',*,*,#5536,.T.);
#5560 = PLANE('',#5561);
#5561 = AXIS2_PLACEMENT_3D('',#5562,#5563,#5564);
#5562 = CARTESIAN_POINT('',(8.75,4.44641,0.));
#5563 = DIRECTION('',(0.,1.,0.));
#5564 = DIRECTION('',(-1.,0.,0.));
#5565 = ADVANCED_FACE('',(#5566),#5572,.F.);
#5566 = FACE_BOUND('',#5567,.F.);
#5567 = EDGE_LOOP('',(#5568,#5569,#5570,#5571));
#5568 = ORIENTED_EDGE('',*,*,#5116,.F.);
#5569 = ORIENTED_EDGE('',*,*,#5520,.F.);
#5570 = ORIENTED_EDGE('',*,*,#5099,.T.);
#5571 = ORIENTED_EDGE('',*,*,#5553,.F.);
#5572 = PLANE('',#5573);
#5573 = AXIS2_PLACEMENT_3D('',#5574,#5575,#5576);
#5574 = CARTESIAN_POINT('',(5.581373904089,5.04641,-3.8));
#5575 = DIRECTION('',(0.,0.,1.));
#5576 = DIRECTION('',(1.,0.,-0.));
#5577 = ADVANCED_FACE('',(#5578),#5587,.T.);
#5578 = FACE_BOUND('',#5579,.F.);
#5579 = EDGE_LOOP('',(#5580,#5581));
#5580 = ORIENTED_EDGE('',*,*,#5339,.F.);
#5581 = ORIENTED_EDGE('',*,*,#5582,.F.);
#5582 = EDGE_CURVE('',#5342,#5340,#5583,.T.);
#5583 = LINE('',#5584,#5585);
#5584 = CARTESIAN_POINT('',(8.327548950591,6.069749005049,
    -4.683192750113));
#5585 = VECTOR('',#5586,1.);
#5586 = DIRECTION('',(-0.707106781187,1.940583098604E-14,-0.707106781187
    ));
#5587 = PLANE('',#5588);
#5588 = AXIS2_PLACEMENT_3D('',#5589,#5590,#5591);
#5589 = CARTESIAN_POINT('',(8.55563491861,5.407983038656,-4.594974746831
    ));
#5590 = DIRECTION('',(-0.699339823684,-0.14780941113,0.699339823684));
#5591 = DIRECTION('',(-0.104517036933,0.989015863362,0.104517036933));
#5592 = ADVANCED_FACE('',(#5593),#5604,.T.);
#5593 = FACE_BOUND('',#5594,.T.);
#5594 = EDGE_LOOP('',(#5595,#5596,#5597,#5603));
#5595 = ORIENTED_EDGE('',*,*,#5582,.F.);
#5596 = ORIENTED_EDGE('',*,*,#5357,.T.);
#5597 = ORIENTED_EDGE('',*,*,#5598,.T.);
#5598 = EDGE_CURVE('',#5358,#5384,#5599,.T.);
#5599 = LINE('',#5600,#5601);
#5600 = CARTESIAN_POINT('',(8.256876449962,6.171132486541,-4.82302253736
    ));
#5601 = VECTOR('',#5602,1.);
#5602 = DIRECTION('',(-0.707106781187,0.,-0.707106781187));
#5603 = ORIENTED_EDGE('',*,*,#5393,.T.);
#5604 = CYLINDRICAL_SURFACE('',#5605,0.1);
#5605 = AXIS2_PLACEMENT_3D('',#5606,#5607,#5608);
#5606 = CARTESIAN_POINT('',(8.55563491861,6.084529946162,-4.594974746831
    ));
#5607 = DIRECTION('',(-0.707106781187,0.,-0.707106781187));
#5608 = DIRECTION('',(0.,-1.,-0.));
#5609 = ADVANCED_FACE('',(#5610),#5614,.T.);
#5610 = FACE_BOUND('',#5611,.F.);
#5611 = EDGE_LOOP('',(#5612,#5613));
#5612 = ORIENTED_EDGE('',*,*,#5383,.F.);
#5613 = ORIENTED_EDGE('',*,*,#5598,.T.);
#5614 = PLANE('',#5615);
#5615 = AXIS2_PLACEMENT_3D('',#5616,#5617,#5618);
#5616 = CARTESIAN_POINT('',(8.520279579551,6.171132486541,
    -4.559619407771));
#5617 = DIRECTION('',(-0.353553390593,0.866025403784,0.353553390593));
#5618 = DIRECTION('',(0.612372435696,0.5,-0.612372435696));
#5619 = ADVANCED_FACE('',(#5620),#5629,.T.);
#5620 = FACE_BOUND('',#5621,.F.);
#5621 = EDGE_LOOP('',(#5622,#5623));
#5622 = ORIENTED_EDGE('',*,*,#5419,.F.);
#5623 = ORIENTED_EDGE('',*,*,#5624,.F.);
#5624 = EDGE_CURVE('',#5422,#5420,#5625,.T.);
#5625 = LINE('',#5626,#5627);
#5626 = CARTESIAN_POINT('',(6.416807249887,6.069749005049,
    -5.427548950591));
#5627 = VECTOR('',#5628,1.);
#5628 = DIRECTION('',(-0.707106781187,0.,0.707106781187));
#5629 = PLANE('',#5630);
#5630 = AXIS2_PLACEMENT_3D('',#5631,#5632,#5633);
#5631 = CARTESIAN_POINT('',(6.505025253169,5.407983038656,-5.65563491861
    ));
#5632 = DIRECTION('',(0.699339823684,-0.14780941113,0.699339823684));
#5633 = DIRECTION('',(0.104517036933,0.989015863362,0.104517036933));
#5634 = ADVANCED_FACE('',(#5635),#5646,.T.);
#5635 = FACE_BOUND('',#5636,.T.);
#5636 = EDGE_LOOP('',(#5637,#5638,#5639,#5645));
#5637 = ORIENTED_EDGE('',*,*,#5624,.F.);
#5638 = ORIENTED_EDGE('',*,*,#5437,.T.);
#5639 = ORIENTED_EDGE('',*,*,#5640,.T.);
#5640 = EDGE_CURVE('',#5438,#5464,#5641,.T.);
#5641 = LINE('',#5642,#5643);
#5642 = CARTESIAN_POINT('',(6.27697746264,6.171132486541,-5.356876449962
    ));
#5643 = VECTOR('',#5644,1.);
#5644 = DIRECTION('',(-0.707106781187,0.,0.707106781187));
#5645 = ORIENTED_EDGE('',*,*,#5473,.T.);
#5646 = CYLINDRICAL_SURFACE('',#5647,0.1);
#5647 = AXIS2_PLACEMENT_3D('',#5648,#5649,#5650);
#5648 = CARTESIAN_POINT('',(6.505025253169,6.084529946162,-5.65563491861
    ));
#5649 = DIRECTION('',(-0.707106781187,0.,0.707106781187));
#5650 = DIRECTION('',(0.,-1.,0.));
#5651 = ADVANCED_FACE('',(#5652),#5656,.T.);
#5652 = FACE_BOUND('',#5653,.F.);
#5653 = EDGE_LOOP('',(#5654,#5655));
#5654 = ORIENTED_EDGE('',*,*,#5463,.F.);
#5655 = ORIENTED_EDGE('',*,*,#5640,.T.);
#5656 = PLANE('',#5657);
#5657 = AXIS2_PLACEMENT_3D('',#5658,#5659,#5660);
#5658 = CARTESIAN_POINT('',(6.540380592229,6.171132486541,
    -5.620279579551));
#5659 = DIRECTION('',(0.353553390593,0.866025403784,0.353553390593));
#5660 = DIRECTION('',(-0.612372435696,0.5,-0.612372435696));
#5661 = ADVANCED_FACE('',(#5662),#5671,.T.);
#5662 = FACE_BOUND('',#5663,.F.);
#5663 = EDGE_LOOP('',(#5664,#5665));
#5664 = ORIENTED_EDGE('',*,*,#5159,.F.);
#5665 = ORIENTED_EDGE('',*,*,#5666,.F.);
#5666 = EDGE_CURVE('',#5162,#5160,#5667,.T.);
#5667 = LINE('',#5668,#5669);
#5668 = CARTESIAN_POINT('',(7.583192750113,6.069749005049,
    -2.772451049409));
#5669 = VECTOR('',#5670,1.);
#5670 = DIRECTION('',(0.707106781187,0.,-0.707106781187));
#5671 = PLANE('',#5672);
#5672 = AXIS2_PLACEMENT_3D('',#5673,#5674,#5675);
#5673 = CARTESIAN_POINT('',(7.494974746831,5.407983038656,-2.54436508139
    ));
#5674 = DIRECTION('',(-0.699339823684,-0.14780941113,-0.699339823684));
#5675 = DIRECTION('',(-0.104517036933,0.989015863362,-0.104517036933));
#5676 = ADVANCED_FACE('',(#5677),#5688,.T.);
#5677 = FACE_BOUND('',#5678,.T.);
#5678 = EDGE_LOOP('',(#5679,#5680,#5681,#5687));
#5679 = ORIENTED_EDGE('',*,*,#5666,.F.);
#5680 = ORIENTED_EDGE('',*,*,#5177,.T.);
#5681 = ORIENTED_EDGE('',*,*,#5682,.T.);
#5682 = EDGE_CURVE('',#5178,#5204,#5683,.T.);
#5683 = LINE('',#5684,#5685);
#5684 = CARTESIAN_POINT('',(7.72302253736,6.171132486541,-2.843123550038
    ));
#5685 = VECTOR('',#5686,1.);
#5686 = DIRECTION('',(0.707106781186,0.,-0.707106781187));
#5687 = ORIENTED_EDGE('',*,*,#5213,.T.);
#5688 = CYLINDRICAL_SURFACE('',#5689,0.1);
#5689 = AXIS2_PLACEMENT_3D('',#5690,#5691,#5692);
#5690 = CARTESIAN_POINT('',(7.494974746831,6.084529946162,-2.54436508139
    ));
#5691 = DIRECTION('',(0.707106781187,0.,-0.707106781187));
#5692 = DIRECTION('',(0.,-1.,0.));
#5693 = ADVANCED_FACE('',(#5694),#5698,.T.);
#5694 = FACE_BOUND('',#5695,.F.);
#5695 = EDGE_LOOP('',(#5696,#5697));
#5696 = ORIENTED_EDGE('',*,*,#5203,.F.);
#5697 = ORIENTED_EDGE('',*,*,#5682,.T.);
#5698 = PLANE('',#5699);
#5699 = AXIS2_PLACEMENT_3D('',#5700,#5701,#5702);
#5700 = CARTESIAN_POINT('',(7.459619407771,6.171132486541,
    -2.579720420449));
#5701 = DIRECTION('',(-0.353553390593,0.866025403784,-0.353553390593));
#5702 = DIRECTION('',(0.612372435696,0.5,0.612372435696));
#5703 = ADVANCED_FACE('',(#5704),#5713,.T.);
#5704 = FACE_BOUND('',#5705,.F.);
#5705 = EDGE_LOOP('',(#5706,#5707));
#5706 = ORIENTED_EDGE('',*,*,#5239,.F.);
#5707 = ORIENTED_EDGE('',*,*,#5708,.F.);
#5708 = EDGE_CURVE('',#5242,#5240,#5709,.T.);
#5709 = LINE('',#5710,#5711);
#5710 = CARTESIAN_POINT('',(5.672451049409,6.069749005049,
    -3.516807249887));
#5711 = VECTOR('',#5712,1.);
#5712 = DIRECTION('',(0.707106781187,0.,0.707106781187));
#5713 = PLANE('',#5714);
#5714 = AXIS2_PLACEMENT_3D('',#5715,#5716,#5717);
#5715 = CARTESIAN_POINT('',(5.44436508139,5.407983038656,-3.605025253169
    ));
#5716 = DIRECTION('',(0.699339823684,-0.14780941113,-0.699339823684));
#5717 = DIRECTION('',(0.104517036933,0.989015863362,-0.104517036933));
#5718 = ADVANCED_FACE('',(#5719),#5730,.T.);
#5719 = FACE_BOUND('',#5720,.T.);
#5720 = EDGE_LOOP('',(#5721,#5722,#5723,#5729));
#5721 = ORIENTED_EDGE('',*,*,#5708,.F.);
#5722 = ORIENTED_EDGE('',*,*,#5257,.T.);
#5723 = ORIENTED_EDGE('',*,*,#5724,.T.);
#5724 = EDGE_CURVE('',#5258,#5284,#5725,.T.);
#5725 = LINE('',#5726,#5727);
#5726 = CARTESIAN_POINT('',(5.743123550038,6.171132486541,-3.37697746264
    ));
#5727 = VECTOR('',#5728,1.);
#5728 = DIRECTION('',(0.707106781187,0.,0.707106781187));
#5729 = ORIENTED_EDGE('',*,*,#5293,.T.);
#5730 = CYLINDRICAL_SURFACE('',#5731,0.1);
#5731 = AXIS2_PLACEMENT_3D('',#5732,#5733,#5734);
#5732 = CARTESIAN_POINT('',(5.44436508139,6.084529946162,-3.605025253169
    ));
#5733 = DIRECTION('',(0.707106781187,0.,0.707106781187));
#5734 = DIRECTION('',(0.,-1.,0.));
#5735 = ADVANCED_FACE('',(#5736),#5740,.T.);
#5736 = FACE_BOUND('',#5737,.F.);
#5737 = EDGE_LOOP('',(#5738,#5739));
#5738 = ORIENTED_EDGE('',*,*,#5283,.F.);
#5739 = ORIENTED_EDGE('',*,*,#5724,.T.);
#5740 = PLANE('',#5741);
#5741 = AXIS2_PLACEMENT_3D('',#5742,#5743,#5744);
#5742 = CARTESIAN_POINT('',(5.479720420449,6.171132486541,
    -3.640380592229));
#5743 = DIRECTION('',(0.353553390593,0.866025403784,-0.353553390593));
#5744 = DIRECTION('',(-0.612372435696,0.5,0.612372435696));
#5745 = ADVANCED_FACE('',(#5746,#5840,#5920),#6000,.F.);
#5746 = FACE_BOUND('',#5747,.F.);
#5747 = EDGE_LOOP('',(#5748,#5756,#5765,#5773,#5782,#5790,#5799,#5807,
    #5816,#5824,#5833,#5839));
#5748 = ORIENTED_EDGE('',*,*,#5749,.T.);
#5749 = EDGE_CURVE('',#4960,#5750,#5752,.T.);
#5750 = VERTEX_POINT('',#5751);
#5751 = CARTESIAN_POINT('',(2.05,5.04641,-4.1));
#5752 = LINE('',#5753,#5754);
#5753 = CARTESIAN_POINT('',(2.05,6.3,-4.1));
#5754 = VECTOR('',#5755,1.);
#5755 = DIRECTION('',(0.,-1.,0.));
#5756 = ORIENTED_EDGE('',*,*,#5757,.F.);
#5757 = EDGE_CURVE('',#5758,#5750,#5760,.T.);
#5758 = VERTEX_POINT('',#5759);
#5759 = CARTESIAN_POINT('',(2.081373904089,5.04641,-4.4));
#5760 = CIRCLE('',#5761,1.45);
#5761 = AXIS2_PLACEMENT_3D('',#5762,#5763,#5764);
#5762 = CARTESIAN_POINT('',(3.5,5.04641,-4.1));
#5763 = DIRECTION('',(0.,1.,0.));
#5764 = DIRECTION('',(-0.978362824766,0.,-0.206896551724));
#5765 = ORIENTED_EDGE('',*,*,#5766,.T.);
#5766 = EDGE_CURVE('',#5758,#5767,#5769,.T.);
#5767 = VERTEX_POINT('',#5768);
#5768 = CARTESIAN_POINT('',(2.081373904089,4.44641,-4.4));
#5769 = LINE('',#5770,#5771);
#5770 = CARTESIAN_POINT('',(2.081373904089,5.04641,-4.4));
#5771 = VECTOR('',#5772,1.);
#5772 = DIRECTION('',(0.,-1.,0.));
#5773 = ORIENTED_EDGE('',*,*,#5774,.F.);
#5774 = EDGE_CURVE('',#5775,#5767,#5777,.T.);
#5775 = VERTEX_POINT('',#5776);
#5776 = CARTESIAN_POINT('',(2.081373904089,4.44641,-3.8));
#5777 = CIRCLE('',#5778,1.45);
#5778 = AXIS2_PLACEMENT_3D('',#5779,#5780,#5781);
#5779 = CARTESIAN_POINT('',(3.5,4.44641,-4.1));
#5780 = DIRECTION('',(0.,-1.,0.));
#5781 = DIRECTION('',(-0.978362824766,0.,0.206896551724));
#5782 = ORIENTED_EDGE('',*,*,#5783,.F.);
#5783 = EDGE_CURVE('',#5784,#5775,#5786,.T.);
#5784 = VERTEX_POINT('',#5785);
#5785 = CARTESIAN_POINT('',(2.081373904089,5.04641,-3.8));
#5786 = LINE('',#5787,#5788);
#5787 = CARTESIAN_POINT('',(2.081373904089,5.04641,-3.8));
#5788 = VECTOR('',#5789,1.);
#5789 = DIRECTION('',(0.,-1.,0.));
#5790 = ORIENTED_EDGE('',*,*,#5791,.T.);
#5791 = EDGE_CURVE('',#5784,#5792,#5794,.T.);
#5792 = VERTEX_POINT('',#5793);
#5793 = CARTESIAN_POINT('',(4.918626095911,5.04641,-3.8));
#5794 = CIRCLE('',#5795,1.45);
#5795 = AXIS2_PLACEMENT_3D('',#5796,#5797,#5798);
#5796 = CARTESIAN_POINT('',(3.5,5.04641,-4.1));
#5797 = DIRECTION('',(0.,1.,0.));
#5798 = DIRECTION('',(-0.978362824766,0.,0.206896551724));
#5799 = ORIENTED_EDGE('',*,*,#5800,.T.);
#5800 = EDGE_CURVE('',#5792,#5801,#5803,.T.);
#5801 = VERTEX_POINT('',#5802);
#5802 = CARTESIAN_POINT('',(4.918626095911,4.44641,-3.8));
#5803 = LINE('',#5804,#5805);
#5804 = CARTESIAN_POINT('',(4.918626095911,5.04641,-3.8));
#5805 = VECTOR('',#5806,1.);
#5806 = DIRECTION('',(0.,-1.,0.));
#5807 = ORIENTED_EDGE('',*,*,#5808,.F.);
#5808 = EDGE_CURVE('',#5809,#5801,#5811,.T.);
#5809 = VERTEX_POINT('',#5810);
#5810 = CARTESIAN_POINT('',(4.918626095911,4.44641,-4.4));
#5811 = CIRCLE('',#5812,1.45);
#5812 = AXIS2_PLACEMENT_3D('',#5813,#5814,#5815);
#5813 = CARTESIAN_POINT('',(3.5,4.44641,-4.1));
#5814 = DIRECTION('',(0.,-1.,0.));
#5815 = DIRECTION('',(0.978362824766,0.,-0.206896551724));
#5816 = ORIENTED_EDGE('',*,*,#5817,.F.);
#5817 = EDGE_CURVE('',#5818,#5809,#5820,.T.);
#5818 = VERTEX_POINT('',#5819);
#5819 = CARTESIAN_POINT('',(4.918626095911,5.04641,-4.4));
#5820 = LINE('',#5821,#5822);
#5821 = CARTESIAN_POINT('',(4.918626095911,5.04641,-4.4));
#5822 = VECTOR('',#5823,1.);
#5823 = DIRECTION('',(0.,-1.,0.));
#5824 = ORIENTED_EDGE('',*,*,#5825,.F.);
#5825 = EDGE_CURVE('',#5826,#5818,#5828,.T.);
#5826 = VERTEX_POINT('',#5827);
#5827 = CARTESIAN_POINT('',(4.95,5.04641,-4.1));
#5828 = CIRCLE('',#5829,1.45);
#5829 = AXIS2_PLACEMENT_3D('',#5830,#5831,#5832);
#5830 = CARTESIAN_POINT('',(3.5,5.04641,-4.1));
#5831 = DIRECTION('',(-0.,1.,0.));
#5832 = DIRECTION('',(1.,0.,0.));
#5833 = ORIENTED_EDGE('',*,*,#5834,.F.);
#5834 = EDGE_CURVE('',#4962,#5826,#5835,.T.);
#5835 = LINE('',#5836,#5837);
#5836 = CARTESIAN_POINT('',(4.95,6.3,-4.1));
#5837 = VECTOR('',#5838,1.);
#5838 = DIRECTION('',(0.,-1.,0.));
#5839 = ORIENTED_EDGE('',*,*,#4959,.F.);
#5840 = FACE_BOUND('',#5841,.F.);
#5841 = EDGE_LOOP('',(#5842,#5860,#5886,#5896));
#5842 = ORIENTED_EDGE('',*,*,#5843,.T.);
#5843 = EDGE_CURVE('',#5844,#5846,#5848,.T.);
#5844 = VERTEX_POINT('',#5845);
#5845 = CARTESIAN_POINT('',(4.827548950591,6.069749005049,
    -3.516807249887));
#5846 = VERTEX_POINT('',#5847);
#5847 = CARTESIAN_POINT('',(4.083192750113,6.069749005049,
    -2.772451049409));
#5848 = B_SPLINE_CURVE_WITH_KNOTS('',3,(#5849,#5850,#5851,#5852,#5853,
    #5854,#5855,#5856,#5857,#5858,#5859),.UNSPECIFIED.,.F.,.F.,(4,1,1,1,
    1,1,1,1,4),(0.,0.125,0.25,0.375,0.5,0.625,0.75,0.875,1.),
  .QUASI_UNIFORM_KNOTS.);
#5849 = CARTESIAN_POINT('',(4.827548950591,6.069749005049,
    -3.516807249887));
#5850 = CARTESIAN_POINT('',(4.808616375025,5.955417856658,-3.47371014208
    ));
#5851 = CARTESIAN_POINT('',(4.767285231092,5.759553292802,
    -3.390981919267));
#5852 = CARTESIAN_POINT('',(4.695841401583,5.555151874754,
    -3.276336698656));
#5853 = CARTESIAN_POINT('',(4.615540573851,5.434561785478,
    -3.170548476269));
#5854 = CARTESIAN_POINT('',(4.526709224685,5.394693665246,
    -3.073290775315));
#5855 = CARTESIAN_POINT('',(4.429451523731,5.434561785478,
    -2.984459426149));
#5856 = CARTESIAN_POINT('',(4.323663301344,5.555151874754,
    -2.904158598417));
#5857 = CARTESIAN_POINT('',(4.209018080733,5.759553292802,
    -2.832714768908));
#5858 = CARTESIAN_POINT('',(4.12628985792,5.955417856658,-2.791383624975
    ));
#5859 = CARTESIAN_POINT('',(4.083192750113,6.069749005049,
    -2.772451049409));
#5860 = ORIENTED_EDGE('',*,*,#5861,.T.);
#5861 = EDGE_CURVE('',#5846,#5862,#5864,.T.);
#5862 = VERTEX_POINT('',#5863);
#5863 = CARTESIAN_POINT('',(4.22302253736,6.171132486541,-2.843123550038
    ));
#5864 = B_SPLINE_CURVE_WITH_KNOTS('',3,(#5865,#5866,#5867,#5868,#5869,
    #5870,#5871,#5872,#5873,#5874,#5875,#5876,#5877,#5878,#5879,#5880,
    #5881,#5882,#5883,#5884,#5885),.UNSPECIFIED.,.F.,.F.,(4,1,1,1,1,1,1,
    1,1,1,1,1,1,1,1,1,1,1,4),(0.,5.555555555556E-02,0.111111111111,
    0.166666666667,0.222222222222,0.277777777778,0.333333333333,
    0.388888888889,0.444444444444,0.5,0.555555555556,0.611111111111,
    0.666666666667,0.722222222222,0.777777777778,0.833333333333,
    0.888888888889,0.944444444444,1.),.UNSPECIFIED.);
#5865 = CARTESIAN_POINT('',(4.083192750113,6.069749005049,
    -2.772451049409));
#5866 = CARTESIAN_POINT('',(4.082461138668,6.071689877208,
    -2.772129652228));
#5867 = CARTESIAN_POINT('',(4.081295911597,6.07557226912,-2.771619145342
    ));
#5868 = CARTESIAN_POINT('',(4.080413898419,6.081356149355,
    -2.771233751875));
#5869 = CARTESIAN_POINT('',(4.080375309138,6.087174957699,
    -2.771216905138));
#5870 = CARTESIAN_POINT('',(4.081180601962,6.092964725063,
    -2.771568724255));
#5871 = CARTESIAN_POINT('',(4.082866681702,6.098852392257,
    -2.772307174438));
#5872 = CARTESIAN_POINT('',(4.085551039273,6.104910544273,
    -2.773488035166));
#5873 = CARTESIAN_POINT('',(4.089297353444,6.111045747956,
    -2.775146826094));
#5874 = CARTESIAN_POINT('',(4.094214604283,6.11726752517,-2.777343093762
    ));
#5875 = CARTESIAN_POINT('',(4.10045828714,6.123576878326,-2.780163277593
    ));
#5876 = CARTESIAN_POINT('',(4.108044027187,6.129833648009,
    -2.783637648665));
#5877 = CARTESIAN_POINT('',(4.116980028829,6.135951354583,-2.78779826445
    ));
#5878 = CARTESIAN_POINT('',(4.127352147885,6.141900603007,
    -2.792720598667));
#5879 = CARTESIAN_POINT('',(4.139108570009,6.147579416418,
    -2.798422496651));
#5880 = CARTESIAN_POINT('',(4.152259604843,6.152947424908,
    -2.804956318309));
#5881 = CARTESIAN_POINT('',(4.167024372758,6.158030593989,
    -2.812490154146));
#5882 = CARTESIAN_POINT('',(4.183568598079,6.162798697266,
    -2.821186442463));
#5883 = CARTESIAN_POINT('',(4.202023191056,6.167203758263,
    -2.831209544856));
#5884 = CARTESIAN_POINT('',(4.215796582668,6.169879491217,
    -2.838966794538));
#5885 = CARTESIAN_POINT('',(4.22302253736,6.171132486541,-2.843123550038
    ));
#5886 = ORIENTED_EDGE('',*,*,#5887,.T.);
#5887 = EDGE_CURVE('',#5862,#5888,#5890,.T.);
#5888 = VERTEX_POINT('',#5889);
#5889 = CARTESIAN_POINT('',(4.756876449962,6.171132486541,-3.37697746264
    ));
#5890 = B_SPLINE_CURVE_WITH_KNOTS('',3,(#5891,#5892,#5893,#5894,#5895),
  .UNSPECIFIED.,.F.,.F.,(4,1,4),(0.,0.5,1.),.QUASI_UNIFORM_KNOTS.);
#5891 = CARTESIAN_POINT('',(4.22302253736,6.171132486541,-2.843123550038
    ));
#5892 = CARTESIAN_POINT('',(4.335989312394,6.190721156388,
    -2.908108079205));
#5893 = CARTESIAN_POINT('',(4.536669048847,6.209278843612,
    -3.063330951153));
#5894 = CARTESIAN_POINT('',(4.691891920795,6.190721156388,
    -3.264010687606));
#5895 = CARTESIAN_POINT('',(4.756876449962,6.171132486541,-3.37697746264
    ));
#5896 = ORIENTED_EDGE('',*,*,#5897,.T.);
#5897 = EDGE_CURVE('',#5888,#5844,#5898,.T.);
#5898 = B_SPLINE_CURVE_WITH_KNOTS('',3,(#5899,#5900,#5901,#5902,#5903,
    #5904,#5905,#5906,#5907,#5908,#5909,#5910,#5911,#5912,#5913,#5914,
    #5915,#5916,#5917,#5918,#5919),.UNSPECIFIED.,.F.,.F.,(4,1,1,1,1,1,1,
    1,1,1,1,1,1,1,1,1,1,1,4),(0.,5.555555555556E-02,0.111111111111,
    0.166666666667,0.222222222222,0.277777777778,0.333333333333,
    0.388888888889,0.444444444444,0.5,0.555555555556,0.611111111111,
    0.666666666667,0.722222222222,0.777777777778,0.833333333333,
    0.888888888889,0.944444444444,1.),.UNSPECIFIED.);
#5899 = CARTESIAN_POINT('',(4.756876449962,6.171132486541,-3.37697746264
    ));
#5900 = CARTESIAN_POINT('',(4.761019723179,6.169883555261,
    -3.384179980215));
#5901 = CARTESIAN_POINT('',(4.768753230039,6.167217187315,-3.39791022151
    ));
#5902 = CARTESIAN_POINT('',(4.778750337973,6.162828664999,
    -3.416313637593));
#5903 = CARTESIAN_POINT('',(4.787426425059,6.158080170784,
    -3.432815009115));
#5904 = CARTESIAN_POINT('',(4.79494400589,6.153020255631,-3.447542837151
    ));
#5905 = CARTESIAN_POINT('',(4.801462600695,6.14768147175,-3.46065776576)
  );
#5906 = CARTESIAN_POINT('',(4.80714990883,6.142040205833,-3.472378310609
    ));
#5907 = CARTESIAN_POINT('',(4.812062527421,6.136133895136,
    -3.482724109439));
#5908 = CARTESIAN_POINT('',(4.8162193051,6.130062619363,-3.491646409811)
  );
#5909 = CARTESIAN_POINT('',(4.819697778095,6.123851346908,
    -3.499236323871));
#5910 = CARTESIAN_POINT('',(4.822530662185,6.117579983552,
    -3.505504350925));
#5911 = CARTESIAN_POINT('',(4.824743825373,6.111392627897,
    -3.510456748362));
#5912 = CARTESIAN_POINT('',(4.826425643068,6.105278472093,-3.51425330769
    ));
#5913 = CARTESIAN_POINT('',(4.827638141987,6.099199321338,
    -3.517008656975));
#5914 = CARTESIAN_POINT('',(4.828407539758,6.093231878203,
    -3.518765102631));
#5915 = CARTESIAN_POINT('',(4.828775021452,6.087421349191,
    -3.519606200205));
#5916 = CARTESIAN_POINT('',(4.828776182087,6.081621236643,
    -3.519608854839));
#5917 = CARTESIAN_POINT('',(4.828397509054,6.075709565521,
    -3.518742150005));
#5918 = CARTESIAN_POINT('',(4.827878698378,6.071740305337,
    -3.517557870207));
#5919 = CARTESIAN_POINT('',(4.827548950591,6.069749005049,
    -3.516807249887));
#5920 = FACE_BOUND('',#5921,.F.);
#5921 = EDGE_LOOP('',(#5922,#5940,#5966,#5976));
#5922 = ORIENTED_EDGE('',*,*,#5923,.T.);
#5923 = EDGE_CURVE('',#5924,#5926,#5928,.T.);
#5924 = VERTEX_POINT('',#5925);
#5925 = CARTESIAN_POINT('',(2.916807249887,6.069749005049,
    -2.772451049409));
#5926 = VERTEX_POINT('',#5927);
#5927 = CARTESIAN_POINT('',(2.172451049409,6.069749005049,
    -3.516807249887));
#5928 = B_SPLINE_CURVE_WITH_KNOTS('',3,(#5929,#5930,#5931,#5932,#5933,
    #5934,#5935,#5936,#5937,#5938,#5939),.UNSPECIFIED.,.F.,.F.,(4,1,1,1,
    1,1,1,1,4),(0.,0.125,0.25,0.375,0.5,0.625,0.75,0.875,1.),
  .QUASI_UNIFORM_KNOTS.);
#5929 = CARTESIAN_POINT('',(2.916807249887,6.069749005049,
    -2.772451049409));
#5930 = CARTESIAN_POINT('',(2.87371014208,5.955417856658,-2.791383624975
    ));
#5931 = CARTESIAN_POINT('',(2.790981919267,5.759553292802,
    -2.832714768908));
#5932 = CARTESIAN_POINT('',(2.676336698656,5.555151874754,
    -2.904158598417));
#5933 = CARTESIAN_POINT('',(2.570548476269,5.434561785478,
    -2.984459426149));
#5934 = CARTESIAN_POINT('',(2.473290775315,5.394693665246,
    -3.073290775315));
#5935 = CARTESIAN_POINT('',(2.384459426149,5.434561785478,
    -3.170548476269));
#5936 = CARTESIAN_POINT('',(2.304158598417,5.555151874754,
    -3.276336698656));
#5937 = CARTESIAN_POINT('',(2.232714768908,5.759553292802,
    -3.390981919267));
#5938 = CARTESIAN_POINT('',(2.191383624975,5.955417856658,-3.47371014208
    ));
#5939 = CARTESIAN_POINT('',(2.172451049409,6.069749005049,
    -3.516807249887));
#5940 = ORIENTED_EDGE('',*,*,#5941,.T.);
#5941 = EDGE_CURVE('',#5926,#5942,#5944,.T.);
#5942 = VERTEX_POINT('',#5943);
#5943 = CARTESIAN_POINT('',(2.243123550038,6.171132486541,-3.37697746264
    ));
#5944 = B_SPLINE_CURVE_WITH_KNOTS('',3,(#5945,#5946,#5947,#5948,#5949,
    #5950,#5951,#5952,#5953,#5954,#5955,#5956,#5957,#5958,#5959,#5960,
    #5961,#5962,#5963,#5964,#5965),.UNSPECIFIED.,.F.,.F.,(4,1,1,1,1,1,1,
    1,1,1,1,1,1,1,1,1,1,1,4),(0.,5.555555555556E-02,0.111111111111,
    0.166666666667,0.222222222222,0.277777777778,0.333333333333,
    0.388888888889,0.444444444444,0.5,0.555555555556,0.611111111111,
    0.666666666667,0.722222222222,0.777777777778,0.833333333333,
    0.888888888889,0.944444444444,1.),.UNSPECIFIED.);
#5945 = CARTESIAN_POINT('',(2.172451049409,6.069749005049,
    -3.516807249887));
#5946 = CARTESIAN_POINT('',(2.172121113996,6.071741438383,
    -3.517558297308));
#5947 = CARTESIAN_POINT('',(2.171602062016,6.075713091111,
    -3.518743130083));
#5948 = CARTESIAN_POINT('',(2.171223480631,6.081628932845,
    -3.519609627368));
#5949 = CARTESIAN_POINT('',(2.171225267116,6.087433449543,-3.51960553911
    ));
#5950 = CARTESIAN_POINT('',(2.171593963161,6.093248671137,
    -3.518761664728));
#5951 = CARTESIAN_POINT('',(2.172365301585,6.099220983322,
    -3.517000807321));
#5952 = CARTESIAN_POINT('',(2.173580318924,6.105304039526,
    -3.514239793361));
#5953 = CARTESIAN_POINT('',(2.175265196715,6.111421536867,
    -3.510436453328));
#5954 = CARTESIAN_POINT('',(2.177482334703,6.117612523775,
    -3.505475401777));
#5955 = CARTESIAN_POINT('',(2.180320472717,6.123887905903,
    -3.499196174618));
#5956 = CARTESIAN_POINT('',(2.183806130639,6.130104082138,
    -3.491591284454));
#5957 = CARTESIAN_POINT('',(2.187972733911,6.136181043383,
    -3.482649024036));
#5958 = CARTESIAN_POINT('',(2.192896225745,6.142090772038,
    -3.472282098993));
#5959 = CARTESIAN_POINT('',(2.198590960999,6.147729592396,
    -3.460548683912));
#5960 = CARTESIAN_POINT('',(2.205111367665,6.153060983258,
    -3.447432985522));
#5961 = CARTESIAN_POINT('',(2.212625013474,6.158110854764,
    -3.432715915106));
#5962 = CARTESIAN_POINT('',(2.221290941082,6.162848257378,
    -3.416236729071));
#5963 = CARTESIAN_POINT('',(2.23127139305,6.167226070905,-3.397866174972
    ));
#5964 = CARTESIAN_POINT('',(2.238989331455,6.169886284653,
    -3.384164239964));
#5965 = CARTESIAN_POINT('',(2.243123550038,6.171132486541,-3.37697746264
    ));
#5966 = ORIENTED_EDGE('',*,*,#5967,.T.);
#5967 = EDGE_CURVE('',#5942,#5968,#5970,.T.);
#5968 = VERTEX_POINT('',#5969);
#5969 = CARTESIAN_POINT('',(2.77697746264,6.171132486541,-2.843123550038
    ));
#5970 = B_SPLINE_CURVE_WITH_KNOTS('',3,(#5971,#5972,#5973,#5974,#5975),
  .UNSPECIFIED.,.F.,.F.,(4,1,4),(0.,0.5,1.),.QUASI_UNIFORM_KNOTS.);
#5971 = CARTESIAN_POINT('',(2.243123550038,6.171132486541,-3.37697746264
    ));
#5972 = CARTESIAN_POINT('',(2.308108079205,6.190721156388,
    -3.264010687606));
#5973 = CARTESIAN_POINT('',(2.463330951153,6.209278843612,
    -3.063330951153));
#5974 = CARTESIAN_POINT('',(2.664010687606,6.190721156388,
    -2.908108079205));
#5975 = CARTESIAN_POINT('',(2.77697746264,6.171132486541,-2.843123550038
    ));
#5976 = ORIENTED_EDGE('',*,*,#5977,.T.);
#5977 = EDGE_CURVE('',#5968,#5924,#5978,.T.);
#5978 = B_SPLINE_CURVE_WITH_KNOTS('',3,(#5979,#5980,#5981,#5982,#5983,
    #5984,#5985,#5986,#5987,#5988,#5989,#5990,#5991,#5992,#5993,#5994,
    #5995,#5996,#5997,#5998,#5999),.UNSPECIFIED.,.F.,.F.,(4,1,1,1,1,1,1,
    1,1,1,1,1,1,1,1,1,1,1,4),(0.,5.555555555556E-02,0.111111111111,
    0.166666666667,0.222222222222,0.277777777778,0.333333333333,
    0.388888888889,0.444444444444,0.5,0.555555555556,0.611111111111,
    0.666666666667,0.722222222222,0.777777777778,0.833333333333,
    0.888888888889,0.944444444444,1.),.UNSPECIFIED.);
#5979 = CARTESIAN_POINT('',(2.77697746264,6.171132486541,-2.843123550038
    ));
#5980 = CARTESIAN_POINT('',(2.784234365135,6.169874124805,
    -2.838948991707));
#5981 = CARTESIAN_POINT('',(2.798060197229,6.167186788063,
    -2.831163001703));
#5982 = CARTESIAN_POINT('',(2.816561434392,6.16276528195,-2.821116757752
    ));
#5983 = CARTESIAN_POINT('',(2.833128441887,6.157982880737,
    -2.812410940652));
#5984 = CARTESIAN_POINT('',(2.847896524391,6.152889072364,
    -2.804877716997));
#5985 = CARTESIAN_POINT('',(2.861038965637,6.147513936631,
    -2.798350115226));
#5986 = CARTESIAN_POINT('',(2.872779523985,6.141831146787,
    -2.792657490918));
#5987 = CARTESIAN_POINT('',(2.883125283723,6.135884644636,
    -2.787748857295));
#5988 = CARTESIAN_POINT('',(2.892019791275,6.129784087053,
    -2.783608290667));
#5989 = CARTESIAN_POINT('',(2.899558513333,6.123559002152,
    -2.780155728358));
#5990 = CARTESIAN_POINT('',(2.905768537137,6.117284836812,
    -2.777350688279));
#5991 = CARTESIAN_POINT('',(2.910695604722,6.111059136871,
    -2.775149920469));
#5992 = CARTESIAN_POINT('',(2.914470186985,6.104873617926,
    -2.773478653551));
#5993 = CARTESIAN_POINT('',(2.917150763325,6.098805907669,-2.77229952085
    ));
#5994 = CARTESIAN_POINT('',(2.918836333529,6.092891864842,
    -2.771561317681));
#5995 = CARTESIAN_POINT('',(2.919623543337,6.087117299196,
    -2.771217407722));
#5996 = CARTESIAN_POINT('',(2.919587462883,6.081451633353,
    -2.771233159699));
#5997 = CARTESIAN_POINT('',(2.918735532046,6.075702399519,
    -2.771605395008));
#5998 = CARTESIAN_POINT('',(2.917559644755,6.071745012986,
    -2.772120522062));
#5999 = CARTESIAN_POINT('',(2.916807249887,6.069749005049,
    -2.772451049409));
#6000 = CYLINDRICAL_SURFACE('',#6001,1.45);
#6001 = AXIS2_PLACEMENT_3D('',#6002,#6003,#6004);
#6002 = CARTESIAN_POINT('',(3.5,6.3,-4.1));
#6003 = DIRECTION('',(0.,1.,0.));
#6004 = DIRECTION('',(-1.,0.,0.));
#6005 = ADVANCED_FACE('',(#6006,#6020,#6100),#6180,.F.);
#6006 = FACE_BOUND('',#6007,.F.);
#6007 = EDGE_LOOP('',(#6008,#6009,#6016,#6017,#6018,#6019));
#6008 = ORIENTED_EDGE('',*,*,#5825,.T.);
#6009 = ORIENTED_EDGE('',*,*,#6010,.T.);
#6010 = EDGE_CURVE('',#5818,#5758,#6011,.T.);
#6011 = CIRCLE('',#6012,1.45);
#6012 = AXIS2_PLACEMENT_3D('',#6013,#6014,#6015);
#6013 = CARTESIAN_POINT('',(3.5,5.04641,-4.1));
#6014 = DIRECTION('',(0.,1.,0.));
#6015 = DIRECTION('',(0.978362824766,0.,-0.206896551724));
#6016 = ORIENTED_EDGE('',*,*,#5757,.T.);
#6017 = ORIENTED_EDGE('',*,*,#5749,.F.);
#6018 = ORIENTED_EDGE('',*,*,#4970,.F.);
#6019 = ORIENTED_EDGE('',*,*,#5834,.T.);
#6020 = FACE_BOUND('',#6021,.F.);
#6021 = EDGE_LOOP('',(#6022,#6040,#6066,#6076));
#6022 = ORIENTED_EDGE('',*,*,#6023,.T.);
#6023 = EDGE_CURVE('',#6024,#6026,#6028,.T.);
#6024 = VERTEX_POINT('',#6025);
#6025 = CARTESIAN_POINT('',(4.083192750113,6.069749005049,
    -5.427548950591));
#6026 = VERTEX_POINT('',#6027);
#6027 = CARTESIAN_POINT('',(4.827548950591,6.069749005049,
    -4.683192750113));
#6028 = B_SPLINE_CURVE_WITH_KNOTS('',3,(#6029,#6030,#6031,#6032,#6033,
    #6034,#6035,#6036,#6037,#6038,#6039),.UNSPECIFIED.,.F.,.F.,(4,1,1,1,
    1,1,1,1,4),(0.,0.125,0.25,0.375,0.5,0.625,0.75,0.875,1.),
  .QUASI_UNIFORM_KNOTS.);
#6029 = CARTESIAN_POINT('',(4.083192750113,6.069749005049,
    -5.427548950591));
#6030 = CARTESIAN_POINT('',(4.12628985792,5.955417856658,-5.408616375025
    ));
#6031 = CARTESIAN_POINT('',(4.209018080733,5.759553292802,
    -5.367285231092));
#6032 = CARTESIAN_POINT('',(4.323663301344,5.555151874754,
    -5.295841401583));
#6033 = CARTESIAN_POINT('',(4.429451523731,5.434561785478,
    -5.215540573851));
#6034 = CARTESIAN_POINT('',(4.526709224685,5.394693665246,
    -5.126709224685));
#6035 = CARTESIAN_POINT('',(4.615540573851,5.434561785478,
    -5.029451523731));
#6036 = CARTESIAN_POINT('',(4.695841401583,5.555151874754,
    -4.923663301344));
#6037 = CARTESIAN_POINT('',(4.767285231092,5.759553292802,
    -4.809018080733));
#6038 = CARTESIAN_POINT('',(4.808616375025,5.955417856658,-4.72628985792
    ));
#6039 = CARTESIAN_POINT('',(4.827548950591,6.069749005049,
    -4.683192750113));
#6040 = ORIENTED_EDGE('',*,*,#6041,.T.);
#6041 = EDGE_CURVE('',#6026,#6042,#6044,.T.);
#6042 = VERTEX_POINT('',#6043);
#6043 = CARTESIAN_POINT('',(4.756876449962,6.171132486541,-4.82302253736
    ));
#6044 = B_SPLINE_CURVE_WITH_KNOTS('',3,(#6045,#6046,#6047,#6048,#6049,
    #6050,#6051,#6052,#6053,#6054,#6055,#6056,#6057,#6058,#6059,#6060,
    #6061,#6062,#6063,#6064,#6065),.UNSPECIFIED.,.F.,.F.,(4,1,1,1,1,1,1,
    1,1,1,1,1,1,1,1,1,1,1,4),(0.,5.555555555556E-02,0.111111111111,
    0.166666666667,0.222222222222,0.277777777778,0.333333333333,
    0.388888888889,0.444444444444,0.5,0.555555555556,0.611111111111,
    0.666666666667,0.722222222222,0.777777777778,0.833333333333,
    0.888888888889,0.944444444444,1.),.UNSPECIFIED.);
#6045 = CARTESIAN_POINT('',(4.827548950591,6.069749005049,
    -4.683192750113));
#6046 = CARTESIAN_POINT('',(4.827878886004,6.071741438383,
    -4.682441702692));
#6047 = CARTESIAN_POINT('',(4.828397937984,6.075713091111,
    -4.681256869917));
#6048 = CARTESIAN_POINT('',(4.828776519369,6.081628932845,
    -4.680390372632));
#6049 = CARTESIAN_POINT('',(4.828774732884,6.087433449543,-4.68039446089
    ));
#6050 = CARTESIAN_POINT('',(4.828406036839,6.093248671137,
    -4.681238335272));
#6051 = CARTESIAN_POINT('',(4.827634698415,6.099220983322,
    -4.682999192679));
#6052 = CARTESIAN_POINT('',(4.826419681076,6.105304039526,
    -4.685760206639));
#6053 = CARTESIAN_POINT('',(4.824734803285,6.111421536867,
    -4.689563546672));
#6054 = CARTESIAN_POINT('',(4.822517665297,6.117612523775,
    -4.694524598223));
#6055 = CARTESIAN_POINT('',(4.819679527283,6.123887905903,
    -4.700803825382));
#6056 = CARTESIAN_POINT('',(4.816193869361,6.130104082138,
    -4.708408715546));
#6057 = CARTESIAN_POINT('',(4.812027266089,6.136181043383,
    -4.717350975964));
#6058 = CARTESIAN_POINT('',(4.807103774255,6.142090772038,
    -4.727717901007));
#6059 = CARTESIAN_POINT('',(4.801409039001,6.147729592396,
    -4.739451316088));
#6060 = CARTESIAN_POINT('',(4.794888632335,6.153060983258,
    -4.752567014478));
#6061 = CARTESIAN_POINT('',(4.787374986526,6.158110854764,
    -4.767284084894));
#6062 = CARTESIAN_POINT('',(4.778709058918,6.162848257378,
    -4.783763270929));
#6063 = CARTESIAN_POINT('',(4.76872860695,6.167226070905,-4.802133825028
    ));
#6064 = CARTESIAN_POINT('',(4.761010668545,6.169886284653,
    -4.815835760036));
#6065 = CARTESIAN_POINT('',(4.756876449962,6.171132486541,-4.82302253736
    ));
#6066 = ORIENTED_EDGE('',*,*,#6067,.T.);
#6067 = EDGE_CURVE('',#6042,#6068,#6070,.T.);
#6068 = VERTEX_POINT('',#6069);
#6069 = CARTESIAN_POINT('',(4.22302253736,6.171132486541,-5.356876449962
    ));
#6070 = B_SPLINE_CURVE_WITH_KNOTS('',3,(#6071,#6072,#6073,#6074,#6075),
  .UNSPECIFIED.,.F.,.F.,(4,1,4),(0.,0.5,1.),.QUASI_UNIFORM_KNOTS.);
#6071 = CARTESIAN_POINT('',(4.756876449962,6.171132486541,-4.82302253736
    ));
#6072 = CARTESIAN_POINT('',(4.691891920795,6.190721156388,
    -4.935989312394));
#6073 = CARTESIAN_POINT('',(4.536669048847,6.209278843612,
    -5.136669048847));
#6074 = CARTESIAN_POINT('',(4.335989312394,6.190721156388,
    -5.291891920795));
#6075 = CARTESIAN_POINT('',(4.22302253736,6.171132486541,-5.356876449962
    ));
#6076 = ORIENTED_EDGE('',*,*,#6077,.T.);
#6077 = EDGE_CURVE('',#6068,#6024,#6078,.T.);
#6078 = B_SPLINE_CURVE_WITH_KNOTS('',3,(#6079,#6080,#6081,#6082,#6083,
    #6084,#6085,#6086,#6087,#6088,#6089,#6090,#6091,#6092,#6093,#6094,
    #6095,#6096,#6097,#6098,#6099),.UNSPECIFIED.,.F.,.F.,(4,1,1,1,1,1,1,
    1,1,1,1,1,1,1,1,1,1,1,4),(0.,5.555555555556E-02,0.111111111111,
    0.166666666667,0.222222222222,0.277777777778,0.333333333333,
    0.388888888889,0.444444444444,0.5,0.555555555556,0.611111111111,
    0.666666666667,0.722222222222,0.777777777778,0.833333333333,
    0.888888888889,0.944444444444,1.),.UNSPECIFIED.);
#6079 = CARTESIAN_POINT('',(4.22302253736,6.171132486541,-5.356876449962
    ));
#6080 = CARTESIAN_POINT('',(4.215838155318,6.1698867,-5.361009290651));
#6081 = CARTESIAN_POINT('',(4.202135468503,6.167226656918,
    -5.368727806184));
#6082 = CARTESIAN_POINT('',(4.183738068011,6.162842173194,
    -5.378722710772));
#6083 = CARTESIAN_POINT('',(4.167233036284,6.158095314575,-5.38740155412
    ));
#6084 = CARTESIAN_POINT('',(4.15250434666,6.15303756941,-5.394920178238)
  );
#6085 = CARTESIAN_POINT('',(4.139418803043,6.147714072742,
    -5.401424807931));
#6086 = CARTESIAN_POINT('',(4.127746593009,6.142103844057,
    -5.407089783714));
#6087 = CARTESIAN_POINT('',(4.117426197656,6.136226541809,
    -5.411991796586));
#6088 = CARTESIAN_POINT('',(4.108491549859,6.130164908462,
    -5.416155577811));
#6089 = CARTESIAN_POINT('',(4.100873272746,6.123952392715,
    -5.419648012751));
#6090 = CARTESIAN_POINT('',(4.09450795706,6.117602947232,-5.422525332328
    ));
#6091 = CARTESIAN_POINT('',(4.089452443386,6.111275257262,
    -5.424784320069));
#6092 = CARTESIAN_POINT('',(4.085632530881,6.105069586226,
    -5.426476034101));
#6093 = CARTESIAN_POINT('',(4.082910251865,6.098976907224,
    -5.427673716266));
#6094 = CARTESIAN_POINT('',(4.081201443192,6.093060721764,
    -5.428422161214));
#6095 = CARTESIAN_POINT('',(4.080391738057,6.087334187692,
    -5.428775920982));
#6096 = CARTESIAN_POINT('',(4.080395138632,6.081614312387,-5.4287744374)
  );
#6097 = CARTESIAN_POINT('',(4.081249438317,6.075749799551,
    -5.428401185025));
#6098 = CARTESIAN_POINT('',(4.082435051163,6.071759084043,
    -5.427881808023));
#6099 = CARTESIAN_POINT('',(4.083192750113,6.069749005049,
    -5.427548950591));
#6100 = FACE_BOUND('',#6101,.F.);
#6101 = EDGE_LOOP('',(#6102,#6120,#6146,#6156));
#6102 = ORIENTED_EDGE('',*,*,#6103,.T.);
#6103 = EDGE_CURVE('',#6104,#6106,#6108,.T.);
#6104 = VERTEX_POINT('',#6105);
#6105 = CARTESIAN_POINT('',(2.172451049409,6.069749005049,
    -4.683192750113));
#6106 = VERTEX_POINT('',#6107);
#6107 = CARTESIAN_POINT('',(2.916807249887,6.069749005049,
    -5.427548950591));
#6108 = B_SPLINE_CURVE_WITH_KNOTS('',3,(#6109,#6110,#6111,#6112,#6113,
    #6114,#6115,#6116,#6117,#6118,#6119),.UNSPECIFIED.,.F.,.F.,(4,1,1,1,
    1,1,1,1,4),(0.,0.125,0.25,0.375,0.5,0.625,0.75,0.875,1.),
  .QUASI_UNIFORM_KNOTS.);
#6109 = CARTESIAN_POINT('',(2.172451049409,6.069749005049,
    -4.683192750113));
#6110 = CARTESIAN_POINT('',(2.191383624975,5.955417856658,-4.72628985792
    ));
#6111 = CARTESIAN_POINT('',(2.232714768908,5.759553292802,
    -4.809018080733));
#6112 = CARTESIAN_POINT('',(2.304158598417,5.555151874754,
    -4.923663301344));
#6113 = CARTESIAN_POINT('',(2.384459426149,5.434561785478,
    -5.029451523731));
#6114 = CARTESIAN_POINT('',(2.473290775315,5.394693665246,
    -5.126709224685));
#6115 = CARTESIAN_POINT('',(2.570548476269,5.434561785478,
    -5.215540573851));
#6116 = CARTESIAN_POINT('',(2.676336698656,5.555151874754,
    -5.295841401583));
#6117 = CARTESIAN_POINT('',(2.790981919267,5.759553292802,
    -5.367285231092));
#6118 = CARTESIAN_POINT('',(2.87371014208,5.955417856658,-5.408616375025
    ));
#6119 = CARTESIAN_POINT('',(2.916807249887,6.069749005049,
    -5.427548950591));
#6120 = ORIENTED_EDGE('',*,*,#6121,.T.);
#6121 = EDGE_CURVE('',#6106,#6122,#6124,.T.);
#6122 = VERTEX_POINT('',#6123);
#6123 = CARTESIAN_POINT('',(2.77697746264,6.171132486541,-5.356876449962
    ));
#6124 = B_SPLINE_CURVE_WITH_KNOTS('',3,(#6125,#6126,#6127,#6128,#6129,
    #6130,#6131,#6132,#6133,#6134,#6135,#6136,#6137,#6138,#6139,#6140,
    #6141,#6142,#6143,#6144,#6145),.UNSPECIFIED.,.F.,.F.,(4,1,1,1,1,1,1,
    1,1,1,1,1,1,1,1,1,1,1,4),(0.,5.555555555556E-02,0.111111111111,
    0.166666666667,0.222222222222,0.277777777778,0.333333333333,
    0.388888888889,0.444444444444,0.5,0.555555555556,0.611111111111,
    0.666666666667,0.722222222222,0.777777777778,0.833333333333,
    0.888888888889,0.944444444444,1.),.UNSPECIFIED.);
#6125 = CARTESIAN_POINT('',(2.916807249887,6.069749005049,
    -5.427548950591));
#6126 = CARTESIAN_POINT('',(2.917565744491,6.071761194812,
    -5.427882157554));
#6127 = CARTESIAN_POINT('',(2.918752057368,6.075755616176,
    -5.428401839372));
#6128 = CARTESIAN_POINT('',(2.9196056019,6.081623062142,-5.428774760673)
  );
#6129 = CARTESIAN_POINT('',(2.919607597497,6.087344802485,
    -5.428775630931));
#6130 = CARTESIAN_POINT('',(2.918795957754,6.093073466264,
    -5.428421024937));
#6131 = CARTESIAN_POINT('',(2.917083908655,6.098993451685,
    -5.427671155106));
#6132 = CARTESIAN_POINT('',(2.91435616015,6.105091609546,-5.426471047776
    ));
#6133 = CARTESIAN_POINT('',(2.910526875885,6.111305398505,
    -5.424775134331));
#6134 = CARTESIAN_POINT('',(2.90545687011,6.117642732695,-5.42250954753)
  );
#6135 = CARTESIAN_POINT('',(2.899076099597,6.123998298684,
    -5.419624992724));
#6136 = CARTESIAN_POINT('',(2.89144080093,6.130215529321,-5.416124349837
    ));
#6137 = CARTESIAN_POINT('',(2.882485343844,6.136281719083,
    -5.411950224537));
#6138 = CARTESIAN_POINT('',(2.872148561363,6.142158625206,
    -5.407039470992));
#6139 = CARTESIAN_POINT('',(2.860468251818,6.147763750438,
    -5.401369324108));
#6140 = CARTESIAN_POINT('',(2.847384756356,6.153078630538,
    -5.394864265816));
#6141 = CARTESIAN_POINT('',(2.832667349573,6.158126146093,
    -5.387349841357));
#6142 = CARTESIAN_POINT('',(2.816184253898,6.16286196276,-5.378681019108
    ));
#6143 = CARTESIAN_POINT('',(2.797819362427,6.167235774495,
    -5.368702558779));
#6144 = CARTESIAN_POINT('',(2.784145636948,6.169889510454,
    -5.360999967096));
#6145 = CARTESIAN_POINT('',(2.77697746264,6.171132486541,-5.356876449962
    ));
#6146 = ORIENTED_EDGE('',*,*,#6147,.T.);
#6147 = EDGE_CURVE('',#6122,#6148,#6150,.T.);
#6148 = VERTEX_POINT('',#6149);
#6149 = CARTESIAN_POINT('',(2.243123550038,6.171132486541,-4.82302253736
    ));
#6150 = B_SPLINE_CURVE_WITH_KNOTS('',3,(#6151,#6152,#6153,#6154,#6155),
  .UNSPECIFIED.,.F.,.F.,(4,1,4),(0.,0.5,1.),.QUASI_UNIFORM_KNOTS.);
#6151 = CARTESIAN_POINT('',(2.77697746264,6.171132486541,-5.356876449962
    ));
#6152 = CARTESIAN_POINT('',(2.664010687606,6.190721156388,
    -5.291891920795));
#6153 = CARTESIAN_POINT('',(2.463330951153,6.209278843612,
    -5.136669048847));
#6154 = CARTESIAN_POINT('',(2.308108079205,6.190721156388,
    -4.935989312394));
#6155 = CARTESIAN_POINT('',(2.243123550038,6.171132486541,-4.82302253736
    ));
#6156 = ORIENTED_EDGE('',*,*,#6157,.T.);
#6157 = EDGE_CURVE('',#6148,#6104,#6158,.T.);
#6158 = B_SPLINE_CURVE_WITH_KNOTS('',3,(#6159,#6160,#6161,#6162,#6163,
    #6164,#6165,#6166,#6167,#6168,#6169,#6170,#6171,#6172,#6173,#6174,
    #6175,#6176,#6177,#6178,#6179),.UNSPECIFIED.,.F.,.F.,(4,1,1,1,1,1,1,
    1,1,1,1,1,1,1,1,1,1,1,4),(0.,5.555555555556E-02,0.111111111111,
    0.166666666667,0.222222222222,0.277777777778,0.333333333333,
    0.388888888889,0.444444444444,0.5,0.555555555556,0.611111111111,
    0.666666666667,0.722222222222,0.777777777778,0.833333333333,
    0.888888888889,0.944444444444,1.),.UNSPECIFIED.);
#6159 = CARTESIAN_POINT('',(2.243123550038,6.171132486541,-4.82302253736
    ));
#6160 = CARTESIAN_POINT('',(2.238980276821,6.169883555261,
    -4.815820019785));
#6161 = CARTESIAN_POINT('',(2.231246769961,6.167217187315,-4.80208977849
    ));
#6162 = CARTESIAN_POINT('',(2.221249662027,6.162828664999,
    -4.783686362407));
#6163 = CARTESIAN_POINT('',(2.212573574941,6.158080170784,
    -4.767184990885));
#6164 = CARTESIAN_POINT('',(2.20505599411,6.153020255631,-4.752457162849
    ));
#6165 = CARTESIAN_POINT('',(2.198537399305,6.14768147175,-4.73934223424)
  );
#6166 = CARTESIAN_POINT('',(2.19285009117,6.142040205833,-4.727621689391
    ));
#6167 = CARTESIAN_POINT('',(2.187937472579,6.136133895136,
    -4.717275890561));
#6168 = CARTESIAN_POINT('',(2.1837806949,6.130062619363,-4.708353590189)
  );
#6169 = CARTESIAN_POINT('',(2.180302221905,6.123851346908,
    -4.700763676129));
#6170 = CARTESIAN_POINT('',(2.177469337815,6.117579983552,
    -4.694495649075));
#6171 = CARTESIAN_POINT('',(2.175256174627,6.111392627897,
    -4.689543251638));
#6172 = CARTESIAN_POINT('',(2.173574356932,6.105278472093,-4.68574669231
    ));
#6173 = CARTESIAN_POINT('',(2.172361858013,6.099199321338,
    -4.682991343025));
#6174 = CARTESIAN_POINT('',(2.171592460242,6.093231878203,
    -4.681234897369));
#6175 = CARTESIAN_POINT('',(2.171224978548,6.087421349191,
    -4.680393799795));
#6176 = CARTESIAN_POINT('',(2.171223817913,6.081621236643,
    -4.680391145161));
#6177 = CARTESIAN_POINT('',(2.171602490946,6.075709565521,
    -4.681257849995));
#6178 = CARTESIAN_POINT('',(2.172121301622,6.071740305337,
    -4.682442129793));
#6179 = CARTESIAN_POINT('',(2.172451049409,6.069749005049,
    -4.683192750113));
#6180 = CYLINDRICAL_SURFACE('',#6181,1.45);
#6181 = AXIS2_PLACEMENT_3D('',#6182,#6183,#6184);
#6182 = CARTESIAN_POINT('',(3.5,6.3,-4.1));
#6183 = DIRECTION('',(0.,1.,0.));
#6184 = DIRECTION('',(-1.,0.,0.));
#6185 = ADVANCED_FACE('',(#6186),#6195,.T.);
#6186 = FACE_BOUND('',#6187,.F.);
#6187 = EDGE_LOOP('',(#6188,#6194));
#6188 = ORIENTED_EDGE('',*,*,#6189,.T.);
#6189 = EDGE_CURVE('',#5818,#5758,#6190,.T.);
#6190 = LINE('',#6191,#6192);
#6191 = CARTESIAN_POINT('',(4.918626095911,5.04641,-4.4));
#6192 = VECTOR('',#6193,1.);
#6193 = DIRECTION('',(-1.,0.,0.));
#6194 = ORIENTED_EDGE('',*,*,#6010,.F.);
#6195 = PLANE('',#6196);
#6196 = AXIS2_PLACEMENT_3D('',#6197,#6198,#6199);
#6197 = CARTESIAN_POINT('',(5.25,5.04641,0.));
#6198 = DIRECTION('',(0.,1.,0.));
#6199 = DIRECTION('',(-1.,0.,0.));
#6200 = ADVANCED_FACE('',(#6201),#6210,.T.);
#6201 = FACE_BOUND('',#6202,.F.);
#6202 = EDGE_LOOP('',(#6203,#6209));
#6203 = ORIENTED_EDGE('',*,*,#6204,.T.);
#6204 = EDGE_CURVE('',#5784,#5792,#6205,.T.);
#6205 = LINE('',#6206,#6207);
#6206 = CARTESIAN_POINT('',(2.081373904089,5.04641,-3.8));
#6207 = VECTOR('',#6208,1.);
#6208 = DIRECTION('',(1.,0.,0.));
#6209 = ORIENTED_EDGE('',*,*,#5791,.F.);
#6210 = PLANE('',#6211);
#6211 = AXIS2_PLACEMENT_3D('',#6212,#6213,#6214);
#6212 = CARTESIAN_POINT('',(5.25,5.04641,0.));
#6213 = DIRECTION('',(0.,1.,0.));
#6214 = DIRECTION('',(-1.,0.,0.));
#6215 = ADVANCED_FACE('',(#6216),#6227,.F.);
#6216 = FACE_BOUND('',#6217,.F.);
#6217 = EDGE_LOOP('',(#6218,#6219,#6225,#6226));
#6218 = ORIENTED_EDGE('',*,*,#5817,.T.);
#6219 = ORIENTED_EDGE('',*,*,#6220,.F.);
#6220 = EDGE_CURVE('',#5767,#5809,#6221,.T.);
#6221 = LINE('',#6222,#6223);
#6222 = CARTESIAN_POINT('',(2.081373904089,4.44641,-4.4));
#6223 = VECTOR('',#6224,1.);
#6224 = DIRECTION('',(1.,0.,0.));
#6225 = ORIENTED_EDGE('',*,*,#5766,.F.);
#6226 = ORIENTED_EDGE('',*,*,#6189,.F.);
#6227 = PLANE('',#6228);
#6228 = AXIS2_PLACEMENT_3D('',#6229,#6230,#6231);
#6229 = CARTESIAN_POINT('',(4.918626095911,5.04641,-4.4));
#6230 = DIRECTION('',(0.,0.,-1.));
#6231 = DIRECTION('',(-1.,0.,0.));
#6232 = ADVANCED_FACE('',(#6233),#6244,.T.);
#6233 = FACE_BOUND('',#6234,.F.);
#6234 = EDGE_LOOP('',(#6235,#6236,#6242,#6243));
#6235 = ORIENTED_EDGE('',*,*,#5808,.T.);
#6236 = ORIENTED_EDGE('',*,*,#6237,.T.);
#6237 = EDGE_CURVE('',#5801,#5775,#6238,.T.);
#6238 = LINE('',#6239,#6240);
#6239 = CARTESIAN_POINT('',(4.918626095911,4.44641,-3.8));
#6240 = VECTOR('',#6241,1.);
#6241 = DIRECTION('',(-1.,0.,0.));
#6242 = ORIENTED_EDGE('',*,*,#5774,.T.);
#6243 = ORIENTED_EDGE('',*,*,#6220,.T.);
#6244 = PLANE('',#6245);
#6245 = AXIS2_PLACEMENT_3D('',#6246,#6247,#6248);
#6246 = CARTESIAN_POINT('',(5.25,4.44641,0.));
#6247 = DIRECTION('',(0.,1.,0.));
#6248 = DIRECTION('',(-1.,0.,0.));
#6249 = ADVANCED_FACE('',(#6250),#6256,.F.);
#6250 = FACE_BOUND('',#6251,.F.);
#6251 = EDGE_LOOP('',(#6252,#6253,#6254,#6255));
#6252 = ORIENTED_EDGE('',*,*,#5800,.F.);
#6253 = ORIENTED_EDGE('',*,*,#6204,.F.);
#6254 = ORIENTED_EDGE('',*,*,#5783,.T.);
#6255 = ORIENTED_EDGE('',*,*,#6237,.F.);
#6256 = PLANE('',#6257);
#6257 = AXIS2_PLACEMENT_3D('',#6258,#6259,#6260);
#6258 = CARTESIAN_POINT('',(2.081373904089,5.04641,-3.8));
#6259 = DIRECTION('',(0.,0.,1.));
#6260 = DIRECTION('',(1.,0.,-0.));
#6261 = ADVANCED_FACE('',(#6262),#6271,.T.);
#6262 = FACE_BOUND('',#6263,.F.);
#6263 = EDGE_LOOP('',(#6264,#6270));
#6264 = ORIENTED_EDGE('',*,*,#6265,.F.);
#6265 = EDGE_CURVE('',#6026,#6024,#6266,.T.);
#6266 = LINE('',#6267,#6268);
#6267 = CARTESIAN_POINT('',(4.827548950591,6.069749005049,
    -4.683192750113));
#6268 = VECTOR('',#6269,1.);
#6269 = DIRECTION('',(-0.707106781187,0.,-0.707106781187));
#6270 = ORIENTED_EDGE('',*,*,#6023,.F.);
#6271 = PLANE('',#6272);
#6272 = AXIS2_PLACEMENT_3D('',#6273,#6274,#6275);
#6273 = CARTESIAN_POINT('',(5.05563491861,5.407983038656,-4.594974746831
    ));
#6274 = DIRECTION('',(-0.699339823684,-0.14780941113,0.699339823684));
#6275 = DIRECTION('',(-0.104517036933,0.989015863362,0.104517036933));
#6276 = ADVANCED_FACE('',(#6277),#6288,.T.);
#6277 = FACE_BOUND('',#6278,.T.);
#6278 = EDGE_LOOP('',(#6279,#6280,#6286,#6287));
#6279 = ORIENTED_EDGE('',*,*,#6041,.T.);
#6280 = ORIENTED_EDGE('',*,*,#6281,.T.);
#6281 = EDGE_CURVE('',#6042,#6068,#6282,.T.);
#6282 = LINE('',#6283,#6284);
#6283 = CARTESIAN_POINT('',(4.756876449962,6.171132486541,-4.82302253736
    ));
#6284 = VECTOR('',#6285,1.);
#6285 = DIRECTION('',(-0.707106781187,0.,-0.707106781187));
#6286 = ORIENTED_EDGE('',*,*,#6077,.T.);
#6287 = ORIENTED_EDGE('',*,*,#6265,.F.);
#6288 = CYLINDRICAL_SURFACE('',#6289,0.1);
#6289 = AXIS2_PLACEMENT_3D('',#6290,#6291,#6292);
#6290 = CARTESIAN_POINT('',(5.05563491861,6.084529946162,-4.594974746831
    ));
#6291 = DIRECTION('',(-0.707106781187,0.,-0.707106781187));
#6292 = DIRECTION('',(0.,-1.,-0.));
#6293 = ADVANCED_FACE('',(#6294),#6298,.T.);
#6294 = FACE_BOUND('',#6295,.F.);
#6295 = EDGE_LOOP('',(#6296,#6297));
#6296 = ORIENTED_EDGE('',*,*,#6281,.T.);
#6297 = ORIENTED_EDGE('',*,*,#6067,.F.);
#6298 = PLANE('',#6299);
#6299 = AXIS2_PLACEMENT_3D('',#6300,#6301,#6302);
#6300 = CARTESIAN_POINT('',(5.020279579551,6.171132486541,
    -4.559619407771));
#6301 = DIRECTION('',(-0.353553390593,0.866025403784,0.353553390593));
#6302 = DIRECTION('',(0.612372435696,0.5,-0.612372435696));
#6303 = ADVANCED_FACE('',(#6304),#6313,.T.);
#6304 = FACE_BOUND('',#6305,.F.);
#6305 = EDGE_LOOP('',(#6306,#6312));
#6306 = ORIENTED_EDGE('',*,*,#6307,.F.);
#6307 = EDGE_CURVE('',#6106,#6104,#6308,.T.);
#6308 = LINE('',#6309,#6310);
#6309 = CARTESIAN_POINT('',(2.916807249887,6.069749005049,
    -5.427548950591));
#6310 = VECTOR('',#6311,1.);
#6311 = DIRECTION('',(-0.707106781187,0.,0.707106781187));
#6312 = ORIENTED_EDGE('',*,*,#6103,.F.);
#6313 = PLANE('',#6314);
#6314 = AXIS2_PLACEMENT_3D('',#6315,#6316,#6317);
#6315 = CARTESIAN_POINT('',(3.005025253169,5.407983038656,-5.65563491861
    ));
#6316 = DIRECTION('',(0.699339823684,-0.14780941113,0.699339823684));
#6317 = DIRECTION('',(0.104517036933,0.989015863362,0.104517036933));
#6318 = ADVANCED_FACE('',(#6319),#6330,.T.);
#6319 = FACE_BOUND('',#6320,.T.);
#6320 = EDGE_LOOP('',(#6321,#6322,#6328,#6329));
#6321 = ORIENTED_EDGE('',*,*,#6121,.T.);
#6322 = ORIENTED_EDGE('',*,*,#6323,.T.);
#6323 = EDGE_CURVE('',#6122,#6148,#6324,.T.);
#6324 = LINE('',#6325,#6326);
#6325 = CARTESIAN_POINT('',(2.77697746264,6.171132486541,-5.356876449962
    ));
#6326 = VECTOR('',#6327,1.);
#6327 = DIRECTION('',(-0.707106781186,0.,0.707106781187));
#6328 = ORIENTED_EDGE('',*,*,#6157,.T.);
#6329 = ORIENTED_EDGE('',*,*,#6307,.F.);
#6330 = CYLINDRICAL_SURFACE('',#6331,0.1);
#6331 = AXIS2_PLACEMENT_3D('',#6332,#6333,#6334);
#6332 = CARTESIAN_POINT('',(3.005025253169,6.084529946162,-5.65563491861
    ));
#6333 = DIRECTION('',(-0.707106781187,0.,0.707106781187));
#6334 = DIRECTION('',(0.,-1.,0.));
#6335 = ADVANCED_FACE('',(#6336),#6340,.T.);
#6336 = FACE_BOUND('',#6337,.F.);
#6337 = EDGE_LOOP('',(#6338,#6339));
#6338 = ORIENTED_EDGE('',*,*,#6323,.T.);
#6339 = ORIENTED_EDGE('',*,*,#6147,.F.);
#6340 = PLANE('',#6341);
#6341 = AXIS2_PLACEMENT_3D('',#6342,#6343,#6344);
#6342 = CARTESIAN_POINT('',(3.040380592229,6.171132486541,
    -5.620279579551));
#6343 = DIRECTION('',(0.353553390593,0.866025403784,0.353553390593));
#6344 = DIRECTION('',(-0.612372435696,0.5,-0.612372435696));
#6345 = ADVANCED_FACE('',(#6346),#6355,.T.);
#6346 = FACE_BOUND('',#6347,.F.);
#6347 = EDGE_LOOP('',(#6348,#6354));
#6348 = ORIENTED_EDGE('',*,*,#6349,.F.);
#6349 = EDGE_CURVE('',#5846,#5844,#6350,.T.);
#6350 = LINE('',#6351,#6352);
#6351 = CARTESIAN_POINT('',(4.083192750113,6.069749005049,
    -2.772451049409));
#6352 = VECTOR('',#6353,1.);
#6353 = DIRECTION('',(0.707106781187,0.,-0.707106781187));
#6354 = ORIENTED_EDGE('',*,*,#5843,.F.);
#6355 = PLANE('',#6356);
#6356 = AXIS2_PLACEMENT_3D('',#6357,#6358,#6359);
#6357 = CARTESIAN_POINT('',(3.994974746831,5.407983038656,-2.54436508139
    ));
#6358 = DIRECTION('',(-0.699339823684,-0.14780941113,-0.699339823684));
#6359 = DIRECTION('',(-0.104517036933,0.989015863362,-0.104517036933));
#6360 = ADVANCED_FACE('',(#6361),#6372,.T.);
#6361 = FACE_BOUND('',#6362,.T.);
#6362 = EDGE_LOOP('',(#6363,#6364,#6370,#6371));
#6363 = ORIENTED_EDGE('',*,*,#5861,.T.);
#6364 = ORIENTED_EDGE('',*,*,#6365,.T.);
#6365 = EDGE_CURVE('',#5862,#5888,#6366,.T.);
#6366 = LINE('',#6367,#6368);
#6367 = CARTESIAN_POINT('',(4.22302253736,6.171132486541,-2.843123550038
    ));
#6368 = VECTOR('',#6369,1.);
#6369 = DIRECTION('',(0.707106781186,0.,-0.707106781187));
#6370 = ORIENTED_EDGE('',*,*,#5897,.T.);
#6371 = ORIENTED_EDGE('',*,*,#6349,.F.);
#6372 = CYLINDRICAL_SURFACE('',#6373,0.1);
#6373 = AXIS2_PLACEMENT_3D('',#6374,#6375,#6376);
#6374 = CARTESIAN_POINT('',(3.994974746831,6.084529946162,-2.54436508139
    ));
#6375 = DIRECTION('',(0.707106781187,0.,-0.707106781187));
#6376 = DIRECTION('',(0.,-1.,0.));
#6377 = ADVANCED_FACE('',(#6378),#6382,.T.);
#6378 = FACE_BOUND('',#6379,.F.);
#6379 = EDGE_LOOP('',(#6380,#6381));
#6380 = ORIENTED_EDGE('',*,*,#6365,.T.);
#6381 = ORIENTED_EDGE('',*,*,#5887,.F.);
#6382 = PLANE('',#6383);
#6383 = AXIS2_PLACEMENT_3D('',#6384,#6385,#6386);
#6384 = CARTESIAN_POINT('',(3.959619407771,6.171132486541,
    -2.579720420449));
#6385 = DIRECTION('',(-0.353553390593,0.866025403784,-0.353553390593));
#6386 = DIRECTION('',(0.612372435696,0.5,0.612372435696));
#6387 = ADVANCED_FACE('',(#6388),#6397,.T.);
#6388 = FACE_BOUND('',#6389,.F.);
#6389 = EDGE_LOOP('',(#6390,#6396));
#6390 = ORIENTED_EDGE('',*,*,#6391,.F.);
#6391 = EDGE_CURVE('',#5926,#5924,#6392,.T.);
#6392 = LINE('',#6393,#6394);
#6393 = CARTESIAN_POINT('',(2.172451049409,6.069749005049,
    -3.516807249887));
#6394 = VECTOR('',#6395,1.);
#6395 = DIRECTION('',(0.707106781187,0.,0.707106781187));
#6396 = ORIENTED_EDGE('',*,*,#5923,.F.);
#6397 = PLANE('',#6398);
#6398 = AXIS2_PLACEMENT_3D('',#6399,#6400,#6401);
#6399 = CARTESIAN_POINT('',(1.94436508139,5.407983038656,-3.605025253169
    ));
#6400 = DIRECTION('',(0.699339823684,-0.14780941113,-0.699339823684));
#6401 = DIRECTION('',(0.104517036933,0.989015863362,-0.104517036933));
#6402 = ADVANCED_FACE('',(#6403),#6414,.T.);
#6403 = FACE_BOUND('',#6404,.T.);
#6404 = EDGE_LOOP('',(#6405,#6406,#6412,#6413));
#6405 = ORIENTED_EDGE('',*,*,#5941,.T.);
#6406 = ORIENTED_EDGE('',*,*,#6407,.T.);
#6407 = EDGE_CURVE('',#5942,#5968,#6408,.T.);
#6408 = LINE('',#6409,#6410);
#6409 = CARTESIAN_POINT('',(2.243123550038,6.171132486541,-3.37697746264
    ));
#6410 = VECTOR('',#6411,1.);
#6411 = DIRECTION('',(0.707106781187,0.,0.707106781187));
#6412 = ORIENTED_EDGE('',*,*,#5977,.T.);
#6413 = ORIENTED_EDGE('',*,*,#6391,.F.);
#6414 = CYLINDRICAL_SURFACE('',#6415,0.1);
#6415 = AXIS2_PLACEMENT_3D('',#6416,#6417,#6418);
#6416 = CARTESIAN_POINT('',(1.94436508139,6.084529946162,-3.605025253169
    ));
#6417 = DIRECTION('',(0.707106781187,0.,0.707106781187));
#6418 = DIRECTION('',(0.,-1.,0.));
#6419 = ADVANCED_FACE('',(#6420),#6424,.T.);
#6420 = FACE_BOUND('',#6421,.F.);
#6421 = EDGE_LOOP('',(#6422,#6423));
#6422 = ORIENTED_EDGE('',*,*,#6407,.T.);
#6423 = ORIENTED_EDGE('',*,*,#5967,.F.);
#6424 = PLANE('',#6425);
#6425 = AXIS2_PLACEMENT_3D('',#6426,#6427,#6428);
#6426 = CARTESIAN_POINT('',(1.979720420449,6.171132486541,
    -3.640380592229));
#6427 = DIRECTION('',(0.353553390593,0.866025403784,-0.353553390593));
#6428 = DIRECTION('',(-0.612372435696,0.5,0.612372435696));
#6429 = ADVANCED_FACE('',(#6430,#6524,#6604),#6684,.F.);
#6430 = FACE_BOUND('',#6431,.F.);
#6431 = EDGE_LOOP('',(#6432,#6440,#6449,#6457,#6466,#6474,#6483,#6491,
    #6500,#6508,#6517,#6523));
#6432 = ORIENTED_EDGE('',*,*,#6433,.T.);
#6433 = EDGE_CURVE('',#4980,#6434,#6436,.T.);
#6434 = VERTEX_POINT('',#6435);
#6435 = CARTESIAN_POINT('',(-1.45,5.04641,-4.1));
#6436 = LINE('',#6437,#6438);
#6437 = CARTESIAN_POINT('',(-1.45,6.3,-4.1));
#6438 = VECTOR('',#6439,1.);
#6439 = DIRECTION('',(0.,-1.,0.));
#6440 = ORIENTED_EDGE('',*,*,#6441,.F.);
#6441 = EDGE_CURVE('',#6442,#6434,#6444,.T.);
#6442 = VERTEX_POINT('',#6443);
#6443 = CARTESIAN_POINT('',(-1.418626095911,5.04641,-4.4));
#6444 = CIRCLE('',#6445,1.45);
#6445 = AXIS2_PLACEMENT_3D('',#6446,#6447,#6448);
#6446 = CARTESIAN_POINT('',(0.,5.04641,-4.1));
#6447 = DIRECTION('',(0.,1.,0.));
#6448 = DIRECTION('',(-0.978362824766,0.,-0.206896551724));
#6449 = ORIENTED_EDGE('',*,*,#6450,.T.);
#6450 = EDGE_CURVE('',#6442,#6451,#6453,.T.);
#6451 = VERTEX_POINT('',#6452);
#6452 = CARTESIAN_POINT('',(-1.418626095911,4.44641,-4.4));
#6453 = LINE('',#6454,#6455);
#6454 = CARTESIAN_POINT('',(-1.418626095911,5.04641,-4.4));
#6455 = VECTOR('',#6456,1.);
#6456 = DIRECTION('',(0.,-1.,0.));
#6457 = ORIENTED_EDGE('',*,*,#6458,.F.);
#6458 = EDGE_CURVE('',#6459,#6451,#6461,.T.);
#6459 = VERTEX_POINT('',#6460);
#6460 = CARTESIAN_POINT('',(-1.418626095911,4.44641,-3.8));
#6461 = CIRCLE('',#6462,1.45);
#6462 = AXIS2_PLACEMENT_3D('',#6463,#6464,#6465);
#6463 = CARTESIAN_POINT('',(0.,4.44641,-4.1));
#6464 = DIRECTION('',(0.,-1.,0.));
#6465 = DIRECTION('',(-0.978362824766,0.,0.206896551724));
#6466 = ORIENTED_EDGE('',*,*,#6467,.F.);
#6467 = EDGE_CURVE('',#6468,#6459,#6470,.T.);
#6468 = VERTEX_POINT('',#6469);
#6469 = CARTESIAN_POINT('',(-1.418626095911,5.04641,-3.8));
#6470 = LINE('',#6471,#6472);
#6471 = CARTESIAN_POINT('',(-1.418626095911,5.04641,-3.8));
#6472 = VECTOR('',#6473,1.);
#6473 = DIRECTION('',(0.,-1.,0.));
#6474 = ORIENTED_EDGE('',*,*,#6475,.T.);
#6475 = EDGE_CURVE('',#6468,#6476,#6478,.T.);
#6476 = VERTEX_POINT('',#6477);
#6477 = CARTESIAN_POINT('',(1.418626095911,5.04641,-3.8));
#6478 = CIRCLE('',#6479,1.45);
#6479 = AXIS2_PLACEMENT_3D('',#6480,#6481,#6482);
#6480 = CARTESIAN_POINT('',(0.,5.04641,-4.1));
#6481 = DIRECTION('',(0.,1.,0.));
#6482 = DIRECTION('',(-0.978362824766,0.,0.206896551724));
#6483 = ORIENTED_EDGE('',*,*,#6484,.T.);
#6484 = EDGE_CURVE('',#6476,#6485,#6487,.T.);
#6485 = VERTEX_POINT('',#6486);
#6486 = CARTESIAN_POINT('',(1.418626095911,4.44641,-3.8));
#6487 = LINE('',#6488,#6489);
#6488 = CARTESIAN_POINT('',(1.418626095911,5.04641,-3.8));
#6489 = VECTOR('',#6490,1.);
#6490 = DIRECTION('',(0.,-1.,0.));
#6491 = ORIENTED_EDGE('',*,*,#6492,.F.);
#6492 = EDGE_CURVE('',#6493,#6485,#6495,.T.);
#6493 = VERTEX_POINT('',#6494);
#6494 = CARTESIAN_POINT('',(1.418626095911,4.44641,-4.4));
#6495 = CIRCLE('',#6496,1.45);
#6496 = AXIS2_PLACEMENT_3D('',#6497,#6498,#6499);
#6497 = CARTESIAN_POINT('',(0.,4.44641,-4.1));
#6498 = DIRECTION('',(0.,-1.,0.));
#6499 = DIRECTION('',(0.978362824766,0.,-0.206896551724));
#6500 = ORIENTED_EDGE('',*,*,#6501,.F.);
#6501 = EDGE_CURVE('',#6502,#6493,#6504,.T.);
#6502 = VERTEX_POINT('',#6503);
#6503 = CARTESIAN_POINT('',(1.418626095911,5.04641,-4.4));
#6504 = LINE('',#6505,#6506);
#6505 = CARTESIAN_POINT('',(1.418626095911,5.04641,-4.4));
#6506 = VECTOR('',#6507,1.);
#6507 = DIRECTION('',(0.,-1.,0.));
#6508 = ORIENTED_EDGE('',*,*,#6509,.F.);
#6509 = EDGE_CURVE('',#6510,#6502,#6512,.T.);
#6510 = VERTEX_POINT('',#6511);
#6511 = CARTESIAN_POINT('',(1.45,5.04641,-4.1));
#6512 = CIRCLE('',#6513,1.45);
#6513 = AXIS2_PLACEMENT_3D('',#6514,#6515,#6516);
#6514 = CARTESIAN_POINT('',(0.,5.04641,-4.1));
#6515 = DIRECTION('',(-0.,1.,0.));
#6516 = DIRECTION('',(1.,0.,0.));
#6517 = ORIENTED_EDGE('',*,*,#6518,.F.);
#6518 = EDGE_CURVE('',#4982,#6510,#6519,.T.);
#6519 = LINE('',#6520,#6521);
#6520 = CARTESIAN_POINT('',(1.45,6.3,-4.1));
#6521 = VECTOR('',#6522,1.);
#6522 = DIRECTION('',(0.,-1.,0.));
#6523 = ORIENTED_EDGE('',*,*,#4979,.F.);
#6524 = FACE_BOUND('',#6525,.F.);
#6525 = EDGE_LOOP('',(#6526,#6544,#6570,#6580));
#6526 = ORIENTED_EDGE('',*,*,#6527,.T.);
#6527 = EDGE_CURVE('',#6528,#6530,#6532,.T.);
#6528 = VERTEX_POINT('',#6529);
#6529 = CARTESIAN_POINT('',(1.327548950591,6.069749005049,
    -3.516807249887));
#6530 = VERTEX_POINT('',#6531);
#6531 = CARTESIAN_POINT('',(0.583192750113,6.069749005049,
    -2.772451049409));
#6532 = B_SPLINE_CURVE_WITH_KNOTS('',3,(#6533,#6534,#6535,#6536,#6537,
    #6538,#6539,#6540,#6541,#6542,#6543),.UNSPECIFIED.,.F.,.F.,(4,1,1,1,
    1,1,1,1,4),(0.,0.125,0.25,0.375,0.5,0.625,0.75,0.875,1.),
  .QUASI_UNIFORM_KNOTS.);
#6533 = CARTESIAN_POINT('',(1.327548950591,6.069749005049,
    -3.516807249887));
#6534 = CARTESIAN_POINT('',(1.308616375025,5.955417856658,-3.47371014208
    ));
#6535 = CARTESIAN_POINT('',(1.267285231092,5.759553292802,
    -3.390981919267));
#6536 = CARTESIAN_POINT('',(1.195841401583,5.555151874754,
    -3.276336698656));
#6537 = CARTESIAN_POINT('',(1.115540573851,5.434561785478,
    -3.170548476269));
#6538 = CARTESIAN_POINT('',(1.026709224685,5.394693665246,
    -3.073290775315));
#6539 = CARTESIAN_POINT('',(0.929451523731,5.434561785478,
    -2.984459426149));
#6540 = CARTESIAN_POINT('',(0.823663301344,5.555151874754,
    -2.904158598417));
#6541 = CARTESIAN_POINT('',(0.709018080734,5.759553292802,
    -2.832714768908));
#6542 = CARTESIAN_POINT('',(0.62628985792,5.955417856658,-2.791383624975
    ));
#6543 = CARTESIAN_POINT('',(0.583192750113,6.069749005049,
    -2.772451049409));
#6544 = ORIENTED_EDGE('',*,*,#6545,.T.);
#6545 = EDGE_CURVE('',#6530,#6546,#6548,.T.);
#6546 = VERTEX_POINT('',#6547);
#6547 = CARTESIAN_POINT('',(0.72302253736,6.171132486541,-2.843123550038
    ));
#6548 = B_SPLINE_CURVE_WITH_KNOTS('',3,(#6549,#6550,#6551,#6552,#6553,
    #6554,#6555,#6556,#6557,#6558,#6559,#6560,#6561,#6562,#6563,#6564,
    #6565,#6566,#6567,#6568,#6569),.UNSPECIFIED.,.F.,.F.,(4,1,1,1,1,1,1,
    1,1,1,1,1,1,1,1,1,1,1,4),(0.,5.555555555556E-02,0.111111111111,
    0.166666666667,0.222222222222,0.277777777778,0.333333333333,
    0.388888888889,0.444444444444,0.5,0.555555555556,0.611111111111,
    0.666666666667,0.722222222222,0.777777777778,0.833333333333,
    0.888888888889,0.944444444444,1.),.UNSPECIFIED.);
#6549 = CARTESIAN_POINT('',(0.583192750113,6.069749005049,
    -2.772451049409));
#6550 = CARTESIAN_POINT('',(0.582461138668,6.071689877208,
    -2.772129652228));
#6551 = CARTESIAN_POINT('',(0.581295911597,6.07557226912,-2.771619145342
    ));
#6552 = CARTESIAN_POINT('',(0.580413898419,6.081356149355,
    -2.771233751875));
#6553 = CARTESIAN_POINT('',(0.580375309138,6.087174957699,
    -2.771216905138));
#6554 = CARTESIAN_POINT('',(0.581180601962,6.092964725063,
    -2.771568724255));
#6555 = CARTESIAN_POINT('',(0.582866681702,6.098852392257,
    -2.772307174438));
#6556 = CARTESIAN_POINT('',(0.585551039274,6.104910544273,
    -2.773488035166));
#6557 = CARTESIAN_POINT('',(0.589297353444,6.111045747956,
    -2.775146826094));
#6558 = CARTESIAN_POINT('',(0.594214604283,6.11726752517,-2.777343093762
    ));
#6559 = CARTESIAN_POINT('',(0.60045828714,6.123576878326,-2.780163277593
    ));
#6560 = CARTESIAN_POINT('',(0.608044027187,6.129833648009,
    -2.783637648665));
#6561 = CARTESIAN_POINT('',(0.616980028829,6.135951354583,-2.78779826445
    ));
#6562 = CARTESIAN_POINT('',(0.627352147885,6.141900603007,
    -2.792720598667));
#6563 = CARTESIAN_POINT('',(0.639108570009,6.147579416418,
    -2.798422496651));
#6564 = CARTESIAN_POINT('',(0.652259604843,6.152947424908,
    -2.804956318309));
#6565 = CARTESIAN_POINT('',(0.667024372758,6.158030593989,
    -2.812490154146));
#6566 = CARTESIAN_POINT('',(0.683568598079,6.162798697266,
    -2.821186442463));
#6567 = CARTESIAN_POINT('',(0.702023191056,6.167203758263,
    -2.831209544856));
#6568 = CARTESIAN_POINT('',(0.715796582668,6.169879491217,
    -2.838966794538));
#6569 = CARTESIAN_POINT('',(0.72302253736,6.171132486541,-2.843123550038
    ));
#6570 = ORIENTED_EDGE('',*,*,#6571,.T.);
#6571 = EDGE_CURVE('',#6546,#6572,#6574,.T.);
#6572 = VERTEX_POINT('',#6573);
#6573 = CARTESIAN_POINT('',(1.256876449962,6.171132486541,-3.37697746264
    ));
#6574 = B_SPLINE_CURVE_WITH_KNOTS('',3,(#6575,#6576,#6577,#6578,#6579),
  .UNSPECIFIED.,.F.,.F.,(4,1,4),(0.,0.5,1.),.QUASI_UNIFORM_KNOTS.);
#6575 = CARTESIAN_POINT('',(0.72302253736,6.171132486541,-2.843123550038
    ));
#6576 = CARTESIAN_POINT('',(0.835989312394,6.190721156388,
    -2.908108079205));
#6577 = CARTESIAN_POINT('',(1.036669048847,6.209278843612,
    -3.063330951153));
#6578 = CARTESIAN_POINT('',(1.191891920795,6.190721156388,
    -3.264010687606));
#6579 = CARTESIAN_POINT('',(1.256876449962,6.171132486541,-3.37697746264
    ));
#6580 = ORIENTED_EDGE('',*,*,#6581,.T.);
#6581 = EDGE_CURVE('',#6572,#6528,#6582,.T.);
#6582 = B_SPLINE_CURVE_WITH_KNOTS('',3,(#6583,#6584,#6585,#6586,#6587,
    #6588,#6589,#6590,#6591,#6592,#6593,#6594,#6595,#6596,#6597,#6598,
    #6599,#6600,#6601,#6602,#6603),.UNSPECIFIED.,.F.,.F.,(4,1,1,1,1,1,1,
    1,1,1,1,1,1,1,1,1,1,1,4),(0.,5.555555555556E-02,0.111111111111,
    0.166666666667,0.222222222222,0.277777777778,0.333333333333,
    0.388888888889,0.444444444444,0.5,0.555555555556,0.611111111111,
    0.666666666667,0.722222222222,0.777777777778,0.833333333333,
    0.888888888889,0.944444444444,1.),.UNSPECIFIED.);
#6583 = CARTESIAN_POINT('',(1.256876449962,6.171132486541,-3.37697746264
    ));
#6584 = CARTESIAN_POINT('',(1.261019723179,6.169883555261,
    -3.384179980215));
#6585 = CARTESIAN_POINT('',(1.268753230039,6.167217187315,-3.39791022151
    ));
#6586 = CARTESIAN_POINT('',(1.278750337973,6.162828664999,
    -3.416313637593));
#6587 = CARTESIAN_POINT('',(1.287426425059,6.158080170784,
    -3.432815009115));
#6588 = CARTESIAN_POINT('',(1.29494400589,6.153020255631,-3.447542837151
    ));
#6589 = CARTESIAN_POINT('',(1.301462600695,6.14768147175,-3.46065776576)
  );
#6590 = CARTESIAN_POINT('',(1.30714990883,6.142040205833,-3.472378310609
    ));
#6591 = CARTESIAN_POINT('',(1.312062527421,6.136133895136,
    -3.482724109439));
#6592 = CARTESIAN_POINT('',(1.3162193051,6.130062619363,-3.491646409811)
  );
#6593 = CARTESIAN_POINT('',(1.319697778095,6.123851346908,
    -3.499236323871));
#6594 = CARTESIAN_POINT('',(1.322530662185,6.117579983552,
    -3.505504350925));
#6595 = CARTESIAN_POINT('',(1.324743825373,6.111392627897,
    -3.510456748362));
#6596 = CARTESIAN_POINT('',(1.326425643068,6.105278472093,-3.51425330769
    ));
#6597 = CARTESIAN_POINT('',(1.327638141987,6.099199321338,
    -3.517008656975));
#6598 = CARTESIAN_POINT('',(1.328407539758,6.093231878203,
    -3.518765102631));
#6599 = CARTESIAN_POINT('',(1.328775021452,6.087421349191,
    -3.519606200205));
#6600 = CARTESIAN_POINT('',(1.328776182087,6.081621236643,
    -3.519608854839));
#6601 = CARTESIAN_POINT('',(1.328397509054,6.075709565521,
    -3.518742150005));
#6602 = CARTESIAN_POINT('',(1.327878698378,6.071740305337,
    -3.517557870207));
#6603 = CARTESIAN_POINT('',(1.327548950591,6.069749005049,
    -3.516807249887));
#6604 = FACE_BOUND('',#6605,.F.);
#6605 = EDGE_LOOP('',(#6606,#6624,#6650,#6660));
#6606 = ORIENTED_EDGE('',*,*,#6607,.T.);
#6607 = EDGE_CURVE('',#6608,#6610,#6612,.T.);
#6608 = VERTEX_POINT('',#6609);
#6609 = CARTESIAN_POINT('',(-0.583192750113,6.069749005049,
    -2.772451049409));
#6610 = VERTEX_POINT('',#6611);
#6611 = CARTESIAN_POINT('',(-1.327548950591,6.069749005049,
    -3.516807249887));
#6612 = B_SPLINE_CURVE_WITH_KNOTS('',3,(#6613,#6614,#6615,#6616,#6617,
    #6618,#6619,#6620,#6621,#6622,#6623),.UNSPECIFIED.,.F.,.F.,(4,1,1,1,
    1,1,1,1,4),(0.,0.125,0.25,0.375,0.5,0.625,0.75,0.875,1.),
  .QUASI_UNIFORM_KNOTS.);
#6613 = CARTESIAN_POINT('',(-0.583192750113,6.069749005049,
    -2.772451049409));
#6614 = CARTESIAN_POINT('',(-0.62628985792,5.955417856658,
    -2.791383624975));
#6615 = CARTESIAN_POINT('',(-0.709018080734,5.759553292802,
    -2.832714768908));
#6616 = CARTESIAN_POINT('',(-0.823663301344,5.555151874754,
    -2.904158598417));
#6617 = CARTESIAN_POINT('',(-0.929451523731,5.434561785478,
    -2.984459426149));
#6618 = CARTESIAN_POINT('',(-1.026709224685,5.394693665246,
    -3.073290775315));
#6619 = CARTESIAN_POINT('',(-1.115540573851,5.434561785478,
    -3.170548476269));
#6620 = CARTESIAN_POINT('',(-1.195841401583,5.555151874754,
    -3.276336698656));
#6621 = CARTESIAN_POINT('',(-1.267285231092,5.759553292802,
    -3.390981919267));
#6622 = CARTESIAN_POINT('',(-1.308616375025,5.955417856658,
    -3.47371014208));
#6623 = CARTESIAN_POINT('',(-1.327548950591,6.069749005049,
    -3.516807249887));
#6624 = ORIENTED_EDGE('',*,*,#6625,.T.);
#6625 = EDGE_CURVE('',#6610,#6626,#6628,.T.);
#6626 = VERTEX_POINT('',#6627);
#6627 = CARTESIAN_POINT('',(-1.256876449962,6.171132486541,
    -3.37697746264));
#6628 = B_SPLINE_CURVE_WITH_KNOTS('',3,(#6629,#6630,#6631,#6632,#6633,
    #6634,#6635,#6636,#6637,#6638,#6639,#6640,#6641,#6642,#6643,#6644,
    #6645,#6646,#6647,#6648,#6649),.UNSPECIFIED.,.F.,.F.,(4,1,1,1,1,1,1,
    1,1,1,1,1,1,1,1,1,1,1,4),(0.,5.555555555556E-02,0.111111111111,
    0.166666666667,0.222222222222,0.277777777778,0.333333333333,
    0.388888888889,0.444444444444,0.5,0.555555555556,0.611111111111,
    0.666666666667,0.722222222222,0.777777777778,0.833333333333,
    0.888888888889,0.944444444444,1.),.UNSPECIFIED.);
#6629 = CARTESIAN_POINT('',(-1.327548950591,6.069749005049,
    -3.516807249887));
#6630 = CARTESIAN_POINT('',(-1.327878886004,6.071741438383,
    -3.517558297308));
#6631 = CARTESIAN_POINT('',(-1.328397937984,6.075713091111,
    -3.518743130083));
#6632 = CARTESIAN_POINT('',(-1.328776519369,6.081628932845,
    -3.519609627368));
#6633 = CARTESIAN_POINT('',(-1.328774732884,6.087433449543,
    -3.51960553911));
#6634 = CARTESIAN_POINT('',(-1.328406036839,6.093248671137,
    -3.518761664728));
#6635 = CARTESIAN_POINT('',(-1.327634698415,6.099220983322,
    -3.517000807321));
#6636 = CARTESIAN_POINT('',(-1.326419681076,6.105304039526,
    -3.514239793361));
#6637 = CARTESIAN_POINT('',(-1.324734803285,6.111421536867,
    -3.510436453328));
#6638 = CARTESIAN_POINT('',(-1.322517665297,6.117612523775,
    -3.505475401777));
#6639 = CARTESIAN_POINT('',(-1.319679527283,6.123887905903,
    -3.499196174618));
#6640 = CARTESIAN_POINT('',(-1.316193869361,6.130104082138,
    -3.491591284454));
#6641 = CARTESIAN_POINT('',(-1.312027266089,6.136181043383,
    -3.482649024036));
#6642 = CARTESIAN_POINT('',(-1.307103774255,6.142090772038,
    -3.472282098993));
#6643 = CARTESIAN_POINT('',(-1.301409039001,6.147729592396,
    -3.460548683912));
#6644 = CARTESIAN_POINT('',(-1.294888632335,6.153060983258,
    -3.447432985522));
#6645 = CARTESIAN_POINT('',(-1.287374986526,6.158110854764,
    -3.432715915106));
#6646 = CARTESIAN_POINT('',(-1.278709058918,6.162848257378,
    -3.416236729071));
#6647 = CARTESIAN_POINT('',(-1.26872860695,6.167226070905,
    -3.397866174972));
#6648 = CARTESIAN_POINT('',(-1.261010668545,6.169886284653,
    -3.384164239964));
#6649 = CARTESIAN_POINT('',(-1.256876449962,6.171132486541,
    -3.37697746264));
#6650 = ORIENTED_EDGE('',*,*,#6651,.T.);
#6651 = EDGE_CURVE('',#6626,#6652,#6654,.T.);
#6652 = VERTEX_POINT('',#6653);
#6653 = CARTESIAN_POINT('',(-0.72302253736,6.171132486541,
    -2.843123550038));
#6654 = B_SPLINE_CURVE_WITH_KNOTS('',3,(#6655,#6656,#6657,#6658,#6659),
  .UNSPECIFIED.,.F.,.F.,(4,1,4),(0.,0.5,1.),.QUASI_UNIFORM_KNOTS.);
#6655 = CARTESIAN_POINT('',(-1.256876449962,6.171132486541,
    -3.37697746264));
#6656 = CARTESIAN_POINT('',(-1.191891920795,6.190721156388,
    -3.264010687606));
#6657 = CARTESIAN_POINT('',(-1.036669048847,6.209278843612,
    -3.063330951153));
#6658 = CARTESIAN_POINT('',(-0.835989312394,6.190721156388,
    -2.908108079205));
#6659 = CARTESIAN_POINT('',(-0.72302253736,6.171132486541,
    -2.843123550038));
#6660 = ORIENTED_EDGE('',*,*,#6661,.T.);
#6661 = EDGE_CURVE('',#6652,#6608,#6662,.T.);
#6662 = B_SPLINE_CURVE_WITH_KNOTS('',3,(#6663,#6664,#6665,#6666,#6667,
    #6668,#6669,#6670,#6671,#6672,#6673,#6674,#6675,#6676,#6677,#6678,
    #6679,#6680,#6681,#6682,#6683),.UNSPECIFIED.,.F.,.F.,(4,1,1,1,1,1,1,
    1,1,1,1,1,1,1,1,1,1,1,4),(0.,5.555555555556E-02,0.111111111111,
    0.166666666667,0.222222222222,0.277777777778,0.333333333333,
    0.388888888889,0.444444444444,0.5,0.555555555556,0.611111111111,
    0.666666666667,0.722222222222,0.777777777778,0.833333333333,
    0.888888888889,0.944444444444,1.),.UNSPECIFIED.);
#6663 = CARTESIAN_POINT('',(-0.72302253736,6.171132486541,
    -2.843123550038));
#6664 = CARTESIAN_POINT('',(-0.715765634865,6.169874124805,
    -2.838948991707));
#6665 = CARTESIAN_POINT('',(-0.701939802771,6.167186788063,
    -2.831163001703));
#6666 = CARTESIAN_POINT('',(-0.683438565608,6.16276528195,
    -2.821116757752));
#6667 = CARTESIAN_POINT('',(-0.666871558113,6.157982880737,
    -2.812410940652));
#6668 = CARTESIAN_POINT('',(-0.652103475609,6.152889072364,
    -2.804877716997));
#6669 = CARTESIAN_POINT('',(-0.638961034363,6.147513936631,
    -2.798350115226));
#6670 = CARTESIAN_POINT('',(-0.627220476015,6.141831146787,
    -2.792657490918));
#6671 = CARTESIAN_POINT('',(-0.616874716277,6.135884644636,
    -2.787748857295));
#6672 = CARTESIAN_POINT('',(-0.607980208725,6.129784087053,
    -2.783608290667));
#6673 = CARTESIAN_POINT('',(-0.600441486667,6.123559002152,
    -2.780155728358));
#6674 = CARTESIAN_POINT('',(-0.594231462863,6.117284836812,
    -2.777350688279));
#6675 = CARTESIAN_POINT('',(-0.589304395278,6.111059136871,
    -2.775149920469));
#6676 = CARTESIAN_POINT('',(-0.585529813015,6.104873617926,
    -2.773478653551));
#6677 = CARTESIAN_POINT('',(-0.582849236675,6.098805907669,
    -2.77229952085));
#6678 = CARTESIAN_POINT('',(-0.581163666471,6.092891864842,
    -2.771561317681));
#6679 = CARTESIAN_POINT('',(-0.580376456663,6.087117299196,
    -2.771217407722));
#6680 = CARTESIAN_POINT('',(-0.580412537117,6.081451633353,
    -2.771233159699));
#6681 = CARTESIAN_POINT('',(-0.581264467954,6.075702399519,
    -2.771605395008));
#6682 = CARTESIAN_POINT('',(-0.582440355245,6.071745012986,
    -2.772120522062));
#6683 = CARTESIAN_POINT('',(-0.583192750113,6.069749005049,
    -2.772451049409));
#6684 = CYLINDRICAL_SURFACE('',#6685,1.45);
#6685 = AXIS2_PLACEMENT_3D('',#6686,#6687,#6688);
#6686 = CARTESIAN_POINT('',(0.,6.3,-4.1));
#6687 = DIRECTION('',(0.,1.,0.));
#6688 = DIRECTION('',(-1.,0.,0.));
#6689 = ADVANCED_FACE('',(#6690,#6704,#6784),#6864,.F.);
#6690 = FACE_BOUND('',#6691,.F.);
#6691 = EDGE_LOOP('',(#6692,#6693,#6700,#6701,#6702,#6703));
#6692 = ORIENTED_EDGE('',*,*,#6509,.T.);
#6693 = ORIENTED_EDGE('',*,*,#6694,.T.);
#6694 = EDGE_CURVE('',#6502,#6442,#6695,.T.);
#6695 = CIRCLE('',#6696,1.45);
#6696 = AXIS2_PLACEMENT_3D('',#6697,#6698,#6699);
#6697 = CARTESIAN_POINT('',(0.,5.04641,-4.1));
#6698 = DIRECTION('',(0.,1.,0.));
#6699 = DIRECTION('',(0.978362824766,0.,-0.206896551724));
#6700 = ORIENTED_EDGE('',*,*,#6441,.T.);
#6701 = ORIENTED_EDGE('',*,*,#6433,.F.);
#6702 = ORIENTED_EDGE('',*,*,#4990,.F.);
#6703 = ORIENTED_EDGE('',*,*,#6518,.T.);
#6704 = FACE_BOUND('',#6705,.F.);
#6705 = EDGE_LOOP('',(#6706,#6724,#6750,#6760));
#6706 = ORIENTED_EDGE('',*,*,#6707,.T.);
#6707 = EDGE_CURVE('',#6708,#6710,#6712,.T.);
#6708 = VERTEX_POINT('',#6709);
#6709 = CARTESIAN_POINT('',(0.583192750113,6.069749005049,
    -5.427548950591));
#6710 = VERTEX_POINT('',#6711);
#6711 = CARTESIAN_POINT('',(1.327548950591,6.069749005049,
    -4.683192750113));
#6712 = B_SPLINE_CURVE_WITH_KNOTS('',3,(#6713,#6714,#6715,#6716,#6717,
    #6718,#6719,#6720,#6721,#6722,#6723),.UNSPECIFIED.,.F.,.F.,(4,1,1,1,
    1,1,1,1,4),(0.,0.125,0.25,0.375,0.5,0.625,0.75,0.875,1.),
  .QUASI_UNIFORM_KNOTS.);
#6713 = CARTESIAN_POINT('',(0.583192750113,6.069749005049,
    -5.427548950591));
#6714 = CARTESIAN_POINT('',(0.62628985792,5.955417856658,-5.408616375025
    ));
#6715 = CARTESIAN_POINT('',(0.709018080734,5.759553292802,
    -5.367285231092));
#6716 = CARTESIAN_POINT('',(0.823663301344,5.555151874754,
    -5.295841401583));
#6717 = CARTESIAN_POINT('',(0.929451523731,5.434561785478,
    -5.215540573851));
#6718 = CARTESIAN_POINT('',(1.026709224685,5.394693665246,
    -5.126709224685));
#6719 = CARTESIAN_POINT('',(1.115540573851,5.434561785478,
    -5.029451523731));
#6720 = CARTESIAN_POINT('',(1.195841401583,5.555151874754,
    -4.923663301344));
#6721 = CARTESIAN_POINT('',(1.267285231092,5.759553292802,
    -4.809018080733));
#6722 = CARTESIAN_POINT('',(1.308616375025,5.955417856658,-4.72628985792
    ));
#6723 = CARTESIAN_POINT('',(1.327548950591,6.069749005049,
    -4.683192750113));
#6724 = ORIENTED_EDGE('',*,*,#6725,.T.);
#6725 = EDGE_CURVE('',#6710,#6726,#6728,.T.);
#6726 = VERTEX_POINT('',#6727);
#6727 = CARTESIAN_POINT('',(1.256876449962,6.171132486541,-4.82302253736
    ));
#6728 = B_SPLINE_CURVE_WITH_KNOTS('',3,(#6729,#6730,#6731,#6732,#6733,
    #6734,#6735,#6736,#6737,#6738,#6739,#6740,#6741,#6742,#6743,#6744,
    #6745,#6746,#6747,#6748,#6749),.UNSPECIFIED.,.F.,.F.,(4,1,1,1,1,1,1,
    1,1,1,1,1,1,1,1,1,1,1,4),(0.,5.555555555556E-02,0.111111111111,
    0.166666666667,0.222222222222,0.277777777778,0.333333333333,
    0.388888888889,0.444444444444,0.5,0.555555555556,0.611111111111,
    0.666666666667,0.722222222222,0.777777777778,0.833333333333,
    0.888888888889,0.944444444444,1.),.UNSPECIFIED.);
#6729 = CARTESIAN_POINT('',(1.327548950591,6.069749005049,
    -4.683192750113));
#6730 = CARTESIAN_POINT('',(1.327878886004,6.071741438383,
    -4.682441702692));
#6731 = CARTESIAN_POINT('',(1.328397937984,6.075713091111,
    -4.681256869917));
#6732 = CARTESIAN_POINT('',(1.328776519369,6.081628932845,
    -4.680390372632));
#6733 = CARTESIAN_POINT('',(1.328774732884,6.087433449543,-4.68039446089
    ));
#6734 = CARTESIAN_POINT('',(1.328406036839,6.093248671137,
    -4.681238335272));
#6735 = CARTESIAN_POINT('',(1.327634698415,6.099220983322,
    -4.682999192679));
#6736 = CARTESIAN_POINT('',(1.326419681076,6.105304039526,
    -4.685760206639));
#6737 = CARTESIAN_POINT('',(1.324734803285,6.111421536867,
    -4.689563546672));
#6738 = CARTESIAN_POINT('',(1.322517665297,6.117612523775,
    -4.694524598223));
#6739 = CARTESIAN_POINT('',(1.319679527283,6.123887905903,
    -4.700803825382));
#6740 = CARTESIAN_POINT('',(1.316193869361,6.130104082138,
    -4.708408715546));
#6741 = CARTESIAN_POINT('',(1.312027266089,6.136181043383,
    -4.717350975964));
#6742 = CARTESIAN_POINT('',(1.307103774255,6.142090772038,
    -4.727717901007));
#6743 = CARTESIAN_POINT('',(1.301409039001,6.147729592396,
    -4.739451316088));
#6744 = CARTESIAN_POINT('',(1.294888632335,6.153060983258,
    -4.752567014478));
#6745 = CARTESIAN_POINT('',(1.287374986526,6.158110854764,
    -4.767284084894));
#6746 = CARTESIAN_POINT('',(1.278709058918,6.162848257378,
    -4.783763270929));
#6747 = CARTESIAN_POINT('',(1.26872860695,6.167226070905,-4.802133825028
    ));
#6748 = CARTESIAN_POINT('',(1.261010668545,6.169886284653,
    -4.815835760036));
#6749 = CARTESIAN_POINT('',(1.256876449962,6.171132486541,-4.82302253736
    ));
#6750 = ORIENTED_EDGE('',*,*,#6751,.T.);
#6751 = EDGE_CURVE('',#6726,#6752,#6754,.T.);
#6752 = VERTEX_POINT('',#6753);
#6753 = CARTESIAN_POINT('',(0.72302253736,6.171132486541,-5.356876449962
    ));
#6754 = B_SPLINE_CURVE_WITH_KNOTS('',3,(#6755,#6756,#6757,#6758,#6759),
  .UNSPECIFIED.,.F.,.F.,(4,1,4),(0.,0.5,1.),.QUASI_UNIFORM_KNOTS.);
#6755 = CARTESIAN_POINT('',(1.256876449962,6.171132486541,-4.82302253736
    ));
#6756 = CARTESIAN_POINT('',(1.191891920795,6.190721156388,
    -4.935989312394));
#6757 = CARTESIAN_POINT('',(1.036669048847,6.209278843612,
    -5.136669048847));
#6758 = CARTESIAN_POINT('',(0.835989312394,6.190721156388,
    -5.291891920795));
#6759 = CARTESIAN_POINT('',(0.72302253736,6.171132486541,-5.356876449962
    ));
#6760 = ORIENTED_EDGE('',*,*,#6761,.T.);
#6761 = EDGE_CURVE('',#6752,#6708,#6762,.T.);
#6762 = B_SPLINE_CURVE_WITH_KNOTS('',3,(#6763,#6764,#6765,#6766,#6767,
    #6768,#6769,#6770,#6771,#6772,#6773,#6774,#6775,#6776,#6777,#6778,
    #6779,#6780,#6781,#6782,#6783),.UNSPECIFIED.,.F.,.F.,(4,1,1,1,1,1,1,
    1,1,1,1,1,1,1,1,1,1,1,4),(0.,5.555555555556E-02,0.111111111111,
    0.166666666667,0.222222222222,0.277777777778,0.333333333333,
    0.388888888889,0.444444444444,0.5,0.555555555556,0.611111111111,
    0.666666666667,0.722222222222,0.777777777778,0.833333333333,
    0.888888888889,0.944444444444,1.),.UNSPECIFIED.);
#6763 = CARTESIAN_POINT('',(0.72302253736,6.171132486541,-5.356876449962
    ));
#6764 = CARTESIAN_POINT('',(0.715838155318,6.1698867,-5.361009290651));
#6765 = CARTESIAN_POINT('',(0.702135468503,6.167226656918,
    -5.368727806184));
#6766 = CARTESIAN_POINT('',(0.683738068011,6.162842173194,
    -5.378722710772));
#6767 = CARTESIAN_POINT('',(0.667233036284,6.158095314575,-5.38740155412
    ));
#6768 = CARTESIAN_POINT('',(0.65250434666,6.15303756941,-5.394920178238)
  );
#6769 = CARTESIAN_POINT('',(0.639418803043,6.147714072742,
    -5.401424807931));
#6770 = CARTESIAN_POINT('',(0.627746593009,6.142103844057,
    -5.407089783714));
#6771 = CARTESIAN_POINT('',(0.617426197656,6.136226541809,
    -5.411991796586));
#6772 = CARTESIAN_POINT('',(0.608491549859,6.130164908462,
    -5.416155577811));
#6773 = CARTESIAN_POINT('',(0.600873272746,6.123952392715,
    -5.419648012751));
#6774 = CARTESIAN_POINT('',(0.59450795706,6.117602947232,-5.422525332328
    ));
#6775 = CARTESIAN_POINT('',(0.589452443386,6.111275257262,
    -5.424784320069));
#6776 = CARTESIAN_POINT('',(0.585632530881,6.105069586226,
    -5.426476034101));
#6777 = CARTESIAN_POINT('',(0.582910251865,6.098976907224,
    -5.427673716266));
#6778 = CARTESIAN_POINT('',(0.581201443192,6.093060721764,
    -5.428422161214));
#6779 = CARTESIAN_POINT('',(0.580391738057,6.087334187692,
    -5.428775920982));
#6780 = CARTESIAN_POINT('',(0.580395138632,6.081614312387,-5.4287744374)
  );
#6781 = CARTESIAN_POINT('',(0.581249438317,6.075749799551,
    -5.428401185025));
#6782 = CARTESIAN_POINT('',(0.582435051163,6.071759084043,
    -5.427881808023));
#6783 = CARTESIAN_POINT('',(0.583192750113,6.069749005049,
    -5.427548950591));
#6784 = FACE_BOUND('',#6785,.F.);
#6785 = EDGE_LOOP('',(#6786,#6804,#6830,#6840));
#6786 = ORIENTED_EDGE('',*,*,#6787,.T.);
#6787 = EDGE_CURVE('',#6788,#6790,#6792,.T.);
#6788 = VERTEX_POINT('',#6789);
#6789 = CARTESIAN_POINT('',(-1.327548950591,6.069749005049,
    -4.683192750113));
#6790 = VERTEX_POINT('',#6791);
#6791 = CARTESIAN_POINT('',(-0.583192750113,6.069749005049,
    -5.427548950591));
#6792 = B_SPLINE_CURVE_WITH_KNOTS('',3,(#6793,#6794,#6795,#6796,#6797,
    #6798,#6799,#6800,#6801,#6802,#6803),.UNSPECIFIED.,.F.,.F.,(4,1,1,1,
    1,1,1,1,4),(0.,0.125,0.25,0.375,0.5,0.625,0.75,0.875,1.),
  .QUASI_UNIFORM_KNOTS.);
#6793 = CARTESIAN_POINT('',(-1.327548950591,6.069749005049,
    -4.683192750113));
#6794 = CARTESIAN_POINT('',(-1.308616375025,5.955417856658,
    -4.72628985792));
#6795 = CARTESIAN_POINT('',(-1.267285231092,5.759553292802,
    -4.809018080733));
#6796 = CARTESIAN_POINT('',(-1.195841401583,5.555151874754,
    -4.923663301344));
#6797 = CARTESIAN_POINT('',(-1.115540573851,5.434561785478,
    -5.029451523731));
#6798 = CARTESIAN_POINT('',(-1.026709224685,5.394693665246,
    -5.126709224685));
#6799 = CARTESIAN_POINT('',(-0.929451523731,5.434561785478,
    -5.215540573851));
#6800 = CARTESIAN_POINT('',(-0.823663301344,5.555151874754,
    -5.295841401583));
#6801 = CARTESIAN_POINT('',(-0.709018080734,5.759553292802,
    -5.367285231092));
#6802 = CARTESIAN_POINT('',(-0.62628985792,5.955417856658,
    -5.408616375025));
#6803 = CARTESIAN_POINT('',(-0.583192750113,6.069749005049,
    -5.427548950591));
#6804 = ORIENTED_EDGE('',*,*,#6805,.T.);
#6805 = EDGE_CURVE('',#6790,#6806,#6808,.T.);
#6806 = VERTEX_POINT('',#6807);
#6807 = CARTESIAN_POINT('',(-0.72302253736,6.171132486541,
    -5.356876449962));
#6808 = B_SPLINE_CURVE_WITH_KNOTS('',3,(#6809,#6810,#6811,#6812,#6813,
    #6814,#6815,#6816,#6817,#6818,#6819,#6820,#6821,#6822,#6823,#6824,
    #6825,#6826,#6827,#6828,#6829),.UNSPECIFIED.,.F.,.F.,(4,1,1,1,1,1,1,
    1,1,1,1,1,1,1,1,1,1,1,4),(0.,5.555555555556E-02,0.111111111111,
    0.166666666667,0.222222222222,0.277777777778,0.333333333333,
    0.388888888889,0.444444444444,0.5,0.555555555556,0.611111111111,
    0.666666666667,0.722222222222,0.777777777778,0.833333333333,
    0.888888888889,0.944444444444,1.),.UNSPECIFIED.);
#6809 = CARTESIAN_POINT('',(-0.583192750113,6.069749005049,
    -5.427548950591));
#6810 = CARTESIAN_POINT('',(-0.582434255509,6.071761194812,
    -5.427882157554));
#6811 = CARTESIAN_POINT('',(-0.581247942633,6.075755616176,
    -5.428401839372));
#6812 = CARTESIAN_POINT('',(-0.5803943981,6.081623062142,-5.428774760673
    ));
#6813 = CARTESIAN_POINT('',(-0.580392402503,6.087344802485,
    -5.428775630931));
#6814 = CARTESIAN_POINT('',(-0.581204042246,6.093073466264,
    -5.428421024937));
#6815 = CARTESIAN_POINT('',(-0.582916091345,6.098993451685,
    -5.427671155106));
#6816 = CARTESIAN_POINT('',(-0.58564383985,6.105091609546,
    -5.426471047776));
#6817 = CARTESIAN_POINT('',(-0.589473124115,6.111305398505,
    -5.424775134331));
#6818 = CARTESIAN_POINT('',(-0.59454312989,6.117642732695,-5.42250954753
    ));
#6819 = CARTESIAN_POINT('',(-0.600923900403,6.123998298684,
    -5.419624992724));
#6820 = CARTESIAN_POINT('',(-0.60855919907,6.130215529321,
    -5.416124349837));
#6821 = CARTESIAN_POINT('',(-0.617514656156,6.136281719083,
    -5.411950224537));
#6822 = CARTESIAN_POINT('',(-0.627851438636,6.142158625206,
    -5.407039470992));
#6823 = CARTESIAN_POINT('',(-0.639531748182,6.147763750438,
    -5.401369324108));
#6824 = CARTESIAN_POINT('',(-0.652615243644,6.153078630538,
    -5.394864265816));
#6825 = CARTESIAN_POINT('',(-0.667332650427,6.158126146093,
    -5.387349841357));
#6826 = CARTESIAN_POINT('',(-0.683815746102,6.16286196276,
    -5.378681019108));
#6827 = CARTESIAN_POINT('',(-0.702180637573,6.167235774495,
    -5.368702558779));
#6828 = CARTESIAN_POINT('',(-0.715854363052,6.169889510454,
    -5.360999967096));
#6829 = CARTESIAN_POINT('',(-0.72302253736,6.171132486541,
    -5.356876449962));
#6830 = ORIENTED_EDGE('',*,*,#6831,.T.);
#6831 = EDGE_CURVE('',#6806,#6832,#6834,.T.);
#6832 = VERTEX_POINT('',#6833);
#6833 = CARTESIAN_POINT('',(-1.256876449962,6.171132486541,
    -4.82302253736));
#6834 = B_SPLINE_CURVE_WITH_KNOTS('',3,(#6835,#6836,#6837,#6838,#6839),
  .UNSPECIFIED.,.F.,.F.,(4,1,4),(0.,0.5,1.),.QUASI_UNIFORM_KNOTS.);
#6835 = CARTESIAN_POINT('',(-0.72302253736,6.171132486541,
    -5.356876449962));
#6836 = CARTESIAN_POINT('',(-0.835989312394,6.190721156388,
    -5.291891920795));
#6837 = CARTESIAN_POINT('',(-1.036669048847,6.209278843612,
    -5.136669048847));
#6838 = CARTESIAN_POINT('',(-1.191891920795,6.190721156388,
    -4.935989312394));
#6839 = CARTESIAN_POINT('',(-1.256876449962,6.171132486541,
    -4.82302253736));
#6840 = ORIENTED_EDGE('',*,*,#6841,.T.);
#6841 = EDGE_CURVE('',#6832,#6788,#6842,.T.);
#6842 = B_SPLINE_CURVE_WITH_KNOTS('',3,(#6843,#6844,#6845,#6846,#6847,
    #6848,#6849,#6850,#6851,#6852,#6853,#6854,#6855,#6856,#6857,#6858,
    #6859,#6860,#6861,#6862,#6863),.UNSPECIFIED.,.F.,.F.,(4,1,1,1,1,1,1,
    1,1,1,1,1,1,1,1,1,1,1,4),(0.,5.555555555556E-02,0.111111111111,
    0.166666666667,0.222222222222,0.277777777778,0.333333333333,
    0.388888888889,0.444444444444,0.5,0.555555555556,0.611111111111,
    0.666666666667,0.722222222222,0.777777777778,0.833333333333,
    0.888888888889,0.944444444444,1.),.UNSPECIFIED.);
#6843 = CARTESIAN_POINT('',(-1.256876449962,6.171132486541,
    -4.82302253736));
#6844 = CARTESIAN_POINT('',(-1.261019723179,6.169883555261,
    -4.815820019785));
#6845 = CARTESIAN_POINT('',(-1.268753230039,6.167217187315,
    -4.80208977849));
#6846 = CARTESIAN_POINT('',(-1.278750337973,6.162828664999,
    -4.783686362407));
#6847 = CARTESIAN_POINT('',(-1.287426425059,6.158080170784,
    -4.767184990885));
#6848 = CARTESIAN_POINT('',(-1.29494400589,6.153020255631,
    -4.752457162849));
#6849 = CARTESIAN_POINT('',(-1.301462600695,6.14768147175,-4.73934223424
    ));
#6850 = CARTESIAN_POINT('',(-1.30714990883,6.142040205833,
    -4.727621689391));
#6851 = CARTESIAN_POINT('',(-1.312062527421,6.136133895136,
    -4.717275890561));
#6852 = CARTESIAN_POINT('',(-1.3162193051,6.130062619363,-4.708353590189
    ));
#6853 = CARTESIAN_POINT('',(-1.319697778095,6.123851346908,
    -4.700763676129));
#6854 = CARTESIAN_POINT('',(-1.322530662185,6.117579983552,
    -4.694495649075));
#6855 = CARTESIAN_POINT('',(-1.324743825373,6.111392627897,
    -4.689543251638));
#6856 = CARTESIAN_POINT('',(-1.326425643068,6.105278472093,
    -4.68574669231));
#6857 = CARTESIAN_POINT('',(-1.327638141987,6.099199321338,
    -4.682991343025));
#6858 = CARTESIAN_POINT('',(-1.328407539758,6.093231878203,
    -4.681234897369));
#6859 = CARTESIAN_POINT('',(-1.328775021452,6.087421349191,
    -4.680393799795));
#6860 = CARTESIAN_POINT('',(-1.328776182087,6.081621236643,
    -4.680391145161));
#6861 = CARTESIAN_POINT('',(-1.328397509054,6.075709565521,
    -4.681257849995));
#6862 = CARTESIAN_POINT('',(-1.327878698378,6.071740305337,
    -4.682442129793));
#6863 = CARTESIAN_POINT('',(-1.327548950591,6.069749005049,
    -4.683192750113));
#6864 = CYLINDRICAL_SURFACE('',#6865,1.45);
#6865 = AXIS2_PLACEMENT_3D('',#6866,#6867,#6868);
#6866 = CARTESIAN_POINT('',(0.,6.3,-4.1));
#6867 = DIRECTION('',(0.,1.,0.));
#6868 = DIRECTION('',(-1.,0.,0.));
#6869 = ADVANCED_FACE('',(#6870),#6879,.T.);
#6870 = FACE_BOUND('',#6871,.F.);
#6871 = EDGE_LOOP('',(#6872,#6878));
#6872 = ORIENTED_EDGE('',*,*,#6873,.T.);
#6873 = EDGE_CURVE('',#6502,#6442,#6874,.T.);
#6874 = LINE('',#6875,#6876);
#6875 = CARTESIAN_POINT('',(1.418626095911,5.04641,-4.4));
#6876 = VECTOR('',#6877,1.);
#6877 = DIRECTION('',(-1.,0.,0.));
#6878 = ORIENTED_EDGE('',*,*,#6694,.F.);
#6879 = PLANE('',#6880);
#6880 = AXIS2_PLACEMENT_3D('',#6881,#6882,#6883);
#6881 = CARTESIAN_POINT('',(1.75,5.04641,0.));
#6882 = DIRECTION('',(0.,1.,0.));
#6883 = DIRECTION('',(-1.,0.,0.));
#6884 = ADVANCED_FACE('',(#6885),#6894,.T.);
#6885 = FACE_BOUND('',#6886,.F.);
#6886 = EDGE_LOOP('',(#6887,#6893));
#6887 = ORIENTED_EDGE('',*,*,#6888,.T.);
#6888 = EDGE_CURVE('',#6468,#6476,#6889,.T.);
#6889 = LINE('',#6890,#6891);
#6890 = CARTESIAN_POINT('',(-1.418626095911,5.04641,-3.8));
#6891 = VECTOR('',#6892,1.);
#6892 = DIRECTION('',(1.,0.,0.));
#6893 = ORIENTED_EDGE('',*,*,#6475,.F.);
#6894 = PLANE('',#6895);
#6895 = AXIS2_PLACEMENT_3D('',#6896,#6897,#6898);
#6896 = CARTESIAN_POINT('',(1.75,5.04641,0.));
#6897 = DIRECTION('',(0.,1.,0.));
#6898 = DIRECTION('',(-1.,0.,0.));
#6899 = ADVANCED_FACE('',(#6900),#6911,.F.);
#6900 = FACE_BOUND('',#6901,.F.);
#6901 = EDGE_LOOP('',(#6902,#6903,#6909,#6910));
#6902 = ORIENTED_EDGE('',*,*,#6501,.T.);
#6903 = ORIENTED_EDGE('',*,*,#6904,.F.);
#6904 = EDGE_CURVE('',#6451,#6493,#6905,.T.);
#6905 = LINE('',#6906,#6907);
#6906 = CARTESIAN_POINT('',(-1.418626095911,4.44641,-4.4));
#6907 = VECTOR('',#6908,1.);
#6908 = DIRECTION('',(1.,0.,0.));
#6909 = ORIENTED_EDGE('',*,*,#6450,.F.);
#6910 = ORIENTED_EDGE('',*,*,#6873,.F.);
#6911 = PLANE('',#6912);
#6912 = AXIS2_PLACEMENT_3D('',#6913,#6914,#6915);
#6913 = CARTESIAN_POINT('',(1.418626095911,5.04641,-4.4));
#6914 = DIRECTION('',(0.,0.,-1.));
#6915 = DIRECTION('',(-1.,0.,0.));
#6916 = ADVANCED_FACE('',(#6917),#6928,.T.);
#6917 = FACE_BOUND('',#6918,.F.);
#6918 = EDGE_LOOP('',(#6919,#6920,#6926,#6927));
#6919 = ORIENTED_EDGE('',*,*,#6492,.T.);
#6920 = ORIENTED_EDGE('',*,*,#6921,.T.);
#6921 = EDGE_CURVE('',#6485,#6459,#6922,.T.);
#6922 = LINE('',#6923,#6924);
#6923 = CARTESIAN_POINT('',(1.418626095911,4.44641,-3.8));
#6924 = VECTOR('',#6925,1.);
#6925 = DIRECTION('',(-1.,0.,0.));
#6926 = ORIENTED_EDGE('',*,*,#6458,.T.);
#6927 = ORIENTED_EDGE('',*,*,#6904,.T.);
#6928 = PLANE('',#6929);
#6929 = AXIS2_PLACEMENT_3D('',#6930,#6931,#6932);
#6930 = CARTESIAN_POINT('',(1.75,4.44641,0.));
#6931 = DIRECTION('',(0.,1.,0.));
#6932 = DIRECTION('',(-1.,0.,0.));
#6933 = ADVANCED_FACE('',(#6934),#6940,.F.);
#6934 = FACE_BOUND('',#6935,.F.);
#6935 = EDGE_LOOP('',(#6936,#6937,#6938,#6939));
#6936 = ORIENTED_EDGE('',*,*,#6484,.F.);
#6937 = ORIENTED_EDGE('',*,*,#6888,.F.);
#6938 = ORIENTED_EDGE('',*,*,#6467,.T.);
#6939 = ORIENTED_EDGE('',*,*,#6921,.F.);
#6940 = PLANE('',#6941);
#6941 = AXIS2_PLACEMENT_3D('',#6942,#6943,#6944);
#6942 = CARTESIAN_POINT('',(-1.418626095911,5.04641,-3.8));
#6943 = DIRECTION('',(0.,0.,1.));
#6944 = DIRECTION('',(1.,0.,-0.));
#6945 = ADVANCED_FACE('',(#6946),#6955,.T.);
#6946 = FACE_BOUND('',#6947,.F.);
#6947 = EDGE_LOOP('',(#6948,#6954));
#6948 = ORIENTED_EDGE('',*,*,#6949,.F.);
#6949 = EDGE_CURVE('',#6710,#6708,#6950,.T.);
#6950 = LINE('',#6951,#6952);
#6951 = CARTESIAN_POINT('',(1.327548950591,6.069749005049,
    -4.683192750113));
#6952 = VECTOR('',#6953,1.);
#6953 = DIRECTION('',(-0.707106781187,0.,-0.707106781187));
#6954 = ORIENTED_EDGE('',*,*,#6707,.F.);
#6955 = PLANE('',#6956);
#6956 = AXIS2_PLACEMENT_3D('',#6957,#6958,#6959);
#6957 = CARTESIAN_POINT('',(1.55563491861,5.407983038656,-4.594974746831
    ));
#6958 = DIRECTION('',(-0.699339823684,-0.14780941113,0.699339823684));
#6959 = DIRECTION('',(-0.104517036933,0.989015863362,0.104517036933));
#6960 = ADVANCED_FACE('',(#6961),#6972,.T.);
#6961 = FACE_BOUND('',#6962,.T.);
#6962 = EDGE_LOOP('',(#6963,#6964,#6970,#6971));
#6963 = ORIENTED_EDGE('',*,*,#6725,.T.);
#6964 = ORIENTED_EDGE('',*,*,#6965,.T.);
#6965 = EDGE_CURVE('',#6726,#6752,#6966,.T.);
#6966 = LINE('',#6967,#6968);
#6967 = CARTESIAN_POINT('',(1.256876449962,6.171132486541,-4.82302253736
    ));
#6968 = VECTOR('',#6969,1.);
#6969 = DIRECTION('',(-0.707106781187,0.,-0.707106781187));
#6970 = ORIENTED_EDGE('',*,*,#6761,.T.);
#6971 = ORIENTED_EDGE('',*,*,#6949,.F.);
#6972 = CYLINDRICAL_SURFACE('',#6973,0.1);
#6973 = AXIS2_PLACEMENT_3D('',#6974,#6975,#6976);
#6974 = CARTESIAN_POINT('',(1.55563491861,6.084529946162,-4.594974746831
    ));
#6975 = DIRECTION('',(-0.707106781187,0.,-0.707106781187));
#6976 = DIRECTION('',(0.,-1.,-0.));
#6977 = ADVANCED_FACE('',(#6978),#6982,.T.);
#6978 = FACE_BOUND('',#6979,.F.);
#6979 = EDGE_LOOP('',(#6980,#6981));
#6980 = ORIENTED_EDGE('',*,*,#6965,.T.);
#6981 = ORIENTED_EDGE('',*,*,#6751,.F.);
#6982 = PLANE('',#6983);
#6983 = AXIS2_PLACEMENT_3D('',#6984,#6985,#6986);
#6984 = CARTESIAN_POINT('',(1.520279579551,6.171132486541,
    -4.559619407771));
#6985 = DIRECTION('',(-0.353553390593,0.866025403784,0.353553390593));
#6986 = DIRECTION('',(0.612372435696,0.5,-0.612372435696));
#6987 = ADVANCED_FACE('',(#6988),#6997,.T.);
#6988 = FACE_BOUND('',#6989,.F.);
#6989 = EDGE_LOOP('',(#6990,#6996));
#6990 = ORIENTED_EDGE('',*,*,#6991,.F.);
#6991 = EDGE_CURVE('',#6790,#6788,#6992,.T.);
#6992 = LINE('',#6993,#6994);
#6993 = CARTESIAN_POINT('',(-0.583192750113,6.069749005049,
    -5.427548950591));
#6994 = VECTOR('',#6995,1.);
#6995 = DIRECTION('',(-0.707106781187,0.,0.707106781187));
#6996 = ORIENTED_EDGE('',*,*,#6787,.F.);
#6997 = PLANE('',#6998);
#6998 = AXIS2_PLACEMENT_3D('',#6999,#7000,#7001);
#6999 = CARTESIAN_POINT('',(-0.494974746831,5.407983038656,
    -5.65563491861));
#7000 = DIRECTION('',(0.699339823684,-0.14780941113,0.699339823684));
#7001 = DIRECTION('',(0.104517036933,0.989015863362,0.104517036933));
#7002 = ADVANCED_FACE('',(#7003),#7014,.T.);
#7003 = FACE_BOUND('',#7004,.T.);
#7004 = EDGE_LOOP('',(#7005,#7006,#7012,#7013));
#7005 = ORIENTED_EDGE('',*,*,#6805,.T.);
#7006 = ORIENTED_EDGE('',*,*,#7007,.T.);
#7007 = EDGE_CURVE('',#6806,#6832,#7008,.T.);
#7008 = LINE('',#7009,#7010);
#7009 = CARTESIAN_POINT('',(-0.72302253736,6.171132486541,
    -5.356876449962));
#7010 = VECTOR('',#7011,1.);
#7011 = DIRECTION('',(-0.707106781187,0.,0.707106781187));
#7012 = ORIENTED_EDGE('',*,*,#6841,.T.);
#7013 = ORIENTED_EDGE('',*,*,#6991,.F.);
#7014 = CYLINDRICAL_SURFACE('',#7015,0.1);
#7015 = AXIS2_PLACEMENT_3D('',#7016,#7017,#7018);
#7016 = CARTESIAN_POINT('',(-0.494974746831,6.084529946162,
    -5.65563491861));
#7017 = DIRECTION('',(-0.707106781187,0.,0.707106781187));
#7018 = DIRECTION('',(0.,-1.,0.));
#7019 = ADVANCED_FACE('',(#7020),#7024,.T.);
#7020 = FACE_BOUND('',#7021,.F.);
#7021 = EDGE_LOOP('',(#7022,#7023));
#7022 = ORIENTED_EDGE('',*,*,#7007,.T.);
#7023 = ORIENTED_EDGE('',*,*,#6831,.F.);
#7024 = PLANE('',#7025);
#7025 = AXIS2_PLACEMENT_3D('',#7026,#7027,#7028);
#7026 = CARTESIAN_POINT('',(-0.459619407771,6.171132486541,
    -5.620279579551));
#7027 = DIRECTION('',(0.353553390593,0.866025403784,0.353553390593));
#7028 = DIRECTION('',(-0.612372435696,0.5,-0.612372435696));
#7029 = ADVANCED_FACE('',(#7030),#7039,.T.);
#7030 = FACE_BOUND('',#7031,.F.);
#7031 = EDGE_LOOP('',(#7032,#7038));
#7032 = ORIENTED_EDGE('',*,*,#7033,.F.);
#7033 = EDGE_CURVE('',#6530,#6528,#7034,.T.);
#7034 = LINE('',#7035,#7036);
#7035 = CARTESIAN_POINT('',(0.583192750113,6.069749005049,
    -2.772451049409));
#7036 = VECTOR('',#7037,1.);
#7037 = DIRECTION('',(0.707106781187,0.,-0.707106781187));
#7038 = ORIENTED_EDGE('',*,*,#6527,.F.);
#7039 = PLANE('',#7040);
#7040 = AXIS2_PLACEMENT_3D('',#7041,#7042,#7043);
#7041 = CARTESIAN_POINT('',(0.494974746831,5.407983038656,-2.54436508139
    ));
#7042 = DIRECTION('',(-0.699339823684,-0.14780941113,-0.699339823684));
#7043 = DIRECTION('',(-0.104517036933,0.989015863362,-0.104517036933));
#7044 = ADVANCED_FACE('',(#7045),#7056,.T.);
#7045 = FACE_BOUND('',#7046,.T.);
#7046 = EDGE_LOOP('',(#7047,#7048,#7054,#7055));
#7047 = ORIENTED_EDGE('',*,*,#6545,.T.);
#7048 = ORIENTED_EDGE('',*,*,#7049,.T.);
#7049 = EDGE_CURVE('',#6546,#6572,#7050,.T.);
#7050 = LINE('',#7051,#7052);
#7051 = CARTESIAN_POINT('',(0.72302253736,6.171132486541,-2.843123550038
    ));
#7052 = VECTOR('',#7053,1.);
#7053 = DIRECTION('',(0.707106781187,0.,-0.707106781187));
#7054 = ORIENTED_EDGE('',*,*,#6581,.T.);
#7055 = ORIENTED_EDGE('',*,*,#7033,.F.);
#7056 = CYLINDRICAL_SURFACE('',#7057,0.1);
#7057 = AXIS2_PLACEMENT_3D('',#7058,#7059,#7060);
#7058 = CARTESIAN_POINT('',(0.494974746831,6.084529946162,-2.54436508139
    ));
#7059 = DIRECTION('',(0.707106781187,0.,-0.707106781187));
#7060 = DIRECTION('',(0.,-1.,0.));
#7061 = ADVANCED_FACE('',(#7062),#7066,.T.);
#7062 = FACE_BOUND('',#7063,.F.);
#7063 = EDGE_LOOP('',(#7064,#7065));
#7064 = ORIENTED_EDGE('',*,*,#7049,.T.);
#7065 = ORIENTED_EDGE('',*,*,#6571,.F.);
#7066 = PLANE('',#7067);
#7067 = AXIS2_PLACEMENT_3D('',#7068,#7069,#7070);
#7068 = CARTESIAN_POINT('',(0.459619407771,6.171132486541,
    -2.579720420449));
#7069 = DIRECTION('',(-0.353553390593,0.866025403784,-0.353553390593));
#7070 = DIRECTION('',(0.612372435696,0.5,0.612372435696));
#7071 = ADVANCED_FACE('',(#7072),#7081,.T.);
#7072 = FACE_BOUND('',#7073,.F.);
#7073 = EDGE_LOOP('',(#7074,#7080));
#7074 = ORIENTED_EDGE('',*,*,#7075,.F.);
#7075 = EDGE_CURVE('',#6610,#6608,#7076,.T.);
#7076 = LINE('',#7077,#7078);
#7077 = CARTESIAN_POINT('',(-1.327548950591,6.069749005049,
    -3.516807249887));
#7078 = VECTOR('',#7079,1.);
#7079 = DIRECTION('',(0.707106781187,0.,0.707106781187));
#7080 = ORIENTED_EDGE('',*,*,#6607,.F.);
#7081 = PLANE('',#7082);
#7082 = AXIS2_PLACEMENT_3D('',#7083,#7084,#7085);
#7083 = CARTESIAN_POINT('',(-1.55563491861,5.407983038656,
    -3.605025253169));
#7084 = DIRECTION('',(0.699339823684,-0.14780941113,-0.699339823684));
#7085 = DIRECTION('',(0.104517036933,0.989015863362,-0.104517036933));
#7086 = ADVANCED_FACE('',(#7087),#7098,.T.);
#7087 = FACE_BOUND('',#7088,.T.);
#7088 = EDGE_LOOP('',(#7089,#7090,#7096,#7097));
#7089 = ORIENTED_EDGE('',*,*,#6625,.T.);
#7090 = ORIENTED_EDGE('',*,*,#7091,.T.);
#7091 = EDGE_CURVE('',#6626,#6652,#7092,.T.);
#7092 = LINE('',#7093,#7094);
#7093 = CARTESIAN_POINT('',(-1.256876449962,6.171132486541,
    -3.37697746264));
#7094 = VECTOR('',#7095,1.);
#7095 = DIRECTION('',(0.707106781187,0.,0.707106781187));
#7096 = ORIENTED_EDGE('',*,*,#6661,.T.);
#7097 = ORIENTED_EDGE('',*,*,#7075,.F.);
#7098 = CYLINDRICAL_SURFACE('',#7099,0.1);
#7099 = AXIS2_PLACEMENT_3D('',#7100,#7101,#7102);
#7100 = CARTESIAN_POINT('',(-1.55563491861,6.084529946162,
    -3.605025253169));
#7101 = DIRECTION('',(0.707106781187,0.,0.707106781187));
#7102 = DIRECTION('',(0.,-1.,0.));
#7103 = ADVANCED_FACE('',(#7104),#7108,.T.);
#7104 = FACE_BOUND('',#7105,.F.);
#7105 = EDGE_LOOP('',(#7106,#7107));
#7106 = ORIENTED_EDGE('',*,*,#7091,.T.);
#7107 = ORIENTED_EDGE('',*,*,#6651,.F.);
#7108 = PLANE('',#7109);
#7109 = AXIS2_PLACEMENT_3D('',#7110,#7111,#7112);
#7110 = CARTESIAN_POINT('',(-1.520279579551,6.171132486541,
    -3.640380592229));
#7111 = DIRECTION('',(0.353553390593,0.866025403784,-0.353553390593));
#7112 = DIRECTION('',(-0.612372435696,0.5,0.612372435696));
#7113 = ADVANCED_FACE('',(#7114,#7208,#7288),#7368,.F.);
#7114 = FACE_BOUND('',#7115,.F.);
#7115 = EDGE_LOOP('',(#7116,#7124,#7133,#7141,#7150,#7158,#7167,#7175,
    #7184,#7192,#7201,#7207));
#7116 = ORIENTED_EDGE('',*,*,#7117,.T.);
#7117 = EDGE_CURVE('',#5000,#7118,#7120,.T.);
#7118 = VERTEX_POINT('',#7119);
#7119 = CARTESIAN_POINT('',(-4.95,5.04641,-4.1));
#7120 = LINE('',#7121,#7122);
#7121 = CARTESIAN_POINT('',(-4.95,6.3,-4.1));
#7122 = VECTOR('',#7123,1.);
#7123 = DIRECTION('',(0.,-1.,0.));
#7124 = ORIENTED_EDGE('',*,*,#7125,.F.);
#7125 = EDGE_CURVE('',#7126,#7118,#7128,.T.);
#7126 = VERTEX_POINT('',#7127);
#7127 = CARTESIAN_POINT('',(-4.918626095911,5.04641,-4.4));
#7128 = CIRCLE('',#7129,1.45);
#7129 = AXIS2_PLACEMENT_3D('',#7130,#7131,#7132);
#7130 = CARTESIAN_POINT('',(-3.5,5.04641,-4.1));
#7131 = DIRECTION('',(0.,1.,0.));
#7132 = DIRECTION('',(-0.978362824766,0.,-0.206896551724));
#7133 = ORIENTED_EDGE('',*,*,#7134,.T.);
#7134 = EDGE_CURVE('',#7126,#7135,#7137,.T.);
#7135 = VERTEX_POINT('',#7136);
#7136 = CARTESIAN_POINT('',(-4.918626095911,4.44641,-4.4));
#7137 = LINE('',#7138,#7139);
#7138 = CARTESIAN_POINT('',(-4.918626095911,5.04641,-4.4));
#7139 = VECTOR('',#7140,1.);
#7140 = DIRECTION('',(0.,-1.,0.));
#7141 = ORIENTED_EDGE('',*,*,#7142,.F.);
#7142 = EDGE_CURVE('',#7143,#7135,#7145,.T.);
#7143 = VERTEX_POINT('',#7144);
#7144 = CARTESIAN_POINT('',(-4.918626095911,4.44641,-3.8));
#7145 = CIRCLE('',#7146,1.45);
#7146 = AXIS2_PLACEMENT_3D('',#7147,#7148,#7149);
#7147 = CARTESIAN_POINT('',(-3.5,4.44641,-4.1));
#7148 = DIRECTION('',(0.,-1.,0.));
#7149 = DIRECTION('',(-0.978362824766,0.,0.206896551724));
#7150 = ORIENTED_EDGE('',*,*,#7151,.F.);
#7151 = EDGE_CURVE('',#7152,#7143,#7154,.T.);
#7152 = VERTEX_POINT('',#7153);
#7153 = CARTESIAN_POINT('',(-4.918626095911,5.04641,-3.8));
#7154 = LINE('',#7155,#7156);
#7155 = CARTESIAN_POINT('',(-4.918626095911,5.04641,-3.8));
#7156 = VECTOR('',#7157,1.);
#7157 = DIRECTION('',(0.,-1.,0.));
#7158 = ORIENTED_EDGE('',*,*,#7159,.T.);
#7159 = EDGE_CURVE('',#7152,#7160,#7162,.T.);
#7160 = VERTEX_POINT('',#7161);
#7161 = CARTESIAN_POINT('',(-2.081373904089,5.04641,-3.8));
#7162 = CIRCLE('',#7163,1.45);
#7163 = AXIS2_PLACEMENT_3D('',#7164,#7165,#7166);
#7164 = CARTESIAN_POINT('',(-3.5,5.04641,-4.1));
#7165 = DIRECTION('',(0.,1.,0.));
#7166 = DIRECTION('',(-0.978362824766,0.,0.206896551724));
#7167 = ORIENTED_EDGE('',*,*,#7168,.T.);
#7168 = EDGE_CURVE('',#7160,#7169,#7171,.T.);
#7169 = VERTEX_POINT('',#7170);
#7170 = CARTESIAN_POINT('',(-2.081373904089,4.44641,-3.8));
#7171 = LINE('',#7172,#7173);
#7172 = CARTESIAN_POINT('',(-2.081373904089,5.04641,-3.8));
#7173 = VECTOR('',#7174,1.);
#7174 = DIRECTION('',(0.,-1.,0.));
#7175 = ORIENTED_EDGE('',*,*,#7176,.F.);
#7176 = EDGE_CURVE('',#7177,#7169,#7179,.T.);
#7177 = VERTEX_POINT('',#7178);
#7178 = CARTESIAN_POINT('',(-2.081373904089,4.44641,-4.4));
#7179 = CIRCLE('',#7180,1.45);
#7180 = AXIS2_PLACEMENT_3D('',#7181,#7182,#7183);
#7181 = CARTESIAN_POINT('',(-3.5,4.44641,-4.1));
#7182 = DIRECTION('',(0.,-1.,0.));
#7183 = DIRECTION('',(0.978362824766,0.,-0.206896551724));
#7184 = ORIENTED_EDGE('',*,*,#7185,.F.);
#7185 = EDGE_CURVE('',#7186,#7177,#7188,.T.);
#7186 = VERTEX_POINT('',#7187);
#7187 = CARTESIAN_POINT('',(-2.081373904089,5.04641,-4.4));
#7188 = LINE('',#7189,#7190);
#7189 = CARTESIAN_POINT('',(-2.081373904089,5.04641,-4.4));
#7190 = VECTOR('',#7191,1.);
#7191 = DIRECTION('',(0.,-1.,0.));
#7192 = ORIENTED_EDGE('',*,*,#7193,.F.);
#7193 = EDGE_CURVE('',#7194,#7186,#7196,.T.);
#7194 = VERTEX_POINT('',#7195);
#7195 = CARTESIAN_POINT('',(-2.05,5.04641,-4.1));
#7196 = CIRCLE('',#7197,1.45);
#7197 = AXIS2_PLACEMENT_3D('',#7198,#7199,#7200);
#7198 = CARTESIAN_POINT('',(-3.5,5.04641,-4.1));
#7199 = DIRECTION('',(-0.,1.,0.));
#7200 = DIRECTION('',(1.,0.,0.));
#7201 = ORIENTED_EDGE('',*,*,#7202,.F.);
#7202 = EDGE_CURVE('',#5002,#7194,#7203,.T.);
#7203 = LINE('',#7204,#7205);
#7204 = CARTESIAN_POINT('',(-2.05,6.3,-4.1));
#7205 = VECTOR('',#7206,1.);
#7206 = DIRECTION('',(0.,-1.,0.));
#7207 = ORIENTED_EDGE('',*,*,#4999,.F.);
#7208 = FACE_BOUND('',#7209,.F.);
#7209 = EDGE_LOOP('',(#7210,#7228,#7254,#7264));
#7210 = ORIENTED_EDGE('',*,*,#7211,.T.);
#7211 = EDGE_CURVE('',#7212,#7214,#7216,.T.);
#7212 = VERTEX_POINT('',#7213);
#7213 = CARTESIAN_POINT('',(-2.172451049409,6.069749005049,
    -3.516807249887));
#7214 = VERTEX_POINT('',#7215);
#7215 = CARTESIAN_POINT('',(-2.916807249887,6.069749005049,
    -2.772451049409));
#7216 = B_SPLINE_CURVE_WITH_KNOTS('',3,(#7217,#7218,#7219,#7220,#7221,
    #7222,#7223,#7224,#7225,#7226,#7227),.UNSPECIFIED.,.F.,.F.,(4,1,1,1,
    1,1,1,1,4),(0.,0.125,0.25,0.375,0.5,0.625,0.75,0.875,1.),
  .QUASI_UNIFORM_KNOTS.);
#7217 = CARTESIAN_POINT('',(-2.172451049409,6.069749005049,
    -3.516807249887));
#7218 = CARTESIAN_POINT('',(-2.191383624975,5.955417856658,
    -3.47371014208));
#7219 = CARTESIAN_POINT('',(-2.232714768908,5.759553292802,
    -3.390981919267));
#7220 = CARTESIAN_POINT('',(-2.304158598417,5.555151874754,
    -3.276336698656));
#7221 = CARTESIAN_POINT('',(-2.384459426149,5.434561785478,
    -3.170548476269));
#7222 = CARTESIAN_POINT('',(-2.473290775315,5.394693665246,
    -3.073290775315));
#7223 = CARTESIAN_POINT('',(-2.570548476269,5.434561785478,
    -2.984459426149));
#7224 = CARTESIAN_POINT('',(-2.676336698656,5.555151874754,
    -2.904158598417));
#7225 = CARTESIAN_POINT('',(-2.790981919267,5.759553292802,
    -2.832714768908));
#7226 = CARTESIAN_POINT('',(-2.87371014208,5.955417856658,
    -2.791383624975));
#7227 = CARTESIAN_POINT('',(-2.916807249887,6.069749005049,
    -2.772451049409));
#7228 = ORIENTED_EDGE('',*,*,#7229,.T.);
#7229 = EDGE_CURVE('',#7214,#7230,#7232,.T.);
#7230 = VERTEX_POINT('',#7231);
#7231 = CARTESIAN_POINT('',(-2.77697746264,6.171132486541,
    -2.843123550038));
#7232 = B_SPLINE_CURVE_WITH_KNOTS('',3,(#7233,#7234,#7235,#7236,#7237,
    #7238,#7239,#7240,#7241,#7242,#7243,#7244,#7245,#7246,#7247,#7248,
    #7249,#7250,#7251,#7252,#7253),.UNSPECIFIED.,.F.,.F.,(4,1,1,1,1,1,1,
    1,1,1,1,1,1,1,1,1,1,1,4),(0.,5.555555555556E-02,0.111111111111,
    0.166666666667,0.222222222222,0.277777777778,0.333333333333,
    0.388888888889,0.444444444444,0.5,0.555555555556,0.611111111111,
    0.666666666667,0.722222222222,0.777777777778,0.833333333333,
    0.888888888889,0.944444444444,1.),.UNSPECIFIED.);
#7233 = CARTESIAN_POINT('',(-2.916807249887,6.069749005049,
    -2.772451049409));
#7234 = CARTESIAN_POINT('',(-2.917538861332,6.071689877208,
    -2.772129652228));
#7235 = CARTESIAN_POINT('',(-2.918704088403,6.07557226912,
    -2.771619145342));
#7236 = CARTESIAN_POINT('',(-2.919586101581,6.081356149355,
    -2.771233751875));
#7237 = CARTESIAN_POINT('',(-2.919624690862,6.087174957699,
    -2.771216905138));
#7238 = CARTESIAN_POINT('',(-2.918819398038,6.092964725063,
    -2.771568724255));
#7239 = CARTESIAN_POINT('',(-2.917133318298,6.098852392257,
    -2.772307174438));
#7240 = CARTESIAN_POINT('',(-2.914448960727,6.104910544273,
    -2.773488035166));
#7241 = CARTESIAN_POINT('',(-2.910702646556,6.111045747956,
    -2.775146826094));
#7242 = CARTESIAN_POINT('',(-2.905785395717,6.11726752517,
    -2.777343093762));
#7243 = CARTESIAN_POINT('',(-2.89954171286,6.123576878326,
    -2.780163277593));
#7244 = CARTESIAN_POINT('',(-2.891955972813,6.129833648009,
    -2.783637648665));
#7245 = CARTESIAN_POINT('',(-2.883019971171,6.135951354583,
    -2.78779826445));
#7246 = CARTESIAN_POINT('',(-2.872647852115,6.141900603007,
    -2.792720598667));
#7247 = CARTESIAN_POINT('',(-2.860891429991,6.147579416418,
    -2.798422496651));
#7248 = CARTESIAN_POINT('',(-2.847740395157,6.152947424908,
    -2.804956318309));
#7249 = CARTESIAN_POINT('',(-2.832975627242,6.158030593989,
    -2.812490154146));
#7250 = CARTESIAN_POINT('',(-2.816431401921,6.162798697266,
    -2.821186442463));
#7251 = CARTESIAN_POINT('',(-2.797976808944,6.167203758263,
    -2.831209544856));
#7252 = CARTESIAN_POINT('',(-2.784203417332,6.169879491217,
    -2.838966794538));
#7253 = CARTESIAN_POINT('',(-2.77697746264,6.171132486541,
    -2.843123550038));
#7254 = ORIENTED_EDGE('',*,*,#7255,.T.);
#7255 = EDGE_CURVE('',#7230,#7256,#7258,.T.);
#7256 = VERTEX_POINT('',#7257);
#7257 = CARTESIAN_POINT('',(-2.243123550038,6.171132486541,
    -3.37697746264));
#7258 = B_SPLINE_CURVE_WITH_KNOTS('',3,(#7259,#7260,#7261,#7262,#7263),
  .UNSPECIFIED.,.F.,.F.,(4,1,4),(0.,0.5,1.),.QUASI_UNIFORM_KNOTS.);
#7259 = CARTESIAN_POINT('',(-2.77697746264,6.171132486541,
    -2.843123550038));
#7260 = CARTESIAN_POINT('',(-2.664010687606,6.190721156388,
    -2.908108079205));
#7261 = CARTESIAN_POINT('',(-2.463330951153,6.209278843612,
    -3.063330951153));
#7262 = CARTESIAN_POINT('',(-2.308108079205,6.190721156388,
    -3.264010687606));
#7263 = CARTESIAN_POINT('',(-2.243123550038,6.171132486541,
    -3.37697746264));
#7264 = ORIENTED_EDGE('',*,*,#7265,.T.);
#7265 = EDGE_CURVE('',#7256,#7212,#7266,.T.);
#7266 = B_SPLINE_CURVE_WITH_KNOTS('',3,(#7267,#7268,#7269,#7270,#7271,
    #7272,#7273,#7274,#7275,#7276,#7277,#7278,#7279,#7280,#7281,#7282,
    #7283,#7284,#7285,#7286,#7287),.UNSPECIFIED.,.F.,.F.,(4,1,1,1,1,1,1,
    1,1,1,1,1,1,1,1,1,1,1,4),(0.,5.555555555556E-02,0.111111111111,
    0.166666666667,0.222222222222,0.277777777778,0.333333333333,
    0.388888888889,0.444444444444,0.5,0.555555555556,0.611111111111,
    0.666666666667,0.722222222222,0.777777777778,0.833333333333,
    0.888888888889,0.944444444444,1.),.UNSPECIFIED.);
#7267 = CARTESIAN_POINT('',(-2.243123550038,6.171132486541,
    -3.37697746264));
#7268 = CARTESIAN_POINT('',(-2.238980276821,6.169883555261,
    -3.384179980215));
#7269 = CARTESIAN_POINT('',(-2.231246769961,6.167217187315,
    -3.39791022151));
#7270 = CARTESIAN_POINT('',(-2.221249662027,6.162828664999,
    -3.416313637593));
#7271 = CARTESIAN_POINT('',(-2.212573574941,6.158080170784,
    -3.432815009115));
#7272 = CARTESIAN_POINT('',(-2.20505599411,6.153020255631,
    -3.447542837151));
#7273 = CARTESIAN_POINT('',(-2.198537399305,6.14768147175,-3.46065776576
    ));
#7274 = CARTESIAN_POINT('',(-2.19285009117,6.142040205833,
    -3.472378310609));
#7275 = CARTESIAN_POINT('',(-2.187937472579,6.136133895136,
    -3.482724109439));
#7276 = CARTESIAN_POINT('',(-2.1837806949,6.130062619363,-3.491646409811
    ));
#7277 = CARTESIAN_POINT('',(-2.180302221905,6.123851346908,
    -3.499236323871));
#7278 = CARTESIAN_POINT('',(-2.177469337815,6.117579983552,
    -3.505504350925));
#7279 = CARTESIAN_POINT('',(-2.175256174627,6.111392627897,
    -3.510456748362));
#7280 = CARTESIAN_POINT('',(-2.173574356932,6.105278472093,
    -3.51425330769));
#7281 = CARTESIAN_POINT('',(-2.172361858013,6.099199321338,
    -3.517008656975));
#7282 = CARTESIAN_POINT('',(-2.171592460242,6.093231878203,
    -3.518765102631));
#7283 = CARTESIAN_POINT('',(-2.171224978548,6.087421349191,
    -3.519606200205));
#7284 = CARTESIAN_POINT('',(-2.171223817913,6.081621236643,
    -3.519608854839));
#7285 = CARTESIAN_POINT('',(-2.171602490946,6.075709565521,
    -3.518742150005));
#7286 = CARTESIAN_POINT('',(-2.172121301622,6.071740305337,
    -3.517557870207));
#7287 = CARTESIAN_POINT('',(-2.172451049409,6.069749005049,
    -3.516807249887));
#7288 = FACE_BOUND('',#7289,.F.);
#7289 = EDGE_LOOP('',(#7290,#7308,#7334,#7344));
#7290 = ORIENTED_EDGE('',*,*,#7291,.T.);
#7291 = EDGE_CURVE('',#7292,#7294,#7296,.T.);
#7292 = VERTEX_POINT('',#7293);
#7293 = CARTESIAN_POINT('',(-4.083192750113,6.069749005049,
    -2.772451049409));
#7294 = VERTEX_POINT('',#7295);
#7295 = CARTESIAN_POINT('',(-4.827548950591,6.069749005049,
    -3.516807249887));
#7296 = B_SPLINE_CURVE_WITH_KNOTS('',3,(#7297,#7298,#7299,#7300,#7301,
    #7302,#7303,#7304,#7305,#7306,#7307),.UNSPECIFIED.,.F.,.F.,(4,1,1,1,
    1,1,1,1,4),(0.,0.125,0.25,0.375,0.5,0.625,0.75,0.875,1.),
  .QUASI_UNIFORM_KNOTS.);
#7297 = CARTESIAN_POINT('',(-4.083192750113,6.069749005049,
    -2.772451049409));
#7298 = CARTESIAN_POINT('',(-4.12628985792,5.955417856658,
    -2.791383624975));
#7299 = CARTESIAN_POINT('',(-4.209018080733,5.759553292802,
    -2.832714768908));
#7300 = CARTESIAN_POINT('',(-4.323663301344,5.555151874754,
    -2.904158598417));
#7301 = CARTESIAN_POINT('',(-4.429451523731,5.434561785478,
    -2.984459426149));
#7302 = CARTESIAN_POINT('',(-4.526709224685,5.394693665246,
    -3.073290775315));
#7303 = CARTESIAN_POINT('',(-4.615540573851,5.434561785478,
    -3.170548476269));
#7304 = CARTESIAN_POINT('',(-4.695841401583,5.555151874754,
    -3.276336698656));
#7305 = CARTESIAN_POINT('',(-4.767285231092,5.759553292802,
    -3.390981919267));
#7306 = CARTESIAN_POINT('',(-4.808616375025,5.955417856658,
    -3.47371014208));
#7307 = CARTESIAN_POINT('',(-4.827548950591,6.069749005049,
    -3.516807249887));
#7308 = ORIENTED_EDGE('',*,*,#7309,.T.);
#7309 = EDGE_CURVE('',#7294,#7310,#7312,.T.);
#7310 = VERTEX_POINT('',#7311);
#7311 = CARTESIAN_POINT('',(-4.756876449962,6.171132486541,
    -3.37697746264));
#7312 = B_SPLINE_CURVE_WITH_KNOTS('',3,(#7313,#7314,#7315,#7316,#7317,
    #7318,#7319,#7320,#7321,#7322,#7323,#7324,#7325,#7326,#7327,#7328,
    #7329,#7330,#7331,#7332,#7333),.UNSPECIFIED.,.F.,.F.,(4,1,1,1,1,1,1,
    1,1,1,1,1,1,1,1,1,1,1,4),(0.,5.555555555556E-02,0.111111111111,
    0.166666666667,0.222222222222,0.277777777778,0.333333333333,
    0.388888888889,0.444444444444,0.5,0.555555555556,0.611111111111,
    0.666666666667,0.722222222222,0.777777777778,0.833333333333,
    0.888888888889,0.944444444444,1.),.UNSPECIFIED.);
#7313 = CARTESIAN_POINT('',(-4.827548950591,6.069749005049,
    -3.516807249887));
#7314 = CARTESIAN_POINT('',(-4.827878886004,6.071741438383,
    -3.517558297308));
#7315 = CARTESIAN_POINT('',(-4.828397937984,6.075713091111,
    -3.518743130083));
#7316 = CARTESIAN_POINT('',(-4.828776519369,6.081628932845,
    -3.519609627368));
#7317 = CARTESIAN_POINT('',(-4.828774732884,6.087433449543,
    -3.51960553911));
#7318 = CARTESIAN_POINT('',(-4.828406036839,6.093248671137,
    -3.518761664728));
#7319 = CARTESIAN_POINT('',(-4.827634698415,6.099220983322,
    -3.517000807321));
#7320 = CARTESIAN_POINT('',(-4.826419681076,6.105304039526,
    -3.514239793361));
#7321 = CARTESIAN_POINT('',(-4.824734803285,6.111421536867,
    -3.510436453328));
#7322 = CARTESIAN_POINT('',(-4.822517665297,6.117612523775,
    -3.505475401777));
#7323 = CARTESIAN_POINT('',(-4.819679527283,6.123887905903,
    -3.499196174618));
#7324 = CARTESIAN_POINT('',(-4.816193869361,6.130104082138,
    -3.491591284454));
#7325 = CARTESIAN_POINT('',(-4.812027266089,6.136181043383,
    -3.482649024036));
#7326 = CARTESIAN_POINT('',(-4.807103774255,6.142090772038,
    -3.472282098993));
#7327 = CARTESIAN_POINT('',(-4.801409039001,6.147729592396,
    -3.460548683912));
#7328 = CARTESIAN_POINT('',(-4.794888632335,6.153060983258,
    -3.447432985522));
#7329 = CARTESIAN_POINT('',(-4.787374986526,6.158110854764,
    -3.432715915106));
#7330 = CARTESIAN_POINT('',(-4.778709058918,6.162848257378,
    -3.416236729071));
#7331 = CARTESIAN_POINT('',(-4.76872860695,6.167226070905,
    -3.397866174972));
#7332 = CARTESIAN_POINT('',(-4.761010668545,6.169886284653,
    -3.384164239964));
#7333 = CARTESIAN_POINT('',(-4.756876449962,6.171132486541,
    -3.37697746264));
#7334 = ORIENTED_EDGE('',*,*,#7335,.T.);
#7335 = EDGE_CURVE('',#7310,#7336,#7338,.T.);
#7336 = VERTEX_POINT('',#7337);
#7337 = CARTESIAN_POINT('',(-4.22302253736,6.171132486541,
    -2.843123550038));
#7338 = B_SPLINE_CURVE_WITH_KNOTS('',3,(#7339,#7340,#7341,#7342,#7343),
  .UNSPECIFIED.,.F.,.F.,(4,1,4),(0.,0.5,1.),.QUASI_UNIFORM_KNOTS.);
#7339 = CARTESIAN_POINT('',(-4.756876449962,6.171132486541,
    -3.37697746264));
#7340 = CARTESIAN_POINT('',(-4.691891920795,6.190721156388,
    -3.264010687606));
#7341 = CARTESIAN_POINT('',(-4.536669048847,6.209278843612,
    -3.063330951153));
#7342 = CARTESIAN_POINT('',(-4.335989312394,6.190721156388,
    -2.908108079205));
#7343 = CARTESIAN_POINT('',(-4.22302253736,6.171132486541,
    -2.843123550038));
#7344 = ORIENTED_EDGE('',*,*,#7345,.T.);
#7345 = EDGE_CURVE('',#7336,#7292,#7346,.T.);
#7346 = B_SPLINE_CURVE_WITH_KNOTS('',3,(#7347,#7348,#7349,#7350,#7351,
    #7352,#7353,#7354,#7355,#7356,#7357,#7358,#7359,#7360,#7361,#7362,
    #7363,#7364,#7365,#7366,#7367),.UNSPECIFIED.,.F.,.F.,(4,1,1,1,1,1,1,
    1,1,1,1,1,1,1,1,1,1,1,4),(0.,5.555555555556E-02,0.111111111111,
    0.166666666667,0.222222222222,0.277777777778,0.333333333333,
    0.388888888889,0.444444444444,0.5,0.555555555556,0.611111111111,
    0.666666666667,0.722222222222,0.777777777778,0.833333333333,
    0.888888888889,0.944444444444,1.),.UNSPECIFIED.);
#7347 = CARTESIAN_POINT('',(-4.22302253736,6.171132486541,
    -2.843123550038));
#7348 = CARTESIAN_POINT('',(-4.215765634865,6.169874124805,
    -2.838948991707));
#7349 = CARTESIAN_POINT('',(-4.201939802771,6.167186788063,
    -2.831163001703));
#7350 = CARTESIAN_POINT('',(-4.183438565608,6.16276528195,
    -2.821116757752));
#7351 = CARTESIAN_POINT('',(-4.166871558113,6.157982880737,
    -2.812410940652));
#7352 = CARTESIAN_POINT('',(-4.152103475609,6.152889072364,
    -2.804877716997));
#7353 = CARTESIAN_POINT('',(-4.138961034363,6.147513936631,
    -2.798350115226));
#7354 = CARTESIAN_POINT('',(-4.127220476015,6.141831146787,
    -2.792657490918));
#7355 = CARTESIAN_POINT('',(-4.116874716277,6.135884644636,
    -2.787748857295));
#7356 = CARTESIAN_POINT('',(-4.107980208725,6.129784087053,
    -2.783608290667));
#7357 = CARTESIAN_POINT('',(-4.100441486667,6.123559002152,
    -2.780155728358));
#7358 = CARTESIAN_POINT('',(-4.094231462863,6.117284836812,
    -2.777350688279));
#7359 = CARTESIAN_POINT('',(-4.089304395278,6.111059136871,
    -2.775149920469));
#7360 = CARTESIAN_POINT('',(-4.085529813015,6.104873617926,
    -2.773478653551));
#7361 = CARTESIAN_POINT('',(-4.082849236675,6.098805907669,
    -2.77229952085));
#7362 = CARTESIAN_POINT('',(-4.081163666471,6.092891864842,
    -2.771561317681));
#7363 = CARTESIAN_POINT('',(-4.080376456663,6.087117299196,
    -2.771217407722));
#7364 = CARTESIAN_POINT('',(-4.080412537117,6.081451633353,
    -2.771233159699));
#7365 = CARTESIAN_POINT('',(-4.081264467954,6.075702399519,
    -2.771605395008));
#7366 = CARTESIAN_POINT('',(-4.082440355245,6.071745012986,
    -2.772120522062));
#7367 = CARTESIAN_POINT('',(-4.083192750113,6.069749005049,
    -2.772451049409));
#7368 = CYLINDRICAL_SURFACE('',#7369,1.45);
#7369 = AXIS2_PLACEMENT_3D('',#7370,#7371,#7372);
#7370 = CARTESIAN_POINT('',(-3.5,6.3,-4.1));
#7371 = DIRECTION('',(0.,1.,0.));
#7372 = DIRECTION('',(-1.,0.,0.));
#7373 = ADVANCED_FACE('',(#7374,#7388,#7468),#7548,.F.);
#7374 = FACE_BOUND('',#7375,.F.);
#7375 = EDGE_LOOP('',(#7376,#7377,#7384,#7385,#7386,#7387));
#7376 = ORIENTED_EDGE('',*,*,#7193,.T.);
#7377 = ORIENTED_EDGE('',*,*,#7378,.T.);
#7378 = EDGE_CURVE('',#7186,#7126,#7379,.T.);
#7379 = CIRCLE('',#7380,1.45);
#7380 = AXIS2_PLACEMENT_3D('',#7381,#7382,#7383);
#7381 = CARTESIAN_POINT('',(-3.5,5.04641,-4.1));
#7382 = DIRECTION('',(0.,1.,0.));
#7383 = DIRECTION('',(0.978362824766,0.,-0.206896551724));
#7384 = ORIENTED_EDGE('',*,*,#7125,.T.);
#7385 = ORIENTED_EDGE('',*,*,#7117,.F.);
#7386 = ORIENTED_EDGE('',*,*,#5010,.F.);
#7387 = ORIENTED_EDGE('',*,*,#7202,.T.);
#7388 = FACE_BOUND('',#7389,.F.);
#7389 = EDGE_LOOP('',(#7390,#7408,#7434,#7444));
#7390 = ORIENTED_EDGE('',*,*,#7391,.T.);
#7391 = EDGE_CURVE('',#7392,#7394,#7396,.T.);
#7392 = VERTEX_POINT('',#7393);
#7393 = CARTESIAN_POINT('',(-2.916807249887,6.069749005049,
    -5.427548950591));
#7394 = VERTEX_POINT('',#7395);
#7395 = CARTESIAN_POINT('',(-2.172451049409,6.069749005049,
    -4.683192750113));
#7396 = B_SPLINE_CURVE_WITH_KNOTS('',3,(#7397,#7398,#7399,#7400,#7401,
    #7402,#7403,#7404,#7405,#7406,#7407),.UNSPECIFIED.,.F.,.F.,(4,1,1,1,
    1,1,1,1,4),(0.,0.125,0.25,0.375,0.5,0.625,0.75,0.875,1.),
  .QUASI_UNIFORM_KNOTS.);
#7397 = CARTESIAN_POINT('',(-2.916807249887,6.069749005049,
    -5.427548950591));
#7398 = CARTESIAN_POINT('',(-2.87371014208,5.955417856658,
    -5.408616375025));
#7399 = CARTESIAN_POINT('',(-2.790981919267,5.759553292802,
    -5.367285231092));
#7400 = CARTESIAN_POINT('',(-2.676336698656,5.555151874754,
    -5.295841401583));
#7401 = CARTESIAN_POINT('',(-2.570548476269,5.434561785478,
    -5.215540573851));
#7402 = CARTESIAN_POINT('',(-2.473290775315,5.394693665246,
    -5.126709224685));
#7403 = CARTESIAN_POINT('',(-2.384459426149,5.434561785478,
    -5.029451523731));
#7404 = CARTESIAN_POINT('',(-2.304158598417,5.555151874754,
    -4.923663301344));
#7405 = CARTESIAN_POINT('',(-2.232714768908,5.759553292802,
    -4.809018080733));
#7406 = CARTESIAN_POINT('',(-2.191383624975,5.955417856658,
    -4.72628985792));
#7407 = CARTESIAN_POINT('',(-2.172451049409,6.069749005049,
    -4.683192750113));
#7408 = ORIENTED_EDGE('',*,*,#7409,.T.);
#7409 = EDGE_CURVE('',#7394,#7410,#7412,.T.);
#7410 = VERTEX_POINT('',#7411);
#7411 = CARTESIAN_POINT('',(-2.243123550038,6.171132486541,
    -4.82302253736));
#7412 = B_SPLINE_CURVE_WITH_KNOTS('',3,(#7413,#7414,#7415,#7416,#7417,
    #7418,#7419,#7420,#7421,#7422,#7423,#7424,#7425,#7426,#7427,#7428,
    #7429,#7430,#7431,#7432,#7433),.UNSPECIFIED.,.F.,.F.,(4,1,1,1,1,1,1,
    1,1,1,1,1,1,1,1,1,1,1,4),(0.,5.555555555556E-02,0.111111111111,
    0.166666666667,0.222222222222,0.277777777778,0.333333333333,
    0.388888888889,0.444444444444,0.5,0.555555555556,0.611111111111,
    0.666666666667,0.722222222222,0.777777777778,0.833333333333,
    0.888888888889,0.944444444444,1.),.UNSPECIFIED.);
#7413 = CARTESIAN_POINT('',(-2.172451049409,6.069749005049,
    -4.683192750113));
#7414 = CARTESIAN_POINT('',(-2.172121113996,6.071741438383,
    -4.682441702692));
#7415 = CARTESIAN_POINT('',(-2.171602062016,6.075713091111,
    -4.681256869917));
#7416 = CARTESIAN_POINT('',(-2.171223480631,6.081628932845,
    -4.680390372632));
#7417 = CARTESIAN_POINT('',(-2.171225267116,6.087433449543,
    -4.68039446089));
#7418 = CARTESIAN_POINT('',(-2.171593963161,6.093248671137,
    -4.681238335272));
#7419 = CARTESIAN_POINT('',(-2.172365301585,6.099220983322,
    -4.682999192679));
#7420 = CARTESIAN_POINT('',(-2.173580318924,6.105304039526,
    -4.685760206639));
#7421 = CARTESIAN_POINT('',(-2.175265196715,6.111421536867,
    -4.689563546672));
#7422 = CARTESIAN_POINT('',(-2.177482334703,6.117612523775,
    -4.694524598223));
#7423 = CARTESIAN_POINT('',(-2.180320472717,6.123887905903,
    -4.700803825382));
#7424 = CARTESIAN_POINT('',(-2.183806130639,6.130104082138,
    -4.708408715546));
#7425 = CARTESIAN_POINT('',(-2.187972733911,6.136181043383,
    -4.717350975964));
#7426 = CARTESIAN_POINT('',(-2.192896225745,6.142090772038,
    -4.727717901007));
#7427 = CARTESIAN_POINT('',(-2.198590960999,6.147729592396,
    -4.739451316088));
#7428 = CARTESIAN_POINT('',(-2.205111367665,6.153060983258,
    -4.752567014478));
#7429 = CARTESIAN_POINT('',(-2.212625013474,6.158110854764,
    -4.767284084894));
#7430 = CARTESIAN_POINT('',(-2.221290941082,6.162848257378,
    -4.783763270929));
#7431 = CARTESIAN_POINT('',(-2.23127139305,6.167226070905,
    -4.802133825028));
#7432 = CARTESIAN_POINT('',(-2.238989331455,6.169886284653,
    -4.815835760036));
#7433 = CARTESIAN_POINT('',(-2.243123550038,6.171132486541,
    -4.82302253736));
#7434 = ORIENTED_EDGE('',*,*,#7435,.T.);
#7435 = EDGE_CURVE('',#7410,#7436,#7438,.T.);
#7436 = VERTEX_POINT('',#7437);
#7437 = CARTESIAN_POINT('',(-2.77697746264,6.171132486541,
    -5.356876449962));
#7438 = B_SPLINE_CURVE_WITH_KNOTS('',3,(#7439,#7440,#7441,#7442,#7443),
  .UNSPECIFIED.,.F.,.F.,(4,1,4),(0.,0.5,1.),.QUASI_UNIFORM_KNOTS.);
#7439 = CARTESIAN_POINT('',(-2.243123550038,6.171132486541,
    -4.82302253736));
#7440 = CARTESIAN_POINT('',(-2.308108079205,6.190721156388,
    -4.935989312394));
#7441 = CARTESIAN_POINT('',(-2.463330951153,6.209278843612,
    -5.136669048847));
#7442 = CARTESIAN_POINT('',(-2.664010687606,6.190721156388,
    -5.291891920795));
#7443 = CARTESIAN_POINT('',(-2.77697746264,6.171132486541,
    -5.356876449962));
#7444 = ORIENTED_EDGE('',*,*,#7445,.T.);
#7445 = EDGE_CURVE('',#7436,#7392,#7446,.T.);
#7446 = B_SPLINE_CURVE_WITH_KNOTS('',3,(#7447,#7448,#7449,#7450,#7451,
    #7452,#7453,#7454,#7455,#7456,#7457,#7458,#7459,#7460,#7461,#7462,
    #7463,#7464,#7465,#7466,#7467),.UNSPECIFIED.,.F.,.F.,(4,1,1,1,1,1,1,
    1,1,1,1,1,1,1,1,1,1,1,4),(0.,5.555555555556E-02,0.111111111111,
    0.166666666667,0.222222222222,0.277777777778,0.333333333333,
    0.388888888889,0.444444444444,0.5,0.555555555556,0.611111111111,
    0.666666666667,0.722222222222,0.777777777778,0.833333333333,
    0.888888888889,0.944444444444,1.),.UNSPECIFIED.);
#7447 = CARTESIAN_POINT('',(-2.77697746264,6.171132486541,
    -5.356876449962));
#7448 = CARTESIAN_POINT('',(-2.784161844682,6.1698867,-5.361009290651));
#7449 = CARTESIAN_POINT('',(-2.797864531497,6.167226656918,
    -5.368727806184));
#7450 = CARTESIAN_POINT('',(-2.816261931989,6.162842173194,
    -5.378722710772));
#7451 = CARTESIAN_POINT('',(-2.832766963716,6.158095314575,
    -5.38740155412));
#7452 = CARTESIAN_POINT('',(-2.84749565334,6.15303756941,-5.394920178238
    ));
#7453 = CARTESIAN_POINT('',(-2.860581196957,6.147714072742,
    -5.401424807931));
#7454 = CARTESIAN_POINT('',(-2.872253406991,6.142103844057,
    -5.407089783714));
#7455 = CARTESIAN_POINT('',(-2.882573802344,6.136226541809,
    -5.411991796586));
#7456 = CARTESIAN_POINT('',(-2.891508450141,6.130164908462,
    -5.416155577811));
#7457 = CARTESIAN_POINT('',(-2.899126727254,6.123952392715,
    -5.419648012751));
#7458 = CARTESIAN_POINT('',(-2.90549204294,6.117602947232,
    -5.422525332328));
#7459 = CARTESIAN_POINT('',(-2.910547556614,6.111275257262,
    -5.424784320069));
#7460 = CARTESIAN_POINT('',(-2.914367469119,6.105069586226,
    -5.426476034101));
#7461 = CARTESIAN_POINT('',(-2.917089748135,6.098976907224,
    -5.427673716266));
#7462 = CARTESIAN_POINT('',(-2.918798556808,6.093060721764,
    -5.428422161214));
#7463 = CARTESIAN_POINT('',(-2.919608261943,6.087334187692,
    -5.428775920982));
#7464 = CARTESIAN_POINT('',(-2.919604861368,6.081614312387,-5.4287744374
    ));
#7465 = CARTESIAN_POINT('',(-2.918750561683,6.075749799551,
    -5.428401185025));
#7466 = CARTESIAN_POINT('',(-2.917564948837,6.071759084043,
    -5.427881808023));
#7467 = CARTESIAN_POINT('',(-2.916807249887,6.069749005049,
    -5.427548950591));
#7468 = FACE_BOUND('',#7469,.F.);
#7469 = EDGE_LOOP('',(#7470,#7488,#7514,#7524));
#7470 = ORIENTED_EDGE('',*,*,#7471,.T.);
#7471 = EDGE_CURVE('',#7472,#7474,#7476,.T.);
#7472 = VERTEX_POINT('',#7473);
#7473 = CARTESIAN_POINT('',(-4.827548950591,6.069749005049,
    -4.683192750113));
#7474 = VERTEX_POINT('',#7475);
#7475 = CARTESIAN_POINT('',(-4.083192750113,6.069749005049,
    -5.427548950591));
#7476 = B_SPLINE_CURVE_WITH_KNOTS('',3,(#7477,#7478,#7479,#7480,#7481,
    #7482,#7483,#7484,#7485,#7486,#7487),.UNSPECIFIED.,.F.,.F.,(4,1,1,1,
    1,1,1,1,4),(0.,0.125,0.25,0.375,0.5,0.625,0.75,0.875,1.),
  .QUASI_UNIFORM_KNOTS.);
#7477 = CARTESIAN_POINT('',(-4.827548950591,6.069749005049,
    -4.683192750113));
#7478 = CARTESIAN_POINT('',(-4.808616375025,5.955417856658,
    -4.72628985792));
#7479 = CARTESIAN_POINT('',(-4.767285231092,5.759553292802,
    -4.809018080733));
#7480 = CARTESIAN_POINT('',(-4.695841401583,5.555151874754,
    -4.923663301344));
#7481 = CARTESIAN_POINT('',(-4.615540573851,5.434561785478,
    -5.029451523731));
#7482 = CARTESIAN_POINT('',(-4.526709224685,5.394693665246,
    -5.126709224685));
#7483 = CARTESIAN_POINT('',(-4.429451523731,5.434561785478,
    -5.215540573851));
#7484 = CARTESIAN_POINT('',(-4.323663301344,5.555151874754,
    -5.295841401583));
#7485 = CARTESIAN_POINT('',(-4.209018080733,5.759553292802,
    -5.367285231092));
#7486 = CARTESIAN_POINT('',(-4.12628985792,5.955417856658,
    -5.408616375025));
#7487 = CARTESIAN_POINT('',(-4.083192750113,6.069749005049,
    -5.427548950591));
#7488 = ORIENTED_EDGE('',*,*,#7489,.T.);
#7489 = EDGE_CURVE('',#7474,#7490,#7492,.T.);
#7490 = VERTEX_POINT('',#7491);
#7491 = CARTESIAN_POINT('',(-4.22302253736,6.171132486541,
    -5.356876449962));
#7492 = B_SPLINE_CURVE_WITH_KNOTS('',3,(#7493,#7494,#7495,#7496,#7497,
    #7498,#7499,#7500,#7501,#7502,#7503,#7504,#7505,#7506,#7507,#7508,
    #7509,#7510,#7511,#7512,#7513),.UNSPECIFIED.,.F.,.F.,(4,1,1,1,1,1,1,
    1,1,1,1,1,1,1,1,1,1,1,4),(0.,5.555555555556E-02,0.111111111111,
    0.166666666667,0.222222222222,0.277777777778,0.333333333333,
    0.388888888889,0.444444444444,0.5,0.555555555556,0.611111111111,
    0.666666666667,0.722222222222,0.777777777778,0.833333333333,
    0.888888888889,0.944444444444,1.),.UNSPECIFIED.);
#7493 = CARTESIAN_POINT('',(-4.083192750113,6.069749005049,
    -5.427548950591));
#7494 = CARTESIAN_POINT('',(-4.082434255509,6.071761194812,
    -5.427882157554));
#7495 = CARTESIAN_POINT('',(-4.081247942632,6.075755616176,
    -5.428401839372));
#7496 = CARTESIAN_POINT('',(-4.0803943981,6.081623062142,-5.428774760673
    ));
#7497 = CARTESIAN_POINT('',(-4.080392402503,6.087344802485,
    -5.428775630931));
#7498 = CARTESIAN_POINT('',(-4.081204042246,6.093073466264,
    -5.428421024937));
#7499 = CARTESIAN_POINT('',(-4.082916091345,6.098993451685,
    -5.427671155106));
#7500 = CARTESIAN_POINT('',(-4.08564383985,6.105091609546,
    -5.426471047776));
#7501 = CARTESIAN_POINT('',(-4.089473124115,6.111305398505,
    -5.424775134331));
#7502 = CARTESIAN_POINT('',(-4.09454312989,6.117642732695,-5.42250954753
    ));
#7503 = CARTESIAN_POINT('',(-4.100923900403,6.123998298684,
    -5.419624992724));
#7504 = CARTESIAN_POINT('',(-4.10855919907,6.130215529321,
    -5.416124349837));
#7505 = CARTESIAN_POINT('',(-4.117514656156,6.136281719083,
    -5.411950224537));
#7506 = CARTESIAN_POINT('',(-4.127851438637,6.142158625206,
    -5.407039470992));
#7507 = CARTESIAN_POINT('',(-4.139531748182,6.147763750438,
    -5.401369324108));
#7508 = CARTESIAN_POINT('',(-4.152615243644,6.153078630538,
    -5.394864265816));
#7509 = CARTESIAN_POINT('',(-4.167332650427,6.158126146093,
    -5.387349841357));
#7510 = CARTESIAN_POINT('',(-4.183815746102,6.16286196276,
    -5.378681019108));
#7511 = CARTESIAN_POINT('',(-4.202180637573,6.167235774495,
    -5.368702558779));
#7512 = CARTESIAN_POINT('',(-4.215854363052,6.169889510454,
    -5.360999967096));
#7513 = CARTESIAN_POINT('',(-4.22302253736,6.171132486541,
    -5.356876449962));
#7514 = ORIENTED_EDGE('',*,*,#7515,.T.);
#7515 = EDGE_CURVE('',#7490,#7516,#7518,.T.);
#7516 = VERTEX_POINT('',#7517);
#7517 = CARTESIAN_POINT('',(-4.756876449962,6.171132486541,
    -4.82302253736));
#7518 = B_SPLINE_CURVE_WITH_KNOTS('',3,(#7519,#7520,#7521,#7522,#7523),
  .UNSPECIFIED.,.F.,.F.,(4,1,4),(0.,0.5,1.),.QUASI_UNIFORM_KNOTS.);
#7519 = CARTESIAN_POINT('',(-4.22302253736,6.171132486541,
    -5.356876449962));
#7520 = CARTESIAN_POINT('',(-4.335989312394,6.190721156388,
    -5.291891920795));
#7521 = CARTESIAN_POINT('',(-4.536669048847,6.209278843612,
    -5.136669048847));
#7522 = CARTESIAN_POINT('',(-4.691891920795,6.190721156388,
    -4.935989312394));
#7523 = CARTESIAN_POINT('',(-4.756876449962,6.171132486541,
    -4.82302253736));
#7524 = ORIENTED_EDGE('',*,*,#7525,.T.);
#7525 = EDGE_CURVE('',#7516,#7472,#7526,.T.);
#7526 = B_SPLINE_CURVE_WITH_KNOTS('',3,(#7527,#7528,#7529,#7530,#7531,
    #7532,#7533,#7534,#7535,#7536,#7537,#7538,#7539,#7540,#7541,#7542,
    #7543,#7544,#7545,#7546,#7547),.UNSPECIFIED.,.F.,.F.,(4,1,1,1,1,1,1,
    1,1,1,1,1,1,1,1,1,1,1,4),(0.,5.555555555556E-02,0.111111111111,
    0.166666666667,0.222222222222,0.277777777778,0.333333333333,
    0.388888888889,0.444444444444,0.5,0.555555555556,0.611111111111,
    0.666666666667,0.722222222222,0.777777777778,0.833333333333,
    0.888888888889,0.944444444444,1.),.UNSPECIFIED.);
#7527 = CARTESIAN_POINT('',(-4.756876449962,6.171132486541,
    -4.82302253736));
#7528 = CARTESIAN_POINT('',(-4.761019723179,6.169883555261,
    -4.815820019785));
#7529 = CARTESIAN_POINT('',(-4.768753230039,6.167217187315,
    -4.80208977849));
#7530 = CARTESIAN_POINT('',(-4.778750337973,6.162828664999,
    -4.783686362407));
#7531 = CARTESIAN_POINT('',(-4.787426425059,6.158080170784,
    -4.767184990885));
#7532 = CARTESIAN_POINT('',(-4.79494400589,6.153020255631,
    -4.752457162849));
#7533 = CARTESIAN_POINT('',(-4.801462600695,6.14768147175,-4.73934223424
    ));
#7534 = CARTESIAN_POINT('',(-4.80714990883,6.142040205833,
    -4.727621689391));
#7535 = CARTESIAN_POINT('',(-4.812062527421,6.136133895136,
    -4.717275890561));
#7536 = CARTESIAN_POINT('',(-4.8162193051,6.130062619363,-4.708353590189
    ));
#7537 = CARTESIAN_POINT('',(-4.819697778095,6.123851346908,
    -4.700763676129));
#7538 = CARTESIAN_POINT('',(-4.822530662185,6.117579983552,
    -4.694495649075));
#7539 = CARTESIAN_POINT('',(-4.824743825373,6.111392627897,
    -4.689543251638));
#7540 = CARTESIAN_POINT('',(-4.826425643068,6.105278472093,
    -4.68574669231));
#7541 = CARTESIAN_POINT('',(-4.827638141987,6.099199321338,
    -4.682991343025));
#7542 = CARTESIAN_POINT('',(-4.828407539758,6.093231878203,
    -4.681234897369));
#7543 = CARTESIAN_POINT('',(-4.828775021452,6.087421349191,
    -4.680393799795));
#7544 = CARTESIAN_POINT('',(-4.828776182087,6.081621236643,
    -4.680391145161));
#7545 = CARTESIAN_POINT('',(-4.828397509054,6.075709565521,
    -4.681257849995));
#7546 = CARTESIAN_POINT('',(-4.827878698378,6.071740305337,
    -4.682442129793));
#7547 = CARTESIAN_POINT('',(-4.827548950591,6.069749005049,
    -4.683192750113));
#7548 = CYLINDRICAL_SURFACE('',#7549,1.45);
#7549 = AXIS2_PLACEMENT_3D('',#7550,#7551,#7552);
#7550 = CARTESIAN_POINT('',(-3.5,6.3,-4.1));
#7551 = DIRECTION('',(0.,1.,0.));
#7552 = DIRECTION('',(-1.,0.,0.));
#7553 = ADVANCED_FACE('',(#7554),#7563,.T.);
#7554 = FACE_BOUND('',#7555,.F.);
#7555 = EDGE_LOOP('',(#7556,#7562));
#7556 = ORIENTED_EDGE('',*,*,#7557,.T.);
#7557 = EDGE_CURVE('',#7186,#7126,#7558,.T.);
#7558 = LINE('',#7559,#7560);
#7559 = CARTESIAN_POINT('',(-2.081373904089,5.04641,-4.4));
#7560 = VECTOR('',#7561,1.);
#7561 = DIRECTION('',(-1.,0.,0.));
#7562 = ORIENTED_EDGE('',*,*,#7378,.F.);
#7563 = PLANE('',#7564);
#7564 = AXIS2_PLACEMENT_3D('',#7565,#7566,#7567);
#7565 = CARTESIAN_POINT('',(-1.75,5.04641,0.));
#7566 = DIRECTION('',(0.,1.,0.));
#7567 = DIRECTION('',(-1.,0.,0.));
#7568 = ADVANCED_FACE('',(#7569),#7578,.T.);
#7569 = FACE_BOUND('',#7570,.F.);
#7570 = EDGE_LOOP('',(#7571,#7577));
#7571 = ORIENTED_EDGE('',*,*,#7572,.T.);
#7572 = EDGE_CURVE('',#7152,#7160,#7573,.T.);
#7573 = LINE('',#7574,#7575);
#7574 = CARTESIAN_POINT('',(-4.918626095911,5.04641,-3.8));
#7575 = VECTOR('',#7576,1.);
#7576 = DIRECTION('',(1.,0.,0.));
#7577 = ORIENTED_EDGE('',*,*,#7159,.F.);
#7578 = PLANE('',#7579);
#7579 = AXIS2_PLACEMENT_3D('',#7580,#7581,#7582);
#7580 = CARTESIAN_POINT('',(-1.75,5.04641,0.));
#7581 = DIRECTION('',(0.,1.,0.));
#7582 = DIRECTION('',(-1.,0.,0.));
#7583 = ADVANCED_FACE('',(#7584),#7595,.F.);
#7584 = FACE_BOUND('',#7585,.F.);
#7585 = EDGE_LOOP('',(#7586,#7587,#7593,#7594));
#7586 = ORIENTED_EDGE('',*,*,#7185,.T.);
#7587 = ORIENTED_EDGE('',*,*,#7588,.F.);
#7588 = EDGE_CURVE('',#7135,#7177,#7589,.T.);
#7589 = LINE('',#7590,#7591);
#7590 = CARTESIAN_POINT('',(-4.918626095911,4.44641,-4.4));
#7591 = VECTOR('',#7592,1.);
#7592 = DIRECTION('',(1.,0.,0.));
#7593 = ORIENTED_EDGE('',*,*,#7134,.F.);
#7594 = ORIENTED_EDGE('',*,*,#7557,.F.);
#7595 = PLANE('',#7596);
#7596 = AXIS2_PLACEMENT_3D('',#7597,#7598,#7599);
#7597 = CARTESIAN_POINT('',(-2.081373904089,5.04641,-4.4));
#7598 = DIRECTION('',(0.,0.,-1.));
#7599 = DIRECTION('',(-1.,0.,0.));
#7600 = ADVANCED_FACE('',(#7601),#7612,.T.);
#7601 = FACE_BOUND('',#7602,.F.);
#7602 = EDGE_LOOP('',(#7603,#7604,#7610,#7611));
#7603 = ORIENTED_EDGE('',*,*,#7176,.T.);
#7604 = ORIENTED_EDGE('',*,*,#7605,.T.);
#7605 = EDGE_CURVE('',#7169,#7143,#7606,.T.);
#7606 = LINE('',#7607,#7608);
#7607 = CARTESIAN_POINT('',(-2.081373904089,4.44641,-3.8));
#7608 = VECTOR('',#7609,1.);
#7609 = DIRECTION('',(-1.,0.,0.));
#7610 = ORIENTED_EDGE('',*,*,#7142,.T.);
#7611 = ORIENTED_EDGE('',*,*,#7588,.T.);
#7612 = PLANE('',#7613);
#7613 = AXIS2_PLACEMENT_3D('',#7614,#7615,#7616);
#7614 = CARTESIAN_POINT('',(-1.75,4.44641,0.));
#7615 = DIRECTION('',(0.,1.,0.));
#7616 = DIRECTION('',(-1.,0.,0.));
#7617 = ADVANCED_FACE('',(#7618),#7624,.F.);
#7618 = FACE_BOUND('',#7619,.F.);
#7619 = EDGE_LOOP('',(#7620,#7621,#7622,#7623));
#7620 = ORIENTED_EDGE('',*,*,#7168,.F.);
#7621 = ORIENTED_EDGE('',*,*,#7572,.F.);
#7622 = ORIENTED_EDGE('',*,*,#7151,.T.);
#7623 = ORIENTED_EDGE('',*,*,#7605,.F.);
#7624 = PLANE('',#7625);
#7625 = AXIS2_PLACEMENT_3D('',#7626,#7627,#7628);
#7626 = CARTESIAN_POINT('',(-4.918626095911,5.04641,-3.8));
#7627 = DIRECTION('',(0.,0.,1.));
#7628 = DIRECTION('',(1.,0.,-0.));
#7629 = ADVANCED_FACE('',(#7630),#7639,.T.);
#7630 = FACE_BOUND('',#7631,.F.);
#7631 = EDGE_LOOP('',(#7632,#7638));
#7632 = ORIENTED_EDGE('',*,*,#7633,.F.);
#7633 = EDGE_CURVE('',#7394,#7392,#7634,.T.);
#7634 = LINE('',#7635,#7636);
#7635 = CARTESIAN_POINT('',(-2.172451049409,6.069749005049,
    -4.683192750113));
#7636 = VECTOR('',#7637,1.);
#7637 = DIRECTION('',(-0.707106781187,1.434344029403E-14,-0.707106781187
    ));
#7638 = ORIENTED_EDGE('',*,*,#7391,.F.);
#7639 = PLANE('',#7640);
#7640 = AXIS2_PLACEMENT_3D('',#7641,#7642,#7643);
#7641 = CARTESIAN_POINT('',(-1.94436508139,5.407983038656,
    -4.594974746831));
#7642 = DIRECTION('',(-0.699339823684,-0.14780941113,0.699339823684));
#7643 = DIRECTION('',(-0.104517036933,0.989015863362,0.104517036933));
#7644 = ADVANCED_FACE('',(#7645),#7656,.T.);
#7645 = FACE_BOUND('',#7646,.T.);
#7646 = EDGE_LOOP('',(#7647,#7648,#7654,#7655));
#7647 = ORIENTED_EDGE('',*,*,#7409,.T.);
#7648 = ORIENTED_EDGE('',*,*,#7649,.T.);
#7649 = EDGE_CURVE('',#7410,#7436,#7650,.T.);
#7650 = LINE('',#7651,#7652);
#7651 = CARTESIAN_POINT('',(-2.243123550038,6.171132486541,
    -4.82302253736));
#7652 = VECTOR('',#7653,1.);
#7653 = DIRECTION('',(-0.707106781187,0.,-0.707106781187));
#7654 = ORIENTED_EDGE('',*,*,#7445,.T.);
#7655 = ORIENTED_EDGE('',*,*,#7633,.F.);
#7656 = CYLINDRICAL_SURFACE('',#7657,0.1);
#7657 = AXIS2_PLACEMENT_3D('',#7658,#7659,#7660);
#7658 = CARTESIAN_POINT('',(-1.94436508139,6.084529946162,
    -4.594974746831));
#7659 = DIRECTION('',(-0.707106781187,0.,-0.707106781187));
#7660 = DIRECTION('',(0.,-1.,-0.));
#7661 = ADVANCED_FACE('',(#7662),#7666,.T.);
#7662 = FACE_BOUND('',#7663,.F.);
#7663 = EDGE_LOOP('',(#7664,#7665));
#7664 = ORIENTED_EDGE('',*,*,#7649,.T.);
#7665 = ORIENTED_EDGE('',*,*,#7435,.F.);
#7666 = PLANE('',#7667);
#7667 = AXIS2_PLACEMENT_3D('',#7668,#7669,#7670);
#7668 = CARTESIAN_POINT('',(-1.979720420449,6.171132486541,
    -4.559619407771));
#7669 = DIRECTION('',(-0.353553390593,0.866025403784,0.353553390593));
#7670 = DIRECTION('',(0.612372435696,0.5,-0.612372435696));
#7671 = ADVANCED_FACE('',(#7672),#7681,.T.);
#7672 = FACE_BOUND('',#7673,.F.);
#7673 = EDGE_LOOP('',(#7674,#7680));
#7674 = ORIENTED_EDGE('',*,*,#7675,.F.);
#7675 = EDGE_CURVE('',#7474,#7472,#7676,.T.);
#7676 = LINE('',#7677,#7678);
#7677 = CARTESIAN_POINT('',(-4.083192750113,6.069749005049,
    -5.427548950591));
#7678 = VECTOR('',#7679,1.);
#7679 = DIRECTION('',(-0.707106781187,0.,0.707106781187));
#7680 = ORIENTED_EDGE('',*,*,#7471,.F.);
#7681 = PLANE('',#7682);
#7682 = AXIS2_PLACEMENT_3D('',#7683,#7684,#7685);
#7683 = CARTESIAN_POINT('',(-3.994974746831,5.407983038656,
    -5.65563491861));
#7684 = DIRECTION('',(0.699339823684,-0.14780941113,0.699339823684));
#7685 = DIRECTION('',(0.104517036933,0.989015863362,0.104517036933));
#7686 = ADVANCED_FACE('',(#7687),#7698,.T.);
#7687 = FACE_BOUND('',#7688,.T.);
#7688 = EDGE_LOOP('',(#7689,#7690,#7696,#7697));
#7689 = ORIENTED_EDGE('',*,*,#7489,.T.);
#7690 = ORIENTED_EDGE('',*,*,#7691,.T.);
#7691 = EDGE_CURVE('',#7490,#7516,#7692,.T.);
#7692 = LINE('',#7693,#7694);
#7693 = CARTESIAN_POINT('',(-4.22302253736,6.171132486541,
    -5.356876449962));
#7694 = VECTOR('',#7695,1.);
#7695 = DIRECTION('',(-0.707106781187,0.,0.707106781187));
#7696 = ORIENTED_EDGE('',*,*,#7525,.T.);
#7697 = ORIENTED_EDGE('',*,*,#7675,.F.);
#7698 = CYLINDRICAL_SURFACE('',#7699,0.1);
#7699 = AXIS2_PLACEMENT_3D('',#7700,#7701,#7702);
#7700 = CARTESIAN_POINT('',(-3.994974746831,6.084529946162,
    -5.65563491861));
#7701 = DIRECTION('',(-0.707106781187,0.,0.707106781187));
#7702 = DIRECTION('',(0.,-1.,0.));
#7703 = ADVANCED_FACE('',(#7704),#7708,.T.);
#7704 = FACE_BOUND('',#7705,.F.);
#7705 = EDGE_LOOP('',(#7706,#7707));
#7706 = ORIENTED_EDGE('',*,*,#7691,.T.);
#7707 = ORIENTED_EDGE('',*,*,#7515,.F.);
#7708 = PLANE('',#7709);
#7709 = AXIS2_PLACEMENT_3D('',#7710,#7711,#7712);
#7710 = CARTESIAN_POINT('',(-3.959619407771,6.171132486541,
    -5.620279579551));
#7711 = DIRECTION('',(0.353553390593,0.866025403784,0.353553390593));
#7712 = DIRECTION('',(-0.612372435696,0.5,-0.612372435696));
#7713 = ADVANCED_FACE('',(#7714),#7723,.T.);
#7714 = FACE_BOUND('',#7715,.F.);
#7715 = EDGE_LOOP('',(#7716,#7722));
#7716 = ORIENTED_EDGE('',*,*,#7717,.F.);
#7717 = EDGE_CURVE('',#7214,#7212,#7718,.T.);
#7718 = LINE('',#7719,#7720);
#7719 = CARTESIAN_POINT('',(-2.916807249887,6.069749005049,
    -2.772451049409));
#7720 = VECTOR('',#7721,1.);
#7721 = DIRECTION('',(0.707106781187,0.,-0.707106781187));
#7722 = ORIENTED_EDGE('',*,*,#7211,.F.);
#7723 = PLANE('',#7724);
#7724 = AXIS2_PLACEMENT_3D('',#7725,#7726,#7727);
#7725 = CARTESIAN_POINT('',(-3.005025253169,5.407983038656,
    -2.54436508139));
#7726 = DIRECTION('',(-0.699339823684,-0.14780941113,-0.699339823684));
#7727 = DIRECTION('',(-0.104517036933,0.989015863362,-0.104517036933));
#7728 = ADVANCED_FACE('',(#7729),#7740,.T.);
#7729 = FACE_BOUND('',#7730,.T.);
#7730 = EDGE_LOOP('',(#7731,#7732,#7738,#7739));
#7731 = ORIENTED_EDGE('',*,*,#7229,.T.);
#7732 = ORIENTED_EDGE('',*,*,#7733,.T.);
#7733 = EDGE_CURVE('',#7230,#7256,#7734,.T.);
#7734 = LINE('',#7735,#7736);
#7735 = CARTESIAN_POINT('',(-2.77697746264,6.171132486541,
    -2.843123550038));
#7736 = VECTOR('',#7737,1.);
#7737 = DIRECTION('',(0.707106781187,0.,-0.707106781186));
#7738 = ORIENTED_EDGE('',*,*,#7265,.T.);
#7739 = ORIENTED_EDGE('',*,*,#7717,.F.);
#7740 = CYLINDRICAL_SURFACE('',#7741,0.1);
#7741 = AXIS2_PLACEMENT_3D('',#7742,#7743,#7744);
#7742 = CARTESIAN_POINT('',(-3.005025253169,6.084529946162,
    -2.54436508139));
#7743 = DIRECTION('',(0.707106781187,0.,-0.707106781187));
#7744 = DIRECTION('',(0.,-1.,0.));
#7745 = ADVANCED_FACE('',(#7746),#7750,.T.);
#7746 = FACE_BOUND('',#7747,.F.);
#7747 = EDGE_LOOP('',(#7748,#7749));
#7748 = ORIENTED_EDGE('',*,*,#7733,.T.);
#7749 = ORIENTED_EDGE('',*,*,#7255,.F.);
#7750 = PLANE('',#7751);
#7751 = AXIS2_PLACEMENT_3D('',#7752,#7753,#7754);
#7752 = CARTESIAN_POINT('',(-3.040380592229,6.171132486541,
    -2.579720420449));
#7753 = DIRECTION('',(-0.353553390593,0.866025403784,-0.353553390593));
#7754 = DIRECTION('',(0.612372435696,0.5,0.612372435696));
#7755 = ADVANCED_FACE('',(#7756),#7765,.T.);
#7756 = FACE_BOUND('',#7757,.F.);
#7757 = EDGE_LOOP('',(#7758,#7764));
#7758 = ORIENTED_EDGE('',*,*,#7759,.F.);
#7759 = EDGE_CURVE('',#7294,#7292,#7760,.T.);
#7760 = LINE('',#7761,#7762);
#7761 = CARTESIAN_POINT('',(-4.827548950591,6.069749005049,
    -3.516807249887));
#7762 = VECTOR('',#7763,1.);
#7763 = DIRECTION('',(0.707106781187,0.,0.707106781187));
#7764 = ORIENTED_EDGE('',*,*,#7291,.F.);
#7765 = PLANE('',#7766);
#7766 = AXIS2_PLACEMENT_3D('',#7767,#7768,#7769);
#7767 = CARTESIAN_POINT('',(-5.05563491861,5.407983038656,
    -3.605025253169));
#7768 = DIRECTION('',(0.699339823684,-0.14780941113,-0.699339823684));
#7769 = DIRECTION('',(0.104517036933,0.989015863362,-0.104517036933));
#7770 = ADVANCED_FACE('',(#7771),#7782,.T.);
#7771 = FACE_BOUND('',#7772,.T.);
#7772 = EDGE_LOOP('',(#7773,#7774,#7780,#7781));
#7773 = ORIENTED_EDGE('',*,*,#7309,.T.);
#7774 = ORIENTED_EDGE('',*,*,#7775,.T.);
#7775 = EDGE_CURVE('',#7310,#7336,#7776,.T.);
#7776 = LINE('',#7777,#7778);
#7777 = CARTESIAN_POINT('',(-4.756876449962,6.171132486541,
    -3.37697746264));
#7778 = VECTOR('',#7779,1.);
#7779 = DIRECTION('',(0.707106781187,0.,0.707106781187));
#7780 = ORIENTED_EDGE('',*,*,#7345,.T.);
#7781 = ORIENTED_EDGE('',*,*,#7759,.F.);
#7782 = CYLINDRICAL_SURFACE('',#7783,0.1);
#7783 = AXIS2_PLACEMENT_3D('',#7784,#7785,#7786);
#7784 = CARTESIAN_POINT('',(-5.05563491861,6.084529946162,
    -3.605025253169));
#7785 = DIRECTION('',(0.707106781187,0.,0.707106781187));
#7786 = DIRECTION('',(0.,-1.,0.));
#7787 = ADVANCED_FACE('',(#7788),#7792,.T.);
#7788 = FACE_BOUND('',#7789,.F.);
#7789 = EDGE_LOOP('',(#7790,#7791));
#7790 = ORIENTED_EDGE('',*,*,#7775,.T.);
#7791 = ORIENTED_EDGE('',*,*,#7335,.F.);
#7792 = PLANE('',#7793);
#7793 = AXIS2_PLACEMENT_3D('',#7794,#7795,#7796);
#7794 = CARTESIAN_POINT('',(-5.020279579551,6.171132486541,
    -3.640380592229));
#7795 = DIRECTION('',(0.353553390593,0.866025403784,-0.353553390593));
#7796 = DIRECTION('',(-0.612372435696,0.5,0.612372435696));
#7797 = ADVANCED_FACE('',(#7798,#7892,#7972),#8052,.F.);
#7798 = FACE_BOUND('',#7799,.F.);
#7799 = EDGE_LOOP('',(#7800,#7808,#7817,#7825,#7834,#7842,#7851,#7859,
    #7868,#7876,#7885,#7891));
#7800 = ORIENTED_EDGE('',*,*,#7801,.T.);
#7801 = EDGE_CURVE('',#5020,#7802,#7804,.T.);
#7802 = VERTEX_POINT('',#7803);
#7803 = CARTESIAN_POINT('',(-8.45,5.04641,-4.1));
#7804 = LINE('',#7805,#7806);
#7805 = CARTESIAN_POINT('',(-8.45,6.3,-4.1));
#7806 = VECTOR('',#7807,1.);
#7807 = DIRECTION('',(0.,-1.,0.));
#7808 = ORIENTED_EDGE('',*,*,#7809,.F.);
#7809 = EDGE_CURVE('',#7810,#7802,#7812,.T.);
#7810 = VERTEX_POINT('',#7811);
#7811 = CARTESIAN_POINT('',(-8.418626095911,5.04641,-4.4));
#7812 = CIRCLE('',#7813,1.45);
#7813 = AXIS2_PLACEMENT_3D('',#7814,#7815,#7816);
#7814 = CARTESIAN_POINT('',(-7.,5.04641,-4.1));
#7815 = DIRECTION('',(0.,1.,0.));
#7816 = DIRECTION('',(-0.978362824766,0.,-0.206896551724));
#7817 = ORIENTED_EDGE('',*,*,#7818,.T.);
#7818 = EDGE_CURVE('',#7810,#7819,#7821,.T.);
#7819 = VERTEX_POINT('',#7820);
#7820 = CARTESIAN_POINT('',(-8.418626095911,4.44641,-4.4));
#7821 = LINE('',#7822,#7823);
#7822 = CARTESIAN_POINT('',(-8.418626095911,5.04641,-4.4));
#7823 = VECTOR('',#7824,1.);
#7824 = DIRECTION('',(0.,-1.,0.));
#7825 = ORIENTED_EDGE('',*,*,#7826,.F.);
#7826 = EDGE_CURVE('',#7827,#7819,#7829,.T.);
#7827 = VERTEX_POINT('',#7828);
#7828 = CARTESIAN_POINT('',(-8.418626095911,4.44641,-3.8));
#7829 = CIRCLE('',#7830,1.45);
#7830 = AXIS2_PLACEMENT_3D('',#7831,#7832,#7833);
#7831 = CARTESIAN_POINT('',(-7.,4.44641,-4.1));
#7832 = DIRECTION('',(0.,-1.,0.));
#7833 = DIRECTION('',(-0.978362824766,0.,0.206896551724));
#7834 = ORIENTED_EDGE('',*,*,#7835,.F.);
#7835 = EDGE_CURVE('',#7836,#7827,#7838,.T.);
#7836 = VERTEX_POINT('',#7837);
#7837 = CARTESIAN_POINT('',(-8.418626095911,5.04641,-3.8));
#7838 = LINE('',#7839,#7840);
#7839 = CARTESIAN_POINT('',(-8.418626095911,5.04641,-3.8));
#7840 = VECTOR('',#7841,1.);
#7841 = DIRECTION('',(0.,-1.,0.));
#7842 = ORIENTED_EDGE('',*,*,#7843,.T.);
#7843 = EDGE_CURVE('',#7836,#7844,#7846,.T.);
#7844 = VERTEX_POINT('',#7845);
#7845 = CARTESIAN_POINT('',(-5.581373904089,5.04641,-3.8));
#7846 = CIRCLE('',#7847,1.45);
#7847 = AXIS2_PLACEMENT_3D('',#7848,#7849,#7850);
#7848 = CARTESIAN_POINT('',(-7.,5.04641,-4.1));
#7849 = DIRECTION('',(0.,1.,0.));
#7850 = DIRECTION('',(-0.978362824766,0.,0.206896551724));
#7851 = ORIENTED_EDGE('',*,*,#7852,.T.);
#7852 = EDGE_CURVE('',#7844,#7853,#7855,.T.);
#7853 = VERTEX_POINT('',#7854);
#7854 = CARTESIAN_POINT('',(-5.581373904089,4.44641,-3.8));
#7855 = LINE('',#7856,#7857);
#7856 = CARTESIAN_POINT('',(-5.581373904089,5.04641,-3.8));
#7857 = VECTOR('',#7858,1.);
#7858 = DIRECTION('',(0.,-1.,0.));
#7859 = ORIENTED_EDGE('',*,*,#7860,.F.);
#7860 = EDGE_CURVE('',#7861,#7853,#7863,.T.);
#7861 = VERTEX_POINT('',#7862);
#7862 = CARTESIAN_POINT('',(-5.581373904089,4.44641,-4.4));
#7863 = CIRCLE('',#7864,1.45);
#7864 = AXIS2_PLACEMENT_3D('',#7865,#7866,#7867);
#7865 = CARTESIAN_POINT('',(-7.,4.44641,-4.1));
#7866 = DIRECTION('',(0.,-1.,0.));
#7867 = DIRECTION('',(0.978362824766,0.,-0.206896551724));
#7868 = ORIENTED_EDGE('',*,*,#7869,.F.);
#7869 = EDGE_CURVE('',#7870,#7861,#7872,.T.);
#7870 = VERTEX_POINT('',#7871);
#7871 = CARTESIAN_POINT('',(-5.581373904089,5.04641,-4.4));
#7872 = LINE('',#7873,#7874);
#7873 = CARTESIAN_POINT('',(-5.581373904089,5.04641,-4.4));
#7874 = VECTOR('',#7875,1.);
#7875 = DIRECTION('',(0.,-1.,0.));
#7876 = ORIENTED_EDGE('',*,*,#7877,.F.);
#7877 = EDGE_CURVE('',#7878,#7870,#7880,.T.);
#7878 = VERTEX_POINT('',#7879);
#7879 = CARTESIAN_POINT('',(-5.55,5.04641,-4.1));
#7880 = CIRCLE('',#7881,1.45);
#7881 = AXIS2_PLACEMENT_3D('',#7882,#7883,#7884);
#7882 = CARTESIAN_POINT('',(-7.,5.04641,-4.1));
#7883 = DIRECTION('',(-0.,1.,0.));
#7884 = DIRECTION('',(1.,0.,0.));
#7885 = ORIENTED_EDGE('',*,*,#7886,.F.);
#7886 = EDGE_CURVE('',#5022,#7878,#7887,.T.);
#7887 = LINE('',#7888,#7889);
#7888 = CARTESIAN_POINT('',(-5.55,6.3,-4.1));
#7889 = VECTOR('',#7890,1.);
#7890 = DIRECTION('',(0.,-1.,0.));
#7891 = ORIENTED_EDGE('',*,*,#5019,.F.);
#7892 = FACE_BOUND('',#7893,.F.);
#7893 = EDGE_LOOP('',(#7894,#7912,#7938,#7948));
#7894 = ORIENTED_EDGE('',*,*,#7895,.T.);
#7895 = EDGE_CURVE('',#7896,#7898,#7900,.T.);
#7896 = VERTEX_POINT('',#7897);
#7897 = CARTESIAN_POINT('',(-5.672451049409,6.069749005049,
    -3.516807249887));
#7898 = VERTEX_POINT('',#7899);
#7899 = CARTESIAN_POINT('',(-6.416807249887,6.069749005049,
    -2.772451049409));
#7900 = B_SPLINE_CURVE_WITH_KNOTS('',3,(#7901,#7902,#7903,#7904,#7905,
    #7906,#7907,#7908,#7909,#7910,#7911),.UNSPECIFIED.,.F.,.F.,(4,1,1,1,
    1,1,1,1,4),(0.,0.125,0.25,0.375,0.5,0.625,0.75,0.875,1.),
  .QUASI_UNIFORM_KNOTS.);
#7901 = CARTESIAN_POINT('',(-5.672451049409,6.069749005049,
    -3.516807249887));
#7902 = CARTESIAN_POINT('',(-5.691383624975,5.955417856658,
    -3.47371014208));
#7903 = CARTESIAN_POINT('',(-5.732714768908,5.759553292802,
    -3.390981919267));
#7904 = CARTESIAN_POINT('',(-5.804158598417,5.555151874754,
    -3.276336698656));
#7905 = CARTESIAN_POINT('',(-5.884459426149,5.434561785478,
    -3.170548476269));
#7906 = CARTESIAN_POINT('',(-5.973290775315,5.394693665246,
    -3.073290775315));
#7907 = CARTESIAN_POINT('',(-6.070548476269,5.434561785478,
    -2.984459426149));
#7908 = CARTESIAN_POINT('',(-6.176336698656,5.555151874754,
    -2.904158598417));
#7909 = CARTESIAN_POINT('',(-6.290981919267,5.759553292802,
    -2.832714768908));
#7910 = CARTESIAN_POINT('',(-6.37371014208,5.955417856658,
    -2.791383624975));
#7911 = CARTESIAN_POINT('',(-6.416807249887,6.069749005049,
    -2.772451049409));
#7912 = ORIENTED_EDGE('',*,*,#7913,.T.);
#7913 = EDGE_CURVE('',#7898,#7914,#7916,.T.);
#7914 = VERTEX_POINT('',#7915);
#7915 = CARTESIAN_POINT('',(-6.27697746264,6.171132486541,
    -2.843123550038));
#7916 = B_SPLINE_CURVE_WITH_KNOTS('',3,(#7917,#7918,#7919,#7920,#7921,
    #7922,#7923,#7924,#7925,#7926,#7927,#7928,#7929,#7930,#7931,#7932,
    #7933,#7934,#7935,#7936,#7937),.UNSPECIFIED.,.F.,.F.,(4,1,1,1,1,1,1,
    1,1,1,1,1,1,1,1,1,1,1,4),(0.,5.555555555556E-02,0.111111111111,
    0.166666666667,0.222222222222,0.277777777778,0.333333333333,
    0.388888888889,0.444444444444,0.5,0.555555555556,0.611111111111,
    0.666666666667,0.722222222222,0.777777777778,0.833333333333,
    0.888888888889,0.944444444444,1.),.UNSPECIFIED.);
#7917 = CARTESIAN_POINT('',(-6.416807249887,6.069749005049,
    -2.772451049409));
#7918 = CARTESIAN_POINT('',(-6.417538861332,6.071689877208,
    -2.772129652228));
#7919 = CARTESIAN_POINT('',(-6.418704088403,6.07557226912,
    -2.771619145342));
#7920 = CARTESIAN_POINT('',(-6.419586101581,6.081356149355,
    -2.771233751875));
#7921 = CARTESIAN_POINT('',(-6.419624690862,6.087174957699,
    -2.771216905138));
#7922 = CARTESIAN_POINT('',(-6.418819398038,6.092964725063,
    -2.771568724255));
#7923 = CARTESIAN_POINT('',(-6.417133318298,6.098852392257,
    -2.772307174438));
#7924 = CARTESIAN_POINT('',(-6.414448960727,6.104910544273,
    -2.773488035166));
#7925 = CARTESIAN_POINT('',(-6.410702646556,6.111045747956,
    -2.775146826094));
#7926 = CARTESIAN_POINT('',(-6.405785395717,6.11726752517,
    -2.777343093762));
#7927 = CARTESIAN_POINT('',(-6.39954171286,6.123576878326,
    -2.780163277593));
#7928 = CARTESIAN_POINT('',(-6.391955972813,6.129833648009,
    -2.783637648665));
#7929 = CARTESIAN_POINT('',(-6.383019971171,6.135951354583,
    -2.78779826445));
#7930 = CARTESIAN_POINT('',(-6.372647852115,6.141900603007,
    -2.792720598667));
#7931 = CARTESIAN_POINT('',(-6.360891429991,6.147579416418,
    -2.798422496651));
#7932 = CARTESIAN_POINT('',(-6.347740395157,6.152947424908,
    -2.804956318309));
#7933 = CARTESIAN_POINT('',(-6.332975627242,6.158030593989,
    -2.812490154146));
#7934 = CARTESIAN_POINT('',(-6.316431401921,6.162798697266,
    -2.821186442463));
#7935 = CARTESIAN_POINT('',(-6.297976808944,6.167203758263,
    -2.831209544856));
#7936 = CARTESIAN_POINT('',(-6.284203417332,6.169879491217,
    -2.838966794538));
#7937 = CARTESIAN_POINT('',(-6.27697746264,6.171132486541,
    -2.843123550038));
#7938 = ORIENTED_EDGE('',*,*,#7939,.T.);
#7939 = EDGE_CURVE('',#7914,#7940,#7942,.T.);
#7940 = VERTEX_POINT('',#7941);
#7941 = CARTESIAN_POINT('',(-5.743123550038,6.171132486541,
    -3.37697746264));
#7942 = B_SPLINE_CURVE_WITH_KNOTS('',3,(#7943,#7944,#7945,#7946,#7947),
  .UNSPECIFIED.,.F.,.F.,(4,1,4),(0.,0.5,1.),.QUASI_UNIFORM_KNOTS.);
#7943 = CARTESIAN_POINT('',(-6.27697746264,6.171132486541,
    -2.843123550038));
#7944 = CARTESIAN_POINT('',(-6.164010687606,6.190721156388,
    -2.908108079205));
#7945 = CARTESIAN_POINT('',(-5.963330951153,6.209278843612,
    -3.063330951153));
#7946 = CARTESIAN_POINT('',(-5.808108079205,6.190721156388,
    -3.264010687606));
#7947 = CARTESIAN_POINT('',(-5.743123550038,6.171132486541,
    -3.37697746264));
#7948 = ORIENTED_EDGE('',*,*,#7949,.T.);
#7949 = EDGE_CURVE('',#7940,#7896,#7950,.T.);
#7950 = B_SPLINE_CURVE_WITH_KNOTS('',3,(#7951,#7952,#7953,#7954,#7955,
    #7956,#7957,#7958,#7959,#7960,#7961,#7962,#7963,#7964,#7965,#7966,
    #7967,#7968,#7969,#7970,#7971),.UNSPECIFIED.,.F.,.F.,(4,1,1,1,1,1,1,
    1,1,1,1,1,1,1,1,1,1,1,4),(0.,5.555555555556E-02,0.111111111111,
    0.166666666667,0.222222222222,0.277777777778,0.333333333333,
    0.388888888889,0.444444444444,0.5,0.555555555556,0.611111111111,
    0.666666666667,0.722222222222,0.777777777778,0.833333333333,
    0.888888888889,0.944444444444,1.),.UNSPECIFIED.);
#7951 = CARTESIAN_POINT('',(-5.743123550038,6.171132486541,
    -3.37697746264));
#7952 = CARTESIAN_POINT('',(-5.738980276821,6.169883555261,
    -3.384179980215));
#7953 = CARTESIAN_POINT('',(-5.731246769961,6.167217187315,
    -3.39791022151));
#7954 = CARTESIAN_POINT('',(-5.721249662027,6.162828664999,
    -3.416313637593));
#7955 = CARTESIAN_POINT('',(-5.712573574941,6.158080170784,
    -3.432815009115));
#7956 = CARTESIAN_POINT('',(-5.70505599411,6.153020255631,
    -3.447542837151));
#7957 = CARTESIAN_POINT('',(-5.698537399305,6.14768147175,-3.46065776576
    ));
#7958 = CARTESIAN_POINT('',(-5.69285009117,6.142040205833,
    -3.472378310609));
#7959 = CARTESIAN_POINT('',(-5.687937472579,6.136133895136,
    -3.482724109439));
#7960 = CARTESIAN_POINT('',(-5.6837806949,6.130062619363,-3.491646409811
    ));
#7961 = CARTESIAN_POINT('',(-5.680302221905,6.123851346908,
    -3.499236323871));
#7962 = CARTESIAN_POINT('',(-5.677469337815,6.117579983552,
    -3.505504350925));
#7963 = CARTESIAN_POINT('',(-5.675256174627,6.111392627897,
    -3.510456748362));
#7964 = CARTESIAN_POINT('',(-5.673574356932,6.105278472093,
    -3.51425330769));
#7965 = CARTESIAN_POINT('',(-5.672361858013,6.099199321338,
    -3.517008656975));
#7966 = CARTESIAN_POINT('',(-5.671592460242,6.093231878203,
    -3.518765102631));
#7967 = CARTESIAN_POINT('',(-5.671224978548,6.087421349191,
    -3.519606200205));
#7968 = CARTESIAN_POINT('',(-5.671223817913,6.081621236643,
    -3.519608854839));
#7969 = CARTESIAN_POINT('',(-5.671602490946,6.075709565521,
    -3.518742150005));
#7970 = CARTESIAN_POINT('',(-5.672121301622,6.071740305337,
    -3.517557870207));
#7971 = CARTESIAN_POINT('',(-5.672451049409,6.069749005049,
    -3.516807249887));
#7972 = FACE_BOUND('',#7973,.F.);
#7973 = EDGE_LOOP('',(#7974,#7992,#8018,#8028));
#7974 = ORIENTED_EDGE('',*,*,#7975,.T.);
#7975 = EDGE_CURVE('',#7976,#7978,#7980,.T.);
#7976 = VERTEX_POINT('',#7977);
#7977 = CARTESIAN_POINT('',(-7.583192750113,6.069749005049,
    -2.772451049409));
#7978 = VERTEX_POINT('',#7979);
#7979 = CARTESIAN_POINT('',(-8.327548950591,6.069749005049,
    -3.516807249887));
#7980 = B_SPLINE_CURVE_WITH_KNOTS('',3,(#7981,#7982,#7983,#7984,#7985,
    #7986,#7987,#7988,#7989,#7990,#7991),.UNSPECIFIED.,.F.,.F.,(4,1,1,1,
    1,1,1,1,4),(0.,0.125,0.25,0.375,0.5,0.625,0.75,0.875,1.),
  .QUASI_UNIFORM_KNOTS.);
#7981 = CARTESIAN_POINT('',(-7.583192750113,6.069749005049,
    -2.772451049409));
#7982 = CARTESIAN_POINT('',(-7.62628985792,5.955417856658,
    -2.791383624975));
#7983 = CARTESIAN_POINT('',(-7.709018080733,5.759553292802,
    -2.832714768908));
#7984 = CARTESIAN_POINT('',(-7.823663301344,5.555151874754,
    -2.904158598417));
#7985 = CARTESIAN_POINT('',(-7.929451523731,5.434561785478,
    -2.984459426149));
#7986 = CARTESIAN_POINT('',(-8.026709224685,5.394693665246,
    -3.073290775315));
#7987 = CARTESIAN_POINT('',(-8.115540573851,5.434561785478,
    -3.170548476269));
#7988 = CARTESIAN_POINT('',(-8.195841401583,5.555151874754,
    -3.276336698656));
#7989 = CARTESIAN_POINT('',(-8.267285231092,5.759553292802,
    -3.390981919267));
#7990 = CARTESIAN_POINT('',(-8.308616375025,5.955417856658,
    -3.47371014208));
#7991 = CARTESIAN_POINT('',(-8.327548950591,6.069749005049,
    -3.516807249887));
#7992 = ORIENTED_EDGE('',*,*,#7993,.T.);
#7993 = EDGE_CURVE('',#7978,#7994,#7996,.T.);
#7994 = VERTEX_POINT('',#7995);
#7995 = CARTESIAN_POINT('',(-8.256876449962,6.171132486541,
    -3.37697746264));
#7996 = B_SPLINE_CURVE_WITH_KNOTS('',3,(#7997,#7998,#7999,#8000,#8001,
    #8002,#8003,#8004,#8005,#8006,#8007,#8008,#8009,#8010,#8011,#8012,
    #8013,#8014,#8015,#8016,#8017),.UNSPECIFIED.,.F.,.F.,(4,1,1,1,1,1,1,
    1,1,1,1,1,1,1,1,1,1,1,4),(0.,5.555555555556E-02,0.111111111111,
    0.166666666667,0.222222222222,0.277777777778,0.333333333333,
    0.388888888889,0.444444444444,0.5,0.555555555556,0.611111111111,
    0.666666666667,0.722222222222,0.777777777778,0.833333333333,
    0.888888888889,0.944444444444,1.),.UNSPECIFIED.);
#7997 = CARTESIAN_POINT('',(-8.327548950591,6.069749005049,
    -3.516807249887));
#7998 = CARTESIAN_POINT('',(-8.327878886004,6.071741438383,
    -3.517558297308));
#7999 = CARTESIAN_POINT('',(-8.328397937984,6.075713091111,
    -3.518743130083));
#8000 = CARTESIAN_POINT('',(-8.328776519369,6.081628932845,
    -3.519609627368));
#8001 = CARTESIAN_POINT('',(-8.328774732884,6.087433449543,
    -3.51960553911));
#8002 = CARTESIAN_POINT('',(-8.328406036839,6.093248671137,
    -3.518761664728));
#8003 = CARTESIAN_POINT('',(-8.327634698415,6.099220983322,
    -3.517000807321));
#8004 = CARTESIAN_POINT('',(-8.326419681076,6.105304039526,
    -3.514239793361));
#8005 = CARTESIAN_POINT('',(-8.324734803285,6.111421536867,
    -3.510436453328));
#8006 = CARTESIAN_POINT('',(-8.322517665297,6.117612523775,
    -3.505475401777));
#8007 = CARTESIAN_POINT('',(-8.319679527283,6.123887905903,
    -3.499196174618));
#8008 = CARTESIAN_POINT('',(-8.316193869361,6.130104082138,
    -3.491591284454));
#8009 = CARTESIAN_POINT('',(-8.312027266089,6.136181043383,
    -3.482649024036));
#8010 = CARTESIAN_POINT('',(-8.307103774255,6.142090772038,
    -3.472282098993));
#8011 = CARTESIAN_POINT('',(-8.301409039001,6.147729592396,
    -3.460548683912));
#8012 = CARTESIAN_POINT('',(-8.294888632335,6.153060983258,
    -3.447432985522));
#8013 = CARTESIAN_POINT('',(-8.287374986526,6.158110854764,
    -3.432715915106));
#8014 = CARTESIAN_POINT('',(-8.278709058918,6.162848257378,
    -3.416236729071));
#8015 = CARTESIAN_POINT('',(-8.26872860695,6.167226070905,
    -3.397866174972));
#8016 = CARTESIAN_POINT('',(-8.261010668545,6.169886284653,
    -3.384164239964));
#8017 = CARTESIAN_POINT('',(-8.256876449962,6.171132486541,
    -3.37697746264));
#8018 = ORIENTED_EDGE('',*,*,#8019,.T.);
#8019 = EDGE_CURVE('',#7994,#8020,#8022,.T.);
#8020 = VERTEX_POINT('',#8021);
#8021 = CARTESIAN_POINT('',(-7.72302253736,6.171132486541,
    -2.843123550038));
#8022 = B_SPLINE_CURVE_WITH_KNOTS('',3,(#8023,#8024,#8025,#8026,#8027),
  .UNSPECIFIED.,.F.,.F.,(4,1,4),(0.,0.5,1.),.QUASI_UNIFORM_KNOTS.);
#8023 = CARTESIAN_POINT('',(-8.256876449962,6.171132486541,
    -3.37697746264));
#8024 = CARTESIAN_POINT('',(-8.191891920795,6.190721156388,
    -3.264010687606));
#8025 = CARTESIAN_POINT('',(-8.036669048847,6.209278843612,
    -3.063330951153));
#8026 = CARTESIAN_POINT('',(-7.835989312394,6.190721156388,
    -2.908108079205));
#8027 = CARTESIAN_POINT('',(-7.72302253736,6.171132486541,
    -2.843123550038));
#8028 = ORIENTED_EDGE('',*,*,#8029,.T.);
#8029 = EDGE_CURVE('',#8020,#7976,#8030,.T.);
#8030 = B_SPLINE_CURVE_WITH_KNOTS('',3,(#8031,#8032,#8033,#8034,#8035,
    #8036,#8037,#8038,#8039,#8040,#8041,#8042,#8043,#8044,#8045,#8046,
    #8047,#8048,#8049,#8050,#8051),.UNSPECIFIED.,.F.,.F.,(4,1,1,1,1,1,1,
    1,1,1,1,1,1,1,1,1,1,1,4),(0.,5.555555555556E-02,0.111111111111,
    0.166666666667,0.222222222222,0.277777777778,0.333333333333,
    0.388888888889,0.444444444444,0.5,0.555555555556,0.611111111111,
    0.666666666667,0.722222222222,0.777777777778,0.833333333333,
    0.888888888889,0.944444444444,1.),.UNSPECIFIED.);
#8031 = CARTESIAN_POINT('',(-7.72302253736,6.171132486541,
    -2.843123550038));
#8032 = CARTESIAN_POINT('',(-7.715765634865,6.169874124805,
    -2.838948991707));
#8033 = CARTESIAN_POINT('',(-7.701939802771,6.167186788063,
    -2.831163001703));
#8034 = CARTESIAN_POINT('',(-7.683438565608,6.16276528195,
    -2.821116757752));
#8035 = CARTESIAN_POINT('',(-7.666871558113,6.157982880737,
    -2.812410940652));
#8036 = CARTESIAN_POINT('',(-7.652103475609,6.152889072364,
    -2.804877716997));
#8037 = CARTESIAN_POINT('',(-7.638961034363,6.147513936631,
    -2.798350115226));
#8038 = CARTESIAN_POINT('',(-7.627220476015,6.141831146787,
    -2.792657490918));
#8039 = CARTESIAN_POINT('',(-7.616874716277,6.135884644636,
    -2.787748857295));
#8040 = CARTESIAN_POINT('',(-7.607980208725,6.129784087053,
    -2.783608290667));
#8041 = CARTESIAN_POINT('',(-7.600441486667,6.123559002152,
    -2.780155728358));
#8042 = CARTESIAN_POINT('',(-7.594231462863,6.117284836812,
    -2.777350688279));
#8043 = CARTESIAN_POINT('',(-7.589304395278,6.111059136871,
    -2.775149920469));
#8044 = CARTESIAN_POINT('',(-7.585529813015,6.104873617926,
    -2.773478653551));
#8045 = CARTESIAN_POINT('',(-7.582849236675,6.098805907669,
    -2.77229952085));
#8046 = CARTESIAN_POINT('',(-7.581163666471,6.092891864842,
    -2.771561317681));
#8047 = CARTESIAN_POINT('',(-7.580376456663,6.087117299196,
    -2.771217407722));
#8048 = CARTESIAN_POINT('',(-7.580412537117,6.081451633353,
    -2.771233159699));
#8049 = CARTESIAN_POINT('',(-7.581264467954,6.075702399519,
    -2.771605395008));
#8050 = CARTESIAN_POINT('',(-7.582440355245,6.071745012986,
    -2.772120522062));
#8051 = CARTESIAN_POINT('',(-7.583192750113,6.069749005049,
    -2.772451049409));
#8052 = CYLINDRICAL_SURFACE('',#8053,1.45);
#8053 = AXIS2_PLACEMENT_3D('',#8054,#8055,#8056);
#8054 = CARTESIAN_POINT('',(-7.,6.3,-4.1));
#8055 = DIRECTION('',(0.,1.,0.));
#8056 = DIRECTION('',(-1.,0.,0.));
#8057 = ADVANCED_FACE('',(#8058,#8072,#8152),#8232,.F.);
#8058 = FACE_BOUND('',#8059,.F.);
#8059 = EDGE_LOOP('',(#8060,#8061,#8068,#8069,#8070,#8071));
#8060 = ORIENTED_EDGE('',*,*,#7877,.T.);
#8061 = ORIENTED_EDGE('',*,*,#8062,.T.);
#8062 = EDGE_CURVE('',#7870,#7810,#8063,.T.);
#8063 = CIRCLE('',#8064,1.45);
#8064 = AXIS2_PLACEMENT_3D('',#8065,#8066,#8067);
#8065 = CARTESIAN_POINT('',(-7.,5.04641,-4.1));
#8066 = DIRECTION('',(0.,1.,0.));
#8067 = DIRECTION('',(0.978362824766,0.,-0.206896551724));
#8068 = ORIENTED_EDGE('',*,*,#7809,.T.);
#8069 = ORIENTED_EDGE('',*,*,#7801,.F.);
#8070 = ORIENTED_EDGE('',*,*,#5030,.F.);
#8071 = ORIENTED_EDGE('',*,*,#7886,.T.);
#8072 = FACE_BOUND('',#8073,.F.);
#8073 = EDGE_LOOP('',(#8074,#8092,#8118,#8128));
#8074 = ORIENTED_EDGE('',*,*,#8075,.T.);
#8075 = EDGE_CURVE('',#8076,#8078,#8080,.T.);
#8076 = VERTEX_POINT('',#8077);
#8077 = CARTESIAN_POINT('',(-6.416807249887,6.069749005049,
    -5.427548950591));
#8078 = VERTEX_POINT('',#8079);
#8079 = CARTESIAN_POINT('',(-5.672451049409,6.069749005049,
    -4.683192750113));
#8080 = B_SPLINE_CURVE_WITH_KNOTS('',3,(#8081,#8082,#8083,#8084,#8085,
    #8086,#8087,#8088,#8089,#8090,#8091),.UNSPECIFIED.,.F.,.F.,(4,1,1,1,
    1,1,1,1,4),(0.,0.125,0.25,0.375,0.5,0.625,0.75,0.875,1.),
  .QUASI_UNIFORM_KNOTS.);
#8081 = CARTESIAN_POINT('',(-6.416807249887,6.069749005049,
    -5.427548950591));
#8082 = CARTESIAN_POINT('',(-6.37371014208,5.955417856658,
    -5.408616375025));
#8083 = CARTESIAN_POINT('',(-6.290981919267,5.759553292802,
    -5.367285231092));
#8084 = CARTESIAN_POINT('',(-6.176336698656,5.555151874754,
    -5.295841401583));
#8085 = CARTESIAN_POINT('',(-6.070548476269,5.434561785478,
    -5.215540573851));
#8086 = CARTESIAN_POINT('',(-5.973290775315,5.394693665246,
    -5.126709224685));
#8087 = CARTESIAN_POINT('',(-5.884459426149,5.434561785478,
    -5.029451523731));
#8088 = CARTESIAN_POINT('',(-5.804158598417,5.555151874754,
    -4.923663301344));
#8089 = CARTESIAN_POINT('',(-5.732714768908,5.759553292802,
    -4.809018080733));
#8090 = CARTESIAN_POINT('',(-5.691383624975,5.955417856658,
    -4.72628985792));
#8091 = CARTESIAN_POINT('',(-5.672451049409,6.069749005049,
    -4.683192750113));
#8092 = ORIENTED_EDGE('',*,*,#8093,.T.);
#8093 = EDGE_CURVE('',#8078,#8094,#8096,.T.);
#8094 = VERTEX_POINT('',#8095);
#8095 = CARTESIAN_POINT('',(-5.743123550038,6.171132486541,
    -4.82302253736));
#8096 = B_SPLINE_CURVE_WITH_KNOTS('',3,(#8097,#8098,#8099,#8100,#8101,
    #8102,#8103,#8104,#8105,#8106,#8107,#8108,#8109,#8110,#8111,#8112,
    #8113,#8114,#8115,#8116,#8117),.UNSPECIFIED.,.F.,.F.,(4,1,1,1,1,1,1,
    1,1,1,1,1,1,1,1,1,1,1,4),(0.,5.555555555556E-02,0.111111111111,
    0.166666666667,0.222222222222,0.277777777778,0.333333333333,
    0.388888888889,0.444444444444,0.5,0.555555555556,0.611111111111,
    0.666666666667,0.722222222222,0.777777777778,0.833333333333,
    0.888888888889,0.944444444444,1.),.UNSPECIFIED.);
#8097 = CARTESIAN_POINT('',(-5.672451049409,6.069749005049,
    -4.683192750113));
#8098 = CARTESIAN_POINT('',(-5.672121113996,6.071741438383,
    -4.682441702692));
#8099 = CARTESIAN_POINT('',(-5.671602062016,6.075713091111,
    -4.681256869917));
#8100 = CARTESIAN_POINT('',(-5.671223480631,6.081628932845,
    -4.680390372632));
#8101 = CARTESIAN_POINT('',(-5.671225267116,6.087433449543,
    -4.68039446089));
#8102 = CARTESIAN_POINT('',(-5.671593963161,6.093248671137,
    -4.681238335272));
#8103 = CARTESIAN_POINT('',(-5.672365301585,6.099220983322,
    -4.682999192679));
#8104 = CARTESIAN_POINT('',(-5.673580318924,6.105304039526,
    -4.685760206639));
#8105 = CARTESIAN_POINT('',(-5.675265196715,6.111421536867,
    -4.689563546672));
#8106 = CARTESIAN_POINT('',(-5.677482334703,6.117612523775,
    -4.694524598223));
#8107 = CARTESIAN_POINT('',(-5.680320472717,6.123887905903,
    -4.700803825382));
#8108 = CARTESIAN_POINT('',(-5.683806130639,6.130104082138,
    -4.708408715546));
#8109 = CARTESIAN_POINT('',(-5.687972733911,6.136181043383,
    -4.717350975964));
#8110 = CARTESIAN_POINT('',(-5.692896225745,6.142090772038,
    -4.727717901007));
#8111 = CARTESIAN_POINT('',(-5.698590960999,6.147729592396,
    -4.739451316088));
#8112 = CARTESIAN_POINT('',(-5.705111367665,6.153060983258,
    -4.752567014478));
#8113 = CARTESIAN_POINT('',(-5.712625013474,6.158110854764,
    -4.767284084894));
#8114 = CARTESIAN_POINT('',(-5.721290941082,6.162848257378,
    -4.783763270929));
#8115 = CARTESIAN_POINT('',(-5.73127139305,6.167226070905,
    -4.802133825028));
#8116 = CARTESIAN_POINT('',(-5.738989331455,6.169886284653,
    -4.815835760036));
#8117 = CARTESIAN_POINT('',(-5.743123550038,6.171132486541,
    -4.82302253736));
#8118 = ORIENTED_EDGE('',*,*,#8119,.T.);
#8119 = EDGE_CURVE('',#8094,#8120,#8122,.T.);
#8120 = VERTEX_POINT('',#8121);
#8121 = CARTESIAN_POINT('',(-6.27697746264,6.171132486541,
    -5.356876449962));
#8122 = B_SPLINE_CURVE_WITH_KNOTS('',3,(#8123,#8124,#8125,#8126,#8127),
  .UNSPECIFIED.,.F.,.F.,(4,1,4),(0.,0.5,1.),.QUASI_UNIFORM_KNOTS.);
#8123 = CARTESIAN_POINT('',(-5.743123550038,6.171132486541,
    -4.82302253736));
#8124 = CARTESIAN_POINT('',(-5.808108079205,6.190721156388,
    -4.935989312394));
#8125 = CARTESIAN_POINT('',(-5.963330951153,6.209278843612,
    -5.136669048847));
#8126 = CARTESIAN_POINT('',(-6.164010687606,6.190721156388,
    -5.291891920795));
#8127 = CARTESIAN_POINT('',(-6.27697746264,6.171132486541,
    -5.356876449962));
#8128 = ORIENTED_EDGE('',*,*,#8129,.T.);
#8129 = EDGE_CURVE('',#8120,#8076,#8130,.T.);
#8130 = B_SPLINE_CURVE_WITH_KNOTS('',3,(#8131,#8132,#8133,#8134,#8135,
    #8136,#8137,#8138,#8139,#8140,#8141,#8142,#8143,#8144,#8145,#8146,
    #8147,#8148,#8149,#8150,#8151),.UNSPECIFIED.,.F.,.F.,(4,1,1,1,1,1,1,
    1,1,1,1,1,1,1,1,1,1,1,4),(0.,5.555555555556E-02,0.111111111111,
    0.166666666667,0.222222222222,0.277777777778,0.333333333333,
    0.388888888889,0.444444444444,0.5,0.555555555556,0.611111111111,
    0.666666666667,0.722222222222,0.777777777778,0.833333333333,
    0.888888888889,0.944444444444,1.),.UNSPECIFIED.);
#8131 = CARTESIAN_POINT('',(-6.27697746264,6.171132486541,
    -5.356876449962));
#8132 = CARTESIAN_POINT('',(-6.284161844682,6.1698867,-5.361009290651));
#8133 = CARTESIAN_POINT('',(-6.297864531497,6.167226656918,
    -5.368727806184));
#8134 = CARTESIAN_POINT('',(-6.316261931989,6.162842173194,
    -5.378722710772));
#8135 = CARTESIAN_POINT('',(-6.332766963716,6.158095314575,
    -5.38740155412));
#8136 = CARTESIAN_POINT('',(-6.34749565334,6.15303756941,-5.394920178238
    ));
#8137 = CARTESIAN_POINT('',(-6.360581196957,6.147714072742,
    -5.401424807931));
#8138 = CARTESIAN_POINT('',(-6.372253406991,6.142103844057,
    -5.407089783714));
#8139 = CARTESIAN_POINT('',(-6.382573802344,6.136226541809,
    -5.411991796586));
#8140 = CARTESIAN_POINT('',(-6.391508450141,6.130164908462,
    -5.416155577811));
#8141 = CARTESIAN_POINT('',(-6.399126727254,6.123952392715,
    -5.419648012751));
#8142 = CARTESIAN_POINT('',(-6.40549204294,6.117602947232,
    -5.422525332328));
#8143 = CARTESIAN_POINT('',(-6.410547556614,6.111275257262,
    -5.424784320069));
#8144 = CARTESIAN_POINT('',(-6.414367469119,6.105069586226,
    -5.426476034101));
#8145 = CARTESIAN_POINT('',(-6.417089748135,6.098976907224,
    -5.427673716266));
#8146 = CARTESIAN_POINT('',(-6.418798556808,6.093060721764,
    -5.428422161214));
#8147 = CARTESIAN_POINT('',(-6.419608261943,6.087334187692,
    -5.428775920982));
#8148 = CARTESIAN_POINT('',(-6.419604861368,6.081614312387,-5.4287744374
    ));
#8149 = CARTESIAN_POINT('',(-6.418750561683,6.075749799551,
    -5.428401185025));
#8150 = CARTESIAN_POINT('',(-6.417564948837,6.071759084043,
    -5.427881808023));
#8151 = CARTESIAN_POINT('',(-6.416807249887,6.069749005049,
    -5.427548950591));
#8152 = FACE_BOUND('',#8153,.F.);
#8153 = EDGE_LOOP('',(#8154,#8172,#8198,#8208));
#8154 = ORIENTED_EDGE('',*,*,#8155,.T.);
#8155 = EDGE_CURVE('',#8156,#8158,#8160,.T.);
#8156 = VERTEX_POINT('',#8157);
#8157 = CARTESIAN_POINT('',(-8.327548950591,6.069749005049,
    -4.683192750113));
#8158 = VERTEX_POINT('',#8159);
#8159 = CARTESIAN_POINT('',(-7.583192750113,6.069749005049,
    -5.427548950591));
#8160 = B_SPLINE_CURVE_WITH_KNOTS('',3,(#8161,#8162,#8163,#8164,#8165,
    #8166,#8167,#8168,#8169,#8170,#8171),.UNSPECIFIED.,.F.,.F.,(4,1,1,1,
    1,1,1,1,4),(0.,0.125,0.25,0.375,0.5,0.625,0.75,0.875,1.),
  .QUASI_UNIFORM_KNOTS.);
#8161 = CARTESIAN_POINT('',(-8.327548950591,6.069749005049,
    -4.683192750113));
#8162 = CARTESIAN_POINT('',(-8.308616375025,5.955417856658,
    -4.72628985792));
#8163 = CARTESIAN_POINT('',(-8.267285231092,5.759553292802,
    -4.809018080733));
#8164 = CARTESIAN_POINT('',(-8.195841401583,5.555151874754,
    -4.923663301344));
#8165 = CARTESIAN_POINT('',(-8.115540573851,5.434561785478,
    -5.029451523731));
#8166 = CARTESIAN_POINT('',(-8.026709224685,5.394693665246,
    -5.126709224685));
#8167 = CARTESIAN_POINT('',(-7.929451523731,5.434561785478,
    -5.215540573851));
#8168 = CARTESIAN_POINT('',(-7.823663301344,5.555151874754,
    -5.295841401583));
#8169 = CARTESIAN_POINT('',(-7.709018080733,5.759553292802,
    -5.367285231092));
#8170 = CARTESIAN_POINT('',(-7.62628985792,5.955417856658,
    -5.408616375025));
#8171 = CARTESIAN_POINT('',(-7.583192750113,6.069749005049,
    -5.427548950591));
#8172 = ORIENTED_EDGE('',*,*,#8173,.T.);
#8173 = EDGE_CURVE('',#8158,#8174,#8176,.T.);
#8174 = VERTEX_POINT('',#8175);
#8175 = CARTESIAN_POINT('',(-7.72302253736,6.171132486541,
    -5.356876449962));
#8176 = B_SPLINE_CURVE_WITH_KNOTS('',3,(#8177,#8178,#8179,#8180,#8181,
    #8182,#8183,#8184,#8185,#8186,#8187,#8188,#8189,#8190,#8191,#8192,
    #8193,#8194,#8195,#8196,#8197),.UNSPECIFIED.,.F.,.F.,(4,1,1,1,1,1,1,
    1,1,1,1,1,1,1,1,1,1,1,4),(0.,5.555555555556E-02,0.111111111111,
    0.166666666667,0.222222222222,0.277777777778,0.333333333333,
    0.388888888889,0.444444444444,0.5,0.555555555556,0.611111111111,
    0.666666666667,0.722222222222,0.777777777778,0.833333333333,
    0.888888888889,0.944444444444,1.),.UNSPECIFIED.);
#8177 = CARTESIAN_POINT('',(-7.583192750113,6.069749005049,
    -5.427548950591));
#8178 = CARTESIAN_POINT('',(-7.582434255509,6.071761194812,
    -5.427882157554));
#8179 = CARTESIAN_POINT('',(-7.581247942632,6.075755616176,
    -5.428401839372));
#8180 = CARTESIAN_POINT('',(-7.5803943981,6.081623062142,-5.428774760673
    ));
#8181 = CARTESIAN_POINT('',(-7.580392402503,6.087344802485,
    -5.428775630931));
#8182 = CARTESIAN_POINT('',(-7.581204042246,6.093073466264,
    -5.428421024937));
#8183 = CARTESIAN_POINT('',(-7.582916091345,6.098993451685,
    -5.427671155106));
#8184 = CARTESIAN_POINT('',(-7.58564383985,6.105091609546,
    -5.426471047776));
#8185 = CARTESIAN_POINT('',(-7.589473124115,6.111305398505,
    -5.424775134331));
#8186 = CARTESIAN_POINT('',(-7.59454312989,6.117642732695,-5.42250954753
    ));
#8187 = CARTESIAN_POINT('',(-7.600923900403,6.123998298684,
    -5.419624992724));
#8188 = CARTESIAN_POINT('',(-7.60855919907,6.130215529321,
    -5.416124349837));
#8189 = CARTESIAN_POINT('',(-7.617514656156,6.136281719083,
    -5.411950224537));
#8190 = CARTESIAN_POINT('',(-7.627851438637,6.142158625206,
    -5.407039470992));
#8191 = CARTESIAN_POINT('',(-7.639531748182,6.147763750438,
    -5.401369324108));
#8192 = CARTESIAN_POINT('',(-7.652615243644,6.153078630538,
    -5.394864265816));
#8193 = CARTESIAN_POINT('',(-7.667332650427,6.158126146093,
    -5.387349841357));
#8194 = CARTESIAN_POINT('',(-7.683815746102,6.16286196276,
    -5.378681019108));
#8195 = CARTESIAN_POINT('',(-7.702180637572,6.167235774495,
    -5.368702558779));
#8196 = CARTESIAN_POINT('',(-7.715854363052,6.169889510454,
    -5.360999967096));
#8197 = CARTESIAN_POINT('',(-7.72302253736,6.171132486541,
    -5.356876449962));
#8198 = ORIENTED_EDGE('',*,*,#8199,.T.);
#8199 = EDGE_CURVE('',#8174,#8200,#8202,.T.);
#8200 = VERTEX_POINT('',#8201);
#8201 = CARTESIAN_POINT('',(-8.256876449962,6.171132486541,
    -4.82302253736));
#8202 = B_SPLINE_CURVE_WITH_KNOTS('',3,(#8203,#8204,#8205,#8206,#8207),
  .UNSPECIFIED.,.F.,.F.,(4,1,4),(0.,0.5,1.),.QUASI_UNIFORM_KNOTS.);
#8203 = CARTESIAN_POINT('',(-7.72302253736,6.171132486541,
    -5.356876449962));
#8204 = CARTESIAN_POINT('',(-7.835989312394,6.190721156388,
    -5.291891920795));
#8205 = CARTESIAN_POINT('',(-8.036669048847,6.209278843612,
    -5.136669048847));
#8206 = CARTESIAN_POINT('',(-8.191891920795,6.190721156388,
    -4.935989312394));
#8207 = CARTESIAN_POINT('',(-8.256876449962,6.171132486541,
    -4.82302253736));
#8208 = ORIENTED_EDGE('',*,*,#8209,.T.);
#8209 = EDGE_CURVE('',#8200,#8156,#8210,.T.);
#8210 = B_SPLINE_CURVE_WITH_KNOTS('',3,(#8211,#8212,#8213,#8214,#8215,
    #8216,#8217,#8218,#8219,#8220,#8221,#8222,#8223,#8224,#8225,#8226,
    #8227,#8228,#8229,#8230,#8231),.UNSPECIFIED.,.F.,.F.,(4,1,1,1,1,1,1,
    1,1,1,1,1,1,1,1,1,1,1,4),(0.,5.555555555556E-02,0.111111111111,
    0.166666666667,0.222222222222,0.277777777778,0.333333333333,
    0.388888888889,0.444444444444,0.5,0.555555555556,0.611111111111,
    0.666666666667,0.722222222222,0.777777777778,0.833333333333,
    0.888888888889,0.944444444444,1.),.UNSPECIFIED.);
#8211 = CARTESIAN_POINT('',(-8.256876449962,6.171132486541,
    -4.82302253736));
#8212 = CARTESIAN_POINT('',(-8.261019723179,6.169883555261,
    -4.815820019785));
#8213 = CARTESIAN_POINT('',(-8.268753230039,6.167217187315,
    -4.80208977849));
#8214 = CARTESIAN_POINT('',(-8.278750337973,6.162828664999,
    -4.783686362407));
#8215 = CARTESIAN_POINT('',(-8.287426425059,6.158080170784,
    -4.767184990885));
#8216 = CARTESIAN_POINT('',(-8.29494400589,6.153020255631,
    -4.752457162849));
#8217 = CARTESIAN_POINT('',(-8.301462600695,6.14768147175,-4.73934223424
    ));
#8218 = CARTESIAN_POINT('',(-8.30714990883,6.142040205833,
    -4.727621689391));
#8219 = CARTESIAN_POINT('',(-8.312062527421,6.136133895136,
    -4.717275890561));
#8220 = CARTESIAN_POINT('',(-8.3162193051,6.130062619363,-4.708353590189
    ));
#8221 = CARTESIAN_POINT('',(-8.319697778095,6.123851346908,
    -4.700763676129));
#8222 = CARTESIAN_POINT('',(-8.322530662185,6.117579983552,
    -4.694495649075));
#8223 = CARTESIAN_POINT('',(-8.324743825373,6.111392627897,
    -4.689543251638));
#8224 = CARTESIAN_POINT('',(-8.326425643068,6.105278472093,
    -4.68574669231));
#8225 = CARTESIAN_POINT('',(-8.327638141987,6.099199321338,
    -4.682991343025));
#8226 = CARTESIAN_POINT('',(-8.328407539758,6.093231878203,
    -4.681234897369));
#8227 = CARTESIAN_POINT('',(-8.328775021452,6.087421349191,
    -4.680393799795));
#8228 = CARTESIAN_POINT('',(-8.328776182087,6.081621236643,
    -4.680391145161));
#8229 = CARTESIAN_POINT('',(-8.328397509054,6.075709565521,
    -4.681257849995));
#8230 = CARTESIAN_POINT('',(-8.327878698378,6.071740305337,
    -4.682442129793));
#8231 = CARTESIAN_POINT('',(-8.327548950591,6.069749005049,
    -4.683192750113));
#8232 = CYLINDRICAL_SURFACE('',#8233,1.45);
#8233 = AXIS2_PLACEMENT_3D('',#8234,#8235,#8236);
#8234 = CARTESIAN_POINT('',(-7.,6.3,-4.1));
#8235 = DIRECTION('',(0.,1.,0.));
#8236 = DIRECTION('',(-1.,0.,0.));
#8237 = ADVANCED_FACE('',(#8238),#8247,.T.);
#8238 = FACE_BOUND('',#8239,.F.);
#8239 = EDGE_LOOP('',(#8240,#8246));
#8240 = ORIENTED_EDGE('',*,*,#8241,.T.);
#8241 = EDGE_CURVE('',#7870,#7810,#8242,.T.);
#8242 = LINE('',#8243,#8244);
#8243 = CARTESIAN_POINT('',(-5.581373904089,5.04641,-4.4));
#8244 = VECTOR('',#8245,1.);
#8245 = DIRECTION('',(-1.,0.,0.));
#8246 = ORIENTED_EDGE('',*,*,#8062,.F.);
#8247 = PLANE('',#8248);
#8248 = AXIS2_PLACEMENT_3D('',#8249,#8250,#8251);
#8249 = CARTESIAN_POINT('',(-5.25,5.04641,0.));
#8250 = DIRECTION('',(0.,1.,0.));
#8251 = DIRECTION('',(-1.,0.,0.));
#8252 = ADVANCED_FACE('',(#8253),#8262,.T.);
#8253 = FACE_BOUND('',#8254,.F.);
#8254 = EDGE_LOOP('',(#8255,#8261));
#8255 = ORIENTED_EDGE('',*,*,#8256,.T.);
#8256 = EDGE_CURVE('',#7836,#7844,#8257,.T.);
#8257 = LINE('',#8258,#8259);
#8258 = CARTESIAN_POINT('',(-8.418626095911,5.04641,-3.8));
#8259 = VECTOR('',#8260,1.);
#8260 = DIRECTION('',(1.,0.,0.));
#8261 = ORIENTED_EDGE('',*,*,#7843,.F.);
#8262 = PLANE('',#8263);
#8263 = AXIS2_PLACEMENT_3D('',#8264,#8265,#8266);
#8264 = CARTESIAN_POINT('',(-5.25,5.04641,0.));
#8265 = DIRECTION('',(0.,1.,0.));
#8266 = DIRECTION('',(-1.,0.,0.));
#8267 = ADVANCED_FACE('',(#8268),#8279,.F.);
#8268 = FACE_BOUND('',#8269,.F.);
#8269 = EDGE_LOOP('',(#8270,#8271,#8277,#8278));
#8270 = ORIENTED_EDGE('',*,*,#7869,.T.);
#8271 = ORIENTED_EDGE('',*,*,#8272,.F.);
#8272 = EDGE_CURVE('',#7819,#7861,#8273,.T.);
#8273 = LINE('',#8274,#8275);
#8274 = CARTESIAN_POINT('',(-8.418626095911,4.44641,-4.4));
#8275 = VECTOR('',#8276,1.);
#8276 = DIRECTION('',(1.,0.,0.));
#8277 = ORIENTED_EDGE('',*,*,#7818,.F.);
#8278 = ORIENTED_EDGE('',*,*,#8241,.F.);
#8279 = PLANE('',#8280);
#8280 = AXIS2_PLACEMENT_3D('',#8281,#8282,#8283);
#8281 = CARTESIAN_POINT('',(-5.581373904089,5.04641,-4.4));
#8282 = DIRECTION('',(0.,0.,-1.));
#8283 = DIRECTION('',(-1.,0.,0.));
#8284 = ADVANCED_FACE('',(#8285),#8296,.T.);
#8285 = FACE_BOUND('',#8286,.F.);
#8286 = EDGE_LOOP('',(#8287,#8288,#8294,#8295));
#8287 = ORIENTED_EDGE('',*,*,#7860,.T.);
#8288 = ORIENTED_EDGE('',*,*,#8289,.T.);
#8289 = EDGE_CURVE('',#7853,#7827,#8290,.T.);
#8290 = LINE('',#8291,#8292);
#8291 = CARTESIAN_POINT('',(-5.581373904089,4.44641,-3.8));
#8292 = VECTOR('',#8293,1.);
#8293 = DIRECTION('',(-1.,0.,0.));
#8294 = ORIENTED_EDGE('',*,*,#7826,.T.);
#8295 = ORIENTED_EDGE('',*,*,#8272,.T.);
#8296 = PLANE('',#8297);
#8297 = AXIS2_PLACEMENT_3D('',#8298,#8299,#8300);
#8298 = CARTESIAN_POINT('',(-5.25,4.44641,0.));
#8299 = DIRECTION('',(0.,1.,0.));
#8300 = DIRECTION('',(-1.,0.,0.));
#8301 = ADVANCED_FACE('',(#8302),#8308,.F.);
#8302 = FACE_BOUND('',#8303,.F.);
#8303 = EDGE_LOOP('',(#8304,#8305,#8306,#8307));
#8304 = ORIENTED_EDGE('',*,*,#7852,.F.);
#8305 = ORIENTED_EDGE('',*,*,#8256,.F.);
#8306 = ORIENTED_EDGE('',*,*,#7835,.T.);
#8307 = ORIENTED_EDGE('',*,*,#8289,.F.);
#8308 = PLANE('',#8309);
#8309 = AXIS2_PLACEMENT_3D('',#8310,#8311,#8312);
#8310 = CARTESIAN_POINT('',(-8.418626095911,5.04641,-3.8));
#8311 = DIRECTION('',(0.,0.,1.));
#8312 = DIRECTION('',(1.,0.,-0.));
#8313 = ADVANCED_FACE('',(#8314),#8323,.T.);
#8314 = FACE_BOUND('',#8315,.F.);
#8315 = EDGE_LOOP('',(#8316,#8322));
#8316 = ORIENTED_EDGE('',*,*,#8317,.F.);
#8317 = EDGE_CURVE('',#8078,#8076,#8318,.T.);
#8318 = LINE('',#8319,#8320);
#8319 = CARTESIAN_POINT('',(-5.672451049409,6.069749005049,
    -4.683192750113));
#8320 = VECTOR('',#8321,1.);
#8321 = DIRECTION('',(-0.707106781187,0.,-0.707106781187));
#8322 = ORIENTED_EDGE('',*,*,#8075,.F.);
#8323 = PLANE('',#8324);
#8324 = AXIS2_PLACEMENT_3D('',#8325,#8326,#8327);
#8325 = CARTESIAN_POINT('',(-5.44436508139,5.407983038656,
    -4.594974746831));
#8326 = DIRECTION('',(-0.699339823684,-0.14780941113,0.699339823684));
#8327 = DIRECTION('',(-0.104517036933,0.989015863362,0.104517036933));
#8328 = ADVANCED_FACE('',(#8329),#8340,.T.);
#8329 = FACE_BOUND('',#8330,.T.);
#8330 = EDGE_LOOP('',(#8331,#8332,#8338,#8339));
#8331 = ORIENTED_EDGE('',*,*,#8093,.T.);
#8332 = ORIENTED_EDGE('',*,*,#8333,.T.);
#8333 = EDGE_CURVE('',#8094,#8120,#8334,.T.);
#8334 = LINE('',#8335,#8336);
#8335 = CARTESIAN_POINT('',(-5.743123550038,6.171132486541,
    -4.82302253736));
#8336 = VECTOR('',#8337,1.);
#8337 = DIRECTION('',(-0.707106781187,0.,-0.707106781187));
#8338 = ORIENTED_EDGE('',*,*,#8129,.T.);
#8339 = ORIENTED_EDGE('',*,*,#8317,.F.);
#8340 = CYLINDRICAL_SURFACE('',#8341,0.1);
#8341 = AXIS2_PLACEMENT_3D('',#8342,#8343,#8344);
#8342 = CARTESIAN_POINT('',(-5.44436508139,6.084529946162,
    -4.594974746831));
#8343 = DIRECTION('',(-0.707106781187,0.,-0.707106781187));
#8344 = DIRECTION('',(0.,-1.,-0.));
#8345 = ADVANCED_FACE('',(#8346),#8350,.T.);
#8346 = FACE_BOUND('',#8347,.F.);
#8347 = EDGE_LOOP('',(#8348,#8349));
#8348 = ORIENTED_EDGE('',*,*,#8333,.T.);
#8349 = ORIENTED_EDGE('',*,*,#8119,.F.);
#8350 = PLANE('',#8351);
#8351 = AXIS2_PLACEMENT_3D('',#8352,#8353,#8354);
#8352 = CARTESIAN_POINT('',(-5.479720420449,6.171132486541,
    -4.559619407771));
#8353 = DIRECTION('',(-0.353553390593,0.866025403784,0.353553390593));
#8354 = DIRECTION('',(0.612372435696,0.5,-0.612372435696));
#8355 = ADVANCED_FACE('',(#8356),#8365,.T.);
#8356 = FACE_BOUND('',#8357,.F.);
#8357 = EDGE_LOOP('',(#8358,#8364));
#8358 = ORIENTED_EDGE('',*,*,#8359,.F.);
#8359 = EDGE_CURVE('',#8158,#8156,#8360,.T.);
#8360 = LINE('',#8361,#8362);
#8361 = CARTESIAN_POINT('',(-7.583192750113,6.069749005049,
    -5.427548950591));
#8362 = VECTOR('',#8363,1.);
#8363 = DIRECTION('',(-0.707106781187,0.,0.707106781187));
#8364 = ORIENTED_EDGE('',*,*,#8155,.F.);
#8365 = PLANE('',#8366);
#8366 = AXIS2_PLACEMENT_3D('',#8367,#8368,#8369);
#8367 = CARTESIAN_POINT('',(-7.494974746831,5.407983038656,
    -5.65563491861));
#8368 = DIRECTION('',(0.699339823684,-0.14780941113,0.699339823684));
#8369 = DIRECTION('',(0.104517036933,0.989015863362,0.104517036933));
#8370 = ADVANCED_FACE('',(#8371),#8382,.T.);
#8371 = FACE_BOUND('',#8372,.T.);
#8372 = EDGE_LOOP('',(#8373,#8374,#8380,#8381));
#8373 = ORIENTED_EDGE('',*,*,#8173,.T.);
#8374 = ORIENTED_EDGE('',*,*,#8375,.T.);
#8375 = EDGE_CURVE('',#8174,#8200,#8376,.T.);
#8376 = LINE('',#8377,#8378);
#8377 = CARTESIAN_POINT('',(-7.72302253736,6.171132486541,
    -5.356876449962));
#8378 = VECTOR('',#8379,1.);
#8379 = DIRECTION('',(-0.707106781187,0.,0.707106781187));
#8380 = ORIENTED_EDGE('',*,*,#8209,.T.);
#8381 = ORIENTED_EDGE('',*,*,#8359,.F.);
#8382 = CYLINDRICAL_SURFACE('',#8383,0.1);
#8383 = AXIS2_PLACEMENT_3D('',#8384,#8385,#8386);
#8384 = CARTESIAN_POINT('',(-7.494974746831,6.084529946162,
    -5.65563491861));
#8385 = DIRECTION('',(-0.707106781187,0.,0.707106781187));
#8386 = DIRECTION('',(0.,-1.,0.));
#8387 = ADVANCED_FACE('',(#8388),#8392,.T.);
#8388 = FACE_BOUND('',#8389,.F.);
#8389 = EDGE_LOOP('',(#8390,#8391));
#8390 = ORIENTED_EDGE('',*,*,#8375,.T.);
#8391 = ORIENTED_EDGE('',*,*,#8199,.F.);
#8392 = PLANE('',#8393);
#8393 = AXIS2_PLACEMENT_3D('',#8394,#8395,#8396);
#8394 = CARTESIAN_POINT('',(-7.459619407771,6.171132486541,
    -5.620279579551));
#8395 = DIRECTION('',(0.353553390593,0.866025403784,0.353553390593));
#8396 = DIRECTION('',(-0.612372435696,0.5,-0.612372435696));
#8397 = ADVANCED_FACE('',(#8398),#8407,.T.);
#8398 = FACE_BOUND('',#8399,.F.);
#8399 = EDGE_LOOP('',(#8400,#8406));
#8400 = ORIENTED_EDGE('',*,*,#8401,.F.);
#8401 = EDGE_CURVE('',#7898,#7896,#8402,.T.);
#8402 = LINE('',#8403,#8404);
#8403 = CARTESIAN_POINT('',(-6.416807249887,6.069749005049,
    -2.772451049409));
#8404 = VECTOR('',#8405,1.);
#8405 = DIRECTION('',(0.707106781187,0.,-0.707106781187));
#8406 = ORIENTED_EDGE('',*,*,#7895,.F.);
#8407 = PLANE('',#8408);
#8408 = AXIS2_PLACEMENT_3D('',#8409,#8410,#8411);
#8409 = CARTESIAN_POINT('',(-6.505025253169,5.407983038656,
    -2.54436508139));
#8410 = DIRECTION('',(-0.699339823684,-0.14780941113,-0.699339823684));
#8411 = DIRECTION('',(-0.104517036933,0.989015863362,-0.104517036933));
#8412 = ADVANCED_FACE('',(#8413),#8424,.T.);
#8413 = FACE_BOUND('',#8414,.T.);
#8414 = EDGE_LOOP('',(#8415,#8416,#8422,#8423));
#8415 = ORIENTED_EDGE('',*,*,#7913,.T.);
#8416 = ORIENTED_EDGE('',*,*,#8417,.T.);
#8417 = EDGE_CURVE('',#7914,#7940,#8418,.T.);
#8418 = LINE('',#8419,#8420);
#8419 = CARTESIAN_POINT('',(-6.27697746264,6.171132486541,
    -2.843123550038));
#8420 = VECTOR('',#8421,1.);
#8421 = DIRECTION('',(0.707106781186,0.,-0.707106781187));
#8422 = ORIENTED_EDGE('',*,*,#7949,.T.);
#8423 = ORIENTED_EDGE('',*,*,#8401,.F.);
#8424 = CYLINDRICAL_SURFACE('',#8425,0.1);
#8425 = AXIS2_PLACEMENT_3D('',#8426,#8427,#8428);
#8426 = CARTESIAN_POINT('',(-6.505025253169,6.084529946162,
    -2.54436508139));
#8427 = DIRECTION('',(0.707106781187,0.,-0.707106781187));
#8428 = DIRECTION('',(0.,-1.,0.));
#8429 = ADVANCED_FACE('',(#8430),#8434,.T.);
#8430 = FACE_BOUND('',#8431,.F.);
#8431 = EDGE_LOOP('',(#8432,#8433));
#8432 = ORIENTED_EDGE('',*,*,#8417,.T.);
#8433 = ORIENTED_EDGE('',*,*,#7939,.F.);
#8434 = PLANE('',#8435);
#8435 = AXIS2_PLACEMENT_3D('',#8436,#8437,#8438);
#8436 = CARTESIAN_POINT('',(-6.540380592229,6.171132486541,
    -2.579720420449));
#8437 = DIRECTION('',(-0.353553390593,0.866025403784,-0.353553390593));
#8438 = DIRECTION('',(0.612372435696,0.5,0.612372435696));
#8439 = ADVANCED_FACE('',(#8440),#8449,.T.);
#8440 = FACE_BOUND('',#8441,.F.);
#8441 = EDGE_LOOP('',(#8442,#8448));
#8442 = ORIENTED_EDGE('',*,*,#8443,.F.);
#8443 = EDGE_CURVE('',#7978,#7976,#8444,.T.);
#8444 = LINE('',#8445,#8446);
#8445 = CARTESIAN_POINT('',(-8.327548950591,6.069749005049,
    -3.516807249887));
#8446 = VECTOR('',#8447,1.);
#8447 = DIRECTION('',(0.707106781187,0.,0.707106781187));
#8448 = ORIENTED_EDGE('',*,*,#7975,.F.);
#8449 = PLANE('',#8450);
#8450 = AXIS2_PLACEMENT_3D('',#8451,#8452,#8453);
#8451 = CARTESIAN_POINT('',(-8.55563491861,5.407983038656,
    -3.605025253169));
#8452 = DIRECTION('',(0.699339823684,-0.14780941113,-0.699339823684));
#8453 = DIRECTION('',(0.104517036933,0.989015863362,-0.104517036933));
#8454 = ADVANCED_FACE('',(#8455),#8466,.T.);
#8455 = FACE_BOUND('',#8456,.T.);
#8456 = EDGE_LOOP('',(#8457,#8458,#8464,#8465));
#8457 = ORIENTED_EDGE('',*,*,#7993,.T.);
#8458 = ORIENTED_EDGE('',*,*,#8459,.T.);
#8459 = EDGE_CURVE('',#7994,#8020,#8460,.T.);
#8460 = LINE('',#8461,#8462);
#8461 = CARTESIAN_POINT('',(-8.256876449962,6.171132486541,
    -3.37697746264));
#8462 = VECTOR('',#8463,1.);
#8463 = DIRECTION('',(0.707106781186,0.,0.707106781187));
#8464 = ORIENTED_EDGE('',*,*,#8029,.T.);
#8465 = ORIENTED_EDGE('',*,*,#8443,.F.);
#8466 = CYLINDRICAL_SURFACE('',#8467,0.1);
#8467 = AXIS2_PLACEMENT_3D('',#8468,#8469,#8470);
#8468 = CARTESIAN_POINT('',(-8.55563491861,6.084529946162,
    -3.605025253169));
#8469 = DIRECTION('',(0.707106781187,0.,0.707106781187));
#8470 = DIRECTION('',(0.,-1.,0.));
#8471 = ADVANCED_FACE('',(#8472),#8476,.T.);
#8472 = FACE_BOUND('',#8473,.F.);
#8473 = EDGE_LOOP('',(#8474,#8475));
#8474 = ORIENTED_EDGE('',*,*,#8459,.T.);
#8475 = ORIENTED_EDGE('',*,*,#8019,.F.);
#8476 = PLANE('',#8477);
#8477 = AXIS2_PLACEMENT_3D('',#8478,#8479,#8480);
#8478 = CARTESIAN_POINT('',(-8.520279579551,6.171132486541,
    -3.640380592229));
#8479 = DIRECTION('',(0.353553390593,0.866025403784,-0.353553390593));
#8480 = DIRECTION('',(-0.612372435696,0.5,0.612372435696));
#8481 = ADVANCED_FACE('',(#8482),#8501,.T.);
#8482 = FACE_BOUND('',#8483,.T.);
#8483 = EDGE_LOOP('',(#8484,#8485,#8486,#8494));
#8484 = ORIENTED_EDGE('',*,*,#4661,.T.);
#8485 = ORIENTED_EDGE('',*,*,#4719,.F.);
#8486 = ORIENTED_EDGE('',*,*,#8487,.T.);
#8487 = EDGE_CURVE('',#4720,#8488,#8490,.T.);
#8488 = VERTEX_POINT('',#8489);
#8489 = CARTESIAN_POINT('',(-8.525,4.1,-2.158771324027));
#8490 = LINE('',#8491,#8492);
#8491 = CARTESIAN_POINT('',(-8.525,6.3,-2.158771324027));
#8492 = VECTOR('',#8493,1.);
#8493 = DIRECTION('',(0.,-1.,0.));
#8494 = ORIENTED_EDGE('',*,*,#8495,.F.);
#8495 = EDGE_CURVE('',#4654,#8488,#8496,.T.);
#8496 = CIRCLE('',#8497,0.15);
#8497 = AXIS2_PLACEMENT_3D('',#8498,#8499,#8500);
#8498 = CARTESIAN_POINT('',(-8.6,4.1,-2.028867513459));
#8499 = DIRECTION('',(0.,-1.,0.));
#8500 = DIRECTION('',(-1.,0.,0.));
#8501 = CYLINDRICAL_SURFACE('',#8502,0.15);
#8502 = AXIS2_PLACEMENT_3D('',#8503,#8504,#8505);
#8503 = CARTESIAN_POINT('',(-8.6,6.3,-2.028867513459));
#8504 = DIRECTION('',(0.,1.,0.));
#8505 = DIRECTION('',(-1.,0.,0.));
#8506 = ADVANCED_FACE('',(#8507),#8560,.T.);
#8507 = FACE_BOUND('',#8508,.F.);
#8508 = EDGE_LOOP('',(#8509,#8518,#8526,#8535,#8543,#8552,#8558,#8559));
#8509 = ORIENTED_EDGE('',*,*,#8510,.F.);
#8510 = EDGE_CURVE('',#8511,#4646,#8513,.T.);
#8511 = VERTEX_POINT('',#8512);
#8512 = CARTESIAN_POINT('',(-8.525,4.1,-2.841228675973));
#8513 = CIRCLE('',#8514,0.15);
#8514 = AXIS2_PLACEMENT_3D('',#8515,#8516,#8517);
#8515 = CARTESIAN_POINT('',(-8.6,4.1,-2.971132486541));
#8516 = DIRECTION('',(0.,-1.,0.));
#8517 = DIRECTION('',(0.5,0.,0.866025403784));
#8518 = ORIENTED_EDGE('',*,*,#8519,.F.);
#8519 = EDGE_CURVE('',#8520,#8511,#8522,.T.);
#8520 = VERTEX_POINT('',#8521);
#8521 = CARTESIAN_POINT('',(-8.325,4.1,-2.956698729811));
#8522 = LINE('',#8523,#8524);
#8523 = CARTESIAN_POINT('',(-8.325,4.1,-2.956698729811));
#8524 = VECTOR('',#8525,1.);
#8525 = DIRECTION('',(-0.866025403784,0.,0.5));
#8526 = ORIENTED_EDGE('',*,*,#8527,.F.);
#8527 = EDGE_CURVE('',#8528,#8520,#8530,.T.);
#8528 = VERTEX_POINT('',#8529);
#8529 = CARTESIAN_POINT('',(-8.25,4.1,-2.913397459622));
#8530 = CIRCLE('',#8531,5.E-02);
#8531 = AXIS2_PLACEMENT_3D('',#8532,#8533,#8534);
#8532 = CARTESIAN_POINT('',(-8.3,4.1,-2.913397459622));
#8533 = DIRECTION('',(-0.,1.,0.));
#8534 = DIRECTION('',(1.,0.,0.));
#8535 = ORIENTED_EDGE('',*,*,#8536,.F.);
#8536 = EDGE_CURVE('',#8537,#8528,#8539,.T.);
#8537 = VERTEX_POINT('',#8538);
#8538 = CARTESIAN_POINT('',(-8.25,4.1,-2.086602540378));
#8539 = LINE('',#8540,#8541);
#8540 = CARTESIAN_POINT('',(-8.25,4.1,-2.086602540378));
#8541 = VECTOR('',#8542,1.);
#8542 = DIRECTION('',(0.,0.,-1.));
#8543 = ORIENTED_EDGE('',*,*,#8544,.F.);
#8544 = EDGE_CURVE('',#8545,#8537,#8547,.T.);
#8545 = VERTEX_POINT('',#8546);
#8546 = CARTESIAN_POINT('',(-8.325,4.1,-2.043301270189));
#8547 = CIRCLE('',#8548,5.E-02);
#8548 = AXIS2_PLACEMENT_3D('',#8549,#8550,#8551);
#8549 = CARTESIAN_POINT('',(-8.3,4.1,-2.086602540378));
#8550 = DIRECTION('',(0.,1.,0.));
#8551 = DIRECTION('',(-0.5,0.,0.866025403784));
#8552 = ORIENTED_EDGE('',*,*,#8553,.F.);
#8553 = EDGE_CURVE('',#8488,#8545,#8554,.T.);
#8554 = LINE('',#8555,#8556);
#8555 = CARTESIAN_POINT('',(-8.525,4.1,-2.158771324027));
#8556 = VECTOR('',#8557,1.);
#8557 = DIRECTION('',(0.866025403784,0.,0.5));
#8558 = ORIENTED_EDGE('',*,*,#8495,.F.);
#8559 = ORIENTED_EDGE('',*,*,#4653,.F.);
#8560 = PLANE('',#8561);
#8561 = AXIS2_PLACEMENT_3D('',#8562,#8563,#8564);
#8562 = CARTESIAN_POINT('',(8.75,4.1,0.));
#8563 = DIRECTION('',(0.,1.,0.));
#8564 = DIRECTION('',(-1.,0.,0.));
#8565 = ADVANCED_FACE('',(#8566),#8627,.T.);
#8566 = FACE_BOUND('',#8567,.F.);
#8567 = EDGE_LOOP('',(#8568,#8577,#8585,#8594,#8602,#8611,#8619,#8626));
#8568 = ORIENTED_EDGE('',*,*,#8569,.F.);
#8569 = EDGE_CURVE('',#8570,#4614,#8572,.T.);
#8570 = VERTEX_POINT('',#8571);
#8571 = CARTESIAN_POINT('',(-8.525,4.1,-6.041228675973));
#8572 = CIRCLE('',#8573,0.15);
#8573 = AXIS2_PLACEMENT_3D('',#8574,#8575,#8576);
#8574 = CARTESIAN_POINT('',(-8.6,4.1,-6.171132486541));
#8575 = DIRECTION('',(0.,-1.,0.));
#8576 = DIRECTION('',(0.5,0.,0.866025403784));
#8577 = ORIENTED_EDGE('',*,*,#8578,.F.);
#8578 = EDGE_CURVE('',#8579,#8570,#8581,.T.);
#8579 = VERTEX_POINT('',#8580);
#8580 = CARTESIAN_POINT('',(-8.325,4.1,-6.156698729811));
#8581 = LINE('',#8582,#8583);
#8582 = CARTESIAN_POINT('',(-8.325,4.1,-6.156698729811));
#8583 = VECTOR('',#8584,1.);
#8584 = DIRECTION('',(-0.866025403784,0.,0.5));
#8585 = ORIENTED_EDGE('',*,*,#8586,.F.);
#8586 = EDGE_CURVE('',#8587,#8579,#8589,.T.);
#8587 = VERTEX_POINT('',#8588);
#8588 = CARTESIAN_POINT('',(-8.25,4.1,-6.113397459622));
#8589 = CIRCLE('',#8590,5.E-02);
#8590 = AXIS2_PLACEMENT_3D('',#8591,#8592,#8593);
#8591 = CARTESIAN_POINT('',(-8.3,4.1,-6.113397459622));
#8592 = DIRECTION('',(0.,1.,0.));
#8593 = DIRECTION('',(1.,0.,-9.237055564881E-13));
#8594 = ORIENTED_EDGE('',*,*,#8595,.F.);
#8595 = EDGE_CURVE('',#8596,#8587,#8598,.T.);
#8596 = VERTEX_POINT('',#8597);
#8597 = CARTESIAN_POINT('',(-8.25,4.1,-5.286602540378));
#8598 = LINE('',#8599,#8600);
#8599 = CARTESIAN_POINT('',(-8.25,4.1,-5.286602540378));
#8600 = VECTOR('',#8601,1.);
#8601 = DIRECTION('',(0.,0.,-1.));
#8602 = ORIENTED_EDGE('',*,*,#8603,.F.);
#8603 = EDGE_CURVE('',#8604,#8596,#8606,.T.);
#8604 = VERTEX_POINT('',#8605);
#8605 = CARTESIAN_POINT('',(-8.325,4.1,-5.243301270189));
#8606 = CIRCLE('',#8607,5.E-02);
#8607 = AXIS2_PLACEMENT_3D('',#8608,#8609,#8610);
#8608 = CARTESIAN_POINT('',(-8.3,4.1,-5.286602540378));
#8609 = DIRECTION('',(0.,1.,0.));
#8610 = DIRECTION('',(-0.5,0.,0.866025403784));
#8611 = ORIENTED_EDGE('',*,*,#8612,.F.);
#8612 = EDGE_CURVE('',#8613,#8604,#8615,.T.);
#8613 = VERTEX_POINT('',#8614);
#8614 = CARTESIAN_POINT('',(-8.525,4.1,-5.358771324027));
#8615 = LINE('',#8616,#8617);
#8616 = CARTESIAN_POINT('',(-8.525,4.1,-5.358771324027));
#8617 = VECTOR('',#8618,1.);
#8618 = DIRECTION('',(0.866025403784,0.,0.5));
#8619 = ORIENTED_EDGE('',*,*,#8620,.F.);
#8620 = EDGE_CURVE('',#4622,#8613,#8621,.T.);
#8621 = CIRCLE('',#8622,0.15);
#8622 = AXIS2_PLACEMENT_3D('',#8623,#8624,#8625);
#8623 = CARTESIAN_POINT('',(-8.6,4.1,-5.228867513459));
#8624 = DIRECTION('',(0.,-1.,0.));
#8625 = DIRECTION('',(-1.,0.,0.));
#8626 = ORIENTED_EDGE('',*,*,#4621,.F.);
#8627 = PLANE('',#8628);
#8628 = AXIS2_PLACEMENT_3D('',#8629,#8630,#8631);
#8629 = CARTESIAN_POINT('',(8.75,4.1,0.));
#8630 = DIRECTION('',(0.,1.,0.));
#8631 = DIRECTION('',(-1.,0.,0.));
#8632 = ADVANCED_FACE('',(#8633),#8644,.T.);
#8633 = FACE_BOUND('',#8634,.T.);
#8634 = EDGE_LOOP('',(#8635,#8641,#8642,#8643));
#8635 = ORIENTED_EDGE('',*,*,#8636,.F.);
#8636 = EDGE_CURVE('',#4763,#8511,#8637,.T.);
#8637 = LINE('',#8638,#8639);
#8638 = CARTESIAN_POINT('',(-8.525,6.3,-2.841228675973));
#8639 = VECTOR('',#8640,1.);
#8640 = DIRECTION('',(0.,-1.,0.));
#8641 = ORIENTED_EDGE('',*,*,#4770,.F.);
#8642 = ORIENTED_EDGE('',*,*,#4645,.F.);
#8643 = ORIENTED_EDGE('',*,*,#8510,.F.);
#8644 = CYLINDRICAL_SURFACE('',#8645,0.15);
#8645 = AXIS2_PLACEMENT_3D('',#8646,#8647,#8648);
#8646 = CARTESIAN_POINT('',(-8.6,6.3,-2.971132486541));
#8647 = DIRECTION('',(0.,1.,0.));
#8648 = DIRECTION('',(-1.,0.,0.));
#8649 = ADVANCED_FACE('',(#8650),#8661,.F.);
#8650 = FACE_BOUND('',#8651,.F.);
#8651 = EDGE_LOOP('',(#8652,#8658,#8659,#8660));
#8652 = ORIENTED_EDGE('',*,*,#8653,.T.);
#8653 = EDGE_CURVE('',#4754,#8520,#8654,.T.);
#8654 = LINE('',#8655,#8656);
#8655 = CARTESIAN_POINT('',(-8.325,6.3,-2.956698729811));
#8656 = VECTOR('',#8657,1.);
#8657 = DIRECTION('',(0.,-1.,0.));
#8658 = ORIENTED_EDGE('',*,*,#8519,.T.);
#8659 = ORIENTED_EDGE('',*,*,#8636,.F.);
#8660 = ORIENTED_EDGE('',*,*,#4762,.F.);
#8661 = PLANE('',#8662);
#8662 = AXIS2_PLACEMENT_3D('',#8663,#8664,#8665);
#8663 = CARTESIAN_POINT('',(-8.325,6.3,-2.956698729811));
#8664 = DIRECTION('',(-0.5,0.,-0.866025403784));
#8665 = DIRECTION('',(-0.866025403784,0.,0.5));
#8666 = ADVANCED_FACE('',(#8667),#8678,.F.);
#8667 = FACE_BOUND('',#8668,.F.);
#8668 = EDGE_LOOP('',(#8669,#8675,#8676,#8677));
#8669 = ORIENTED_EDGE('',*,*,#8670,.T.);
#8670 = EDGE_CURVE('',#4746,#8528,#8671,.T.);
#8671 = LINE('',#8672,#8673);
#8672 = CARTESIAN_POINT('',(-8.25,6.3,-2.913397459622));
#8673 = VECTOR('',#8674,1.);
#8674 = DIRECTION('',(0.,-1.,0.));
#8675 = ORIENTED_EDGE('',*,*,#8527,.T.);
#8676 = ORIENTED_EDGE('',*,*,#8653,.F.);
#8677 = ORIENTED_EDGE('',*,*,#4753,.F.);
#8678 = CYLINDRICAL_SURFACE('',#8679,5.E-02);
#8679 = AXIS2_PLACEMENT_3D('',#8680,#8681,#8682);
#8680 = CARTESIAN_POINT('',(-8.3,6.3,-2.913397459622));
#8681 = DIRECTION('',(0.,1.,0.));
#8682 = DIRECTION('',(-1.,0.,0.));
#8683 = ADVANCED_FACE('',(#8684),#8695,.F.);
#8684 = FACE_BOUND('',#8685,.F.);
#8685 = EDGE_LOOP('',(#8686,#8692,#8693,#8694));
#8686 = ORIENTED_EDGE('',*,*,#8687,.T.);
#8687 = EDGE_CURVE('',#4737,#8537,#8688,.T.);
#8688 = LINE('',#8689,#8690);
#8689 = CARTESIAN_POINT('',(-8.25,6.3,-2.086602540378));
#8690 = VECTOR('',#8691,1.);
#8691 = DIRECTION('',(0.,-1.,0.));
#8692 = ORIENTED_EDGE('',*,*,#8536,.T.);
#8693 = ORIENTED_EDGE('',*,*,#8670,.F.);
#8694 = ORIENTED_EDGE('',*,*,#4745,.F.);
#8695 = PLANE('',#8696);
#8696 = AXIS2_PLACEMENT_3D('',#8697,#8698,#8699);
#8697 = CARTESIAN_POINT('',(-8.25,6.3,-2.086602540378));
#8698 = DIRECTION('',(1.,0.,0.));
#8699 = DIRECTION('',(0.,0.,-1.));
#8700 = ADVANCED_FACE('',(#8701),#8712,.F.);
#8701 = FACE_BOUND('',#8702,.F.);
#8702 = EDGE_LOOP('',(#8703,#8709,#8710,#8711));
#8703 = ORIENTED_EDGE('',*,*,#8704,.T.);
#8704 = EDGE_CURVE('',#4729,#8545,#8705,.T.);
#8705 = LINE('',#8706,#8707);
#8706 = CARTESIAN_POINT('',(-8.325,6.3,-2.043301270189));
#8707 = VECTOR('',#8708,1.);
#8708 = DIRECTION('',(0.,-1.,0.));
#8709 = ORIENTED_EDGE('',*,*,#8544,.T.);
#8710 = ORIENTED_EDGE('',*,*,#8687,.F.);
#8711 = ORIENTED_EDGE('',*,*,#4736,.F.);
#8712 = CYLINDRICAL_SURFACE('',#8713,5.E-02);
#8713 = AXIS2_PLACEMENT_3D('',#8714,#8715,#8716);
#8714 = CARTESIAN_POINT('',(-8.3,6.3,-2.086602540378));
#8715 = DIRECTION('',(0.,1.,0.));
#8716 = DIRECTION('',(-1.,0.,0.));
#8717 = ADVANCED_FACE('',(#8718),#8724,.F.);
#8718 = FACE_BOUND('',#8719,.F.);
#8719 = EDGE_LOOP('',(#8720,#8721,#8722,#8723));
#8720 = ORIENTED_EDGE('',*,*,#8487,.T.);
#8721 = ORIENTED_EDGE('',*,*,#8553,.T.);
#8722 = ORIENTED_EDGE('',*,*,#8704,.F.);
#8723 = ORIENTED_EDGE('',*,*,#4728,.F.);
#8724 = PLANE('',#8725);
#8725 = AXIS2_PLACEMENT_3D('',#8726,#8727,#8728);
#8726 = CARTESIAN_POINT('',(-8.525,6.3,-2.158771324027));
#8727 = DIRECTION('',(-0.5,0.,0.866025403784));
#8728 = DIRECTION('',(0.866025403784,0.,0.5));
#8729 = ADVANCED_FACE('',(#8730),#8741,.T.);
#8730 = FACE_BOUND('',#8731,.T.);
#8731 = EDGE_LOOP('',(#8732,#8738,#8739,#8740));
#8732 = ORIENTED_EDGE('',*,*,#8733,.F.);
#8733 = EDGE_CURVE('',#4822,#8570,#8734,.T.);
#8734 = LINE('',#8735,#8736);
#8735 = CARTESIAN_POINT('',(-8.525,6.3,-6.041228675973));
#8736 = VECTOR('',#8737,1.);
#8737 = DIRECTION('',(0.,-1.,0.));
#8738 = ORIENTED_EDGE('',*,*,#4829,.F.);
#8739 = ORIENTED_EDGE('',*,*,#4613,.F.);
#8740 = ORIENTED_EDGE('',*,*,#8569,.F.);
#8741 = CYLINDRICAL_SURFACE('',#8742,0.15);
#8742 = AXIS2_PLACEMENT_3D('',#8743,#8744,#8745);
#8743 = CARTESIAN_POINT('',(-8.6,6.3,-6.171132486541));
#8744 = DIRECTION('',(0.,1.,0.));
#8745 = DIRECTION('',(-1.,0.,0.));
#8746 = ADVANCED_FACE('',(#8747),#8758,.F.);
#8747 = FACE_BOUND('',#8748,.F.);
#8748 = EDGE_LOOP('',(#8749,#8750,#8751,#8757));
#8749 = ORIENTED_EDGE('',*,*,#8733,.F.);
#8750 = ORIENTED_EDGE('',*,*,#4821,.F.);
#8751 = ORIENTED_EDGE('',*,*,#8752,.T.);
#8752 = EDGE_CURVE('',#4813,#8579,#8753,.T.);
#8753 = LINE('',#8754,#8755);
#8754 = CARTESIAN_POINT('',(-8.325,6.3,-6.156698729811));
#8755 = VECTOR('',#8756,1.);
#8756 = DIRECTION('',(0.,-1.,0.));
#8757 = ORIENTED_EDGE('',*,*,#8578,.T.);
#8758 = PLANE('',#8759);
#8759 = AXIS2_PLACEMENT_3D('',#8760,#8761,#8762);
#8760 = CARTESIAN_POINT('',(-8.325,6.3,-6.156698729811));
#8761 = DIRECTION('',(-0.5,0.,-0.866025403784));
#8762 = DIRECTION('',(-0.866025403784,0.,0.5));
#8763 = ADVANCED_FACE('',(#8764),#8775,.F.);
#8764 = FACE_BOUND('',#8765,.F.);
#8765 = EDGE_LOOP('',(#8766,#8772,#8773,#8774));
#8766 = ORIENTED_EDGE('',*,*,#8767,.T.);
#8767 = EDGE_CURVE('',#4805,#8587,#8768,.T.);
#8768 = LINE('',#8769,#8770);
#8769 = CARTESIAN_POINT('',(-8.25,6.3,-6.113397459622));
#8770 = VECTOR('',#8771,1.);
#8771 = DIRECTION('',(0.,-1.,0.));
#8772 = ORIENTED_EDGE('',*,*,#8586,.T.);
#8773 = ORIENTED_EDGE('',*,*,#8752,.F.);
#8774 = ORIENTED_EDGE('',*,*,#4812,.F.);
#8775 = CYLINDRICAL_SURFACE('',#8776,5.E-02);
#8776 = AXIS2_PLACEMENT_3D('',#8777,#8778,#8779);
#8777 = CARTESIAN_POINT('',(-8.3,6.3,-6.113397459622));
#8778 = DIRECTION('',(0.,1.,0.));
#8779 = DIRECTION('',(-1.,0.,0.));
#8780 = ADVANCED_FACE('',(#8781),#8792,.F.);
#8781 = FACE_BOUND('',#8782,.F.);
#8782 = EDGE_LOOP('',(#8783,#8789,#8790,#8791));
#8783 = ORIENTED_EDGE('',*,*,#8784,.T.);
#8784 = EDGE_CURVE('',#4796,#8596,#8785,.T.);
#8785 = LINE('',#8786,#8787);
#8786 = CARTESIAN_POINT('',(-8.25,6.3,-5.286602540378));
#8787 = VECTOR('',#8788,1.);
#8788 = DIRECTION('',(0.,-1.,0.));
#8789 = ORIENTED_EDGE('',*,*,#8595,.T.);
#8790 = ORIENTED_EDGE('',*,*,#8767,.F.);
#8791 = ORIENTED_EDGE('',*,*,#4804,.F.);
#8792 = PLANE('',#8793);
#8793 = AXIS2_PLACEMENT_3D('',#8794,#8795,#8796);
#8794 = CARTESIAN_POINT('',(-8.25,6.3,-5.286602540378));
#8795 = DIRECTION('',(1.,0.,0.));
#8796 = DIRECTION('',(0.,0.,-1.));
#8797 = ADVANCED_FACE('',(#8798),#8809,.F.);
#8798 = FACE_BOUND('',#8799,.F.);
#8799 = EDGE_LOOP('',(#8800,#8806,#8807,#8808));
#8800 = ORIENTED_EDGE('',*,*,#8801,.T.);
#8801 = EDGE_CURVE('',#4788,#8604,#8802,.T.);
#8802 = LINE('',#8803,#8804);
#8803 = CARTESIAN_POINT('',(-8.325,6.3,-5.243301270189));
#8804 = VECTOR('',#8805,1.);
#8805 = DIRECTION('',(0.,-1.,0.));
#8806 = ORIENTED_EDGE('',*,*,#8603,.T.);
#8807 = ORIENTED_EDGE('',*,*,#8784,.F.);
#8808 = ORIENTED_EDGE('',*,*,#4795,.F.);
#8809 = CYLINDRICAL_SURFACE('',#8810,5.E-02);
#8810 = AXIS2_PLACEMENT_3D('',#8811,#8812,#8813);
#8811 = CARTESIAN_POINT('',(-8.3,6.3,-5.286602540378));
#8812 = DIRECTION('',(0.,1.,0.));
#8813 = DIRECTION('',(-1.,0.,0.));
#8814 = ADVANCED_FACE('',(#8815),#8826,.F.);
#8815 = FACE_BOUND('',#8816,.F.);
#8816 = EDGE_LOOP('',(#8817,#8823,#8824,#8825));
#8817 = ORIENTED_EDGE('',*,*,#8818,.T.);
#8818 = EDGE_CURVE('',#4779,#8613,#8819,.T.);
#8819 = LINE('',#8820,#8821);
#8820 = CARTESIAN_POINT('',(-8.525,6.3,-5.358771324027));
#8821 = VECTOR('',#8822,1.);
#8822 = DIRECTION('',(0.,-1.,0.));
#8823 = ORIENTED_EDGE('',*,*,#8612,.T.);
#8824 = ORIENTED_EDGE('',*,*,#8801,.F.);
#8825 = ORIENTED_EDGE('',*,*,#4787,.F.);
#8826 = PLANE('',#8827);
#8827 = AXIS2_PLACEMENT_3D('',#8828,#8829,#8830);
#8828 = CARTESIAN_POINT('',(-8.525,6.3,-5.358771324027));
#8829 = DIRECTION('',(-0.5,0.,0.866025403784));
#8830 = DIRECTION('',(0.866025403784,0.,0.5));
#8831 = ADVANCED_FACE('',(#8832),#8838,.T.);
#8832 = FACE_BOUND('',#8833,.T.);
#8833 = EDGE_LOOP('',(#8834,#8835,#8836,#8837));
#8834 = ORIENTED_EDGE('',*,*,#4629,.T.);
#8835 = ORIENTED_EDGE('',*,*,#4778,.F.);
#8836 = ORIENTED_EDGE('',*,*,#8818,.T.);
#8837 = ORIENTED_EDGE('',*,*,#8620,.F.);
#8838 = CYLINDRICAL_SURFACE('',#8839,0.15);
#8839 = AXIS2_PLACEMENT_3D('',#8840,#8841,#8842);
#8840 = CARTESIAN_POINT('',(-8.6,6.3,-5.228867513459));
#8841 = DIRECTION('',(0.,1.,0.));
#8842 = DIRECTION('',(-1.,0.,0.));
#8843 = ADVANCED_FACE('',(#8844),#8863,.F.);
#8844 = FACE_BOUND('',#8845,.F.);
#8845 = EDGE_LOOP('',(#8846,#8847,#8848,#8857));
#8846 = ORIENTED_EDGE('',*,*,#4839,.T.);
#8847 = ORIENTED_EDGE('',*,*,#110,.F.);
#8848 = ORIENTED_EDGE('',*,*,#8849,.F.);
#8849 = EDGE_CURVE('',#8850,#103,#8852,.T.);
#8850 = VERTEX_POINT('',#8851);
#8851 = CARTESIAN_POINT('',(8.825,4.1,-5.954626135594));
#8852 = CIRCLE('',#8853,5.E-02);
#8853 = AXIS2_PLACEMENT_3D('',#8854,#8855,#8856);
#8854 = CARTESIAN_POINT('',(8.8,4.1,-5.997927405784));
#8855 = DIRECTION('',(0.,-1.,0.));
#8856 = DIRECTION('',(0.5,0.,0.866025403784));
#8857 = ORIENTED_EDGE('',*,*,#8858,.F.);
#8858 = EDGE_CURVE('',#4840,#8850,#8859,.T.);
#8859 = LINE('',#8860,#8861);
#8860 = CARTESIAN_POINT('',(8.825,6.3,-5.954626135594));
#8861 = VECTOR('',#8862,1.);
#8862 = DIRECTION('',(0.,-1.,0.));
#8863 = CYLINDRICAL_SURFACE('',#8864,5.E-02);
#8864 = AXIS2_PLACEMENT_3D('',#8865,#8866,#8867);
#8865 = CARTESIAN_POINT('',(8.8,6.3,-5.997927405784));
#8866 = DIRECTION('',(0.,1.,0.));
#8867 = DIRECTION('',(-1.,0.,0.));
#8868 = ADVANCED_FACE('',(#8869),#8930,.F.);
#8869 = FACE_BOUND('',#8870,.F.);
#8870 = EDGE_LOOP('',(#8871,#8880,#8881,#8890,#8898,#8907,#8915,#8924));
#8871 = ORIENTED_EDGE('',*,*,#8872,.T.);
#8872 = EDGE_CURVE('',#8873,#71,#8875,.T.);
#8873 = VERTEX_POINT('',#8874);
#8874 = CARTESIAN_POINT('',(8.825,4.1,-2.754626135594));
#8875 = CIRCLE('',#8876,5.E-02);
#8876 = AXIS2_PLACEMENT_3D('',#8877,#8878,#8879);
#8877 = CARTESIAN_POINT('',(8.8,4.1,-2.797927405784));
#8878 = DIRECTION('',(0.,-1.,0.));
#8879 = DIRECTION('',(0.5,0.,0.866025403784));
#8880 = ORIENTED_EDGE('',*,*,#70,.T.);
#8881 = ORIENTED_EDGE('',*,*,#8882,.T.);
#8882 = EDGE_CURVE('',#63,#8883,#8885,.T.);
#8883 = VERTEX_POINT('',#8884);
#8884 = CARTESIAN_POINT('',(8.825,4.1,-2.245373864406));
#8885 = CIRCLE('',#8886,5.E-02);
#8886 = AXIS2_PLACEMENT_3D('',#8887,#8888,#8889);
#8887 = CARTESIAN_POINT('',(8.8,4.1,-2.202072594216));
#8888 = DIRECTION('',(0.,-1.,0.));
#8889 = DIRECTION('',(-1.,0.,0.));
#8890 = ORIENTED_EDGE('',*,*,#8891,.T.);
#8891 = EDGE_CURVE('',#8883,#8892,#8894,.T.);
#8892 = VERTEX_POINT('',#8893);
#8893 = CARTESIAN_POINT('',(9.025,4.1,-2.129903810568));
#8894 = LINE('',#8895,#8896);
#8895 = CARTESIAN_POINT('',(8.825,4.1,-2.245373864406));
#8896 = VECTOR('',#8897,1.);
#8897 = DIRECTION('',(0.866025403784,0.,0.5));
#8898 = ORIENTED_EDGE('',*,*,#8899,.T.);
#8899 = EDGE_CURVE('',#8892,#8900,#8902,.T.);
#8900 = VERTEX_POINT('',#8901);
#8901 = CARTESIAN_POINT('',(9.25,4.1,-2.259807621135));
#8902 = CIRCLE('',#8903,0.15);
#8903 = AXIS2_PLACEMENT_3D('',#8904,#8905,#8906);
#8904 = CARTESIAN_POINT('',(9.1,4.1,-2.259807621135));
#8905 = DIRECTION('',(0.,1.,0.));
#8906 = DIRECTION('',(-0.5,0.,0.866025403784));
#8907 = ORIENTED_EDGE('',*,*,#8908,.T.);
#8908 = EDGE_CURVE('',#8900,#8909,#8911,.T.);
#8909 = VERTEX_POINT('',#8910);
#8910 = CARTESIAN_POINT('',(9.25,4.1,-2.740192378865));
#8911 = LINE('',#8912,#8913);
#8912 = CARTESIAN_POINT('',(9.25,4.1,-2.259807621135));
#8913 = VECTOR('',#8914,1.);
#8914 = DIRECTION('',(0.,0.,-1.));
#8915 = ORIENTED_EDGE('',*,*,#8916,.T.);
#8916 = EDGE_CURVE('',#8909,#8917,#8919,.T.);
#8917 = VERTEX_POINT('',#8918);
#8918 = CARTESIAN_POINT('',(9.025,4.1,-2.870096189432));
#8919 = CIRCLE('',#8920,0.15);
#8920 = AXIS2_PLACEMENT_3D('',#8921,#8922,#8923);
#8921 = CARTESIAN_POINT('',(9.1,4.1,-2.740192378865));
#8922 = DIRECTION('',(0.,1.,0.));
#8923 = DIRECTION('',(1.,-0.,1.184237892933E-14));
#8924 = ORIENTED_EDGE('',*,*,#8925,.T.);
#8925 = EDGE_CURVE('',#8917,#8873,#8926,.T.);
#8926 = LINE('',#8927,#8928);
#8927 = CARTESIAN_POINT('',(9.025,4.1,-2.870096189432));
#8928 = VECTOR('',#8929,1.);
#8929 = DIRECTION('',(-0.866025403784,0.,0.5));
#8930 = PLANE('',#8931);
#8931 = AXIS2_PLACEMENT_3D('',#8932,#8933,#8934);
#8932 = CARTESIAN_POINT('',(8.75,4.1,0.));
#8933 = DIRECTION('',(0.,1.,0.));
#8934 = DIRECTION('',(-1.,0.,0.));
#8935 = ADVANCED_FACE('',(#8936),#8989,.F.);
#8936 = FACE_BOUND('',#8937,.F.);
#8937 = EDGE_LOOP('',(#8938,#8939,#8940,#8949,#8957,#8966,#8974,#8983));
#8938 = ORIENTED_EDGE('',*,*,#8849,.T.);
#8939 = ORIENTED_EDGE('',*,*,#102,.T.);
#8940 = ORIENTED_EDGE('',*,*,#8941,.T.);
#8941 = EDGE_CURVE('',#95,#8942,#8944,.T.);
#8942 = VERTEX_POINT('',#8943);
#8943 = CARTESIAN_POINT('',(8.825,4.1,-5.445373864406));
#8944 = CIRCLE('',#8945,5.E-02);
#8945 = AXIS2_PLACEMENT_3D('',#8946,#8947,#8948);
#8946 = CARTESIAN_POINT('',(8.8,4.1,-5.402072594216));
#8947 = DIRECTION('',(0.,-1.,0.));
#8948 = DIRECTION('',(-1.,0.,0.));
#8949 = ORIENTED_EDGE('',*,*,#8950,.T.);
#8950 = EDGE_CURVE('',#8942,#8951,#8953,.T.);
#8951 = VERTEX_POINT('',#8952);
#8952 = CARTESIAN_POINT('',(9.025,4.1,-5.329903810568));
#8953 = LINE('',#8954,#8955);
#8954 = CARTESIAN_POINT('',(8.825,4.1,-5.445373864406));
#8955 = VECTOR('',#8956,1.);
#8956 = DIRECTION('',(0.866025403784,0.,0.5));
#8957 = ORIENTED_EDGE('',*,*,#8958,.T.);
#8958 = EDGE_CURVE('',#8951,#8959,#8961,.T.);
#8959 = VERTEX_POINT('',#8960);
#8960 = CARTESIAN_POINT('',(9.25,4.1,-5.459807621135));
#8961 = CIRCLE('',#8962,0.15);
#8962 = AXIS2_PLACEMENT_3D('',#8963,#8964,#8965);
#8963 = CARTESIAN_POINT('',(9.1,4.1,-5.459807621135));
#8964 = DIRECTION('',(0.,1.,0.));
#8965 = DIRECTION('',(-0.5,0.,0.866025403784));
#8966 = ORIENTED_EDGE('',*,*,#8967,.T.);
#8967 = EDGE_CURVE('',#8959,#8968,#8970,.T.);
#8968 = VERTEX_POINT('',#8969);
#8969 = CARTESIAN_POINT('',(9.25,4.1,-5.940192378865));
#8970 = LINE('',#8971,#8972);
#8971 = CARTESIAN_POINT('',(9.25,4.1,-5.459807621135));
#8972 = VECTOR('',#8973,1.);
#8973 = DIRECTION('',(0.,0.,-1.));
#8974 = ORIENTED_EDGE('',*,*,#8975,.T.);
#8975 = EDGE_CURVE('',#8968,#8976,#8978,.T.);
#8976 = VERTEX_POINT('',#8977);
#8977 = CARTESIAN_POINT('',(9.025,4.1,-6.070096189432));
#8978 = CIRCLE('',#8979,0.15);
#8979 = AXIS2_PLACEMENT_3D('',#8980,#8981,#8982);
#8980 = CARTESIAN_POINT('',(9.1,4.1,-5.940192378865));
#8981 = DIRECTION('',(-0.,1.,0.));
#8982 = DIRECTION('',(1.,0.,0.));
#8983 = ORIENTED_EDGE('',*,*,#8984,.T.);
#8984 = EDGE_CURVE('',#8976,#8850,#8985,.T.);
#8985 = LINE('',#8986,#8987);
#8986 = CARTESIAN_POINT('',(9.025,4.1,-6.070096189432));
#8987 = VECTOR('',#8988,1.);
#8988 = DIRECTION('',(-0.866025403784,0.,0.5));
#8989 = PLANE('',#8990);
#8990 = AXIS2_PLACEMENT_3D('',#8991,#8992,#8993);
#8991 = CARTESIAN_POINT('',(8.75,4.1,0.));
#8992 = DIRECTION('',(0.,1.,0.));
#8993 = DIRECTION('',(-1.,0.,0.));
#8994 = ADVANCED_FACE('',(#8995),#9006,.F.);
#8995 = FACE_BOUND('',#8996,.F.);
#8996 = EDGE_LOOP('',(#8997,#8998,#8999,#9000));
#8997 = ORIENTED_EDGE('',*,*,#4898,.T.);
#8998 = ORIENTED_EDGE('',*,*,#78,.F.);
#8999 = ORIENTED_EDGE('',*,*,#8872,.F.);
#9000 = ORIENTED_EDGE('',*,*,#9001,.F.);
#9001 = EDGE_CURVE('',#4899,#8873,#9002,.T.);
#9002 = LINE('',#9003,#9004);
#9003 = CARTESIAN_POINT('',(8.825,6.3,-2.754626135594));
#9004 = VECTOR('',#9005,1.);
#9005 = DIRECTION('',(0.,-1.,0.));
#9006 = CYLINDRICAL_SURFACE('',#9007,5.E-02);
#9007 = AXIS2_PLACEMENT_3D('',#9008,#9009,#9010);
#9008 = CARTESIAN_POINT('',(8.8,6.3,-2.797927405784));
#9009 = DIRECTION('',(0.,1.,0.));
#9010 = DIRECTION('',(-1.,0.,0.));
#9011 = ADVANCED_FACE('',(#9012),#9023,.T.);
#9012 = FACE_BOUND('',#9013,.F.);
#9013 = EDGE_LOOP('',(#9014,#9015,#9016,#9017));
#9014 = ORIENTED_EDGE('',*,*,#4907,.T.);
#9015 = ORIENTED_EDGE('',*,*,#9001,.T.);
#9016 = ORIENTED_EDGE('',*,*,#8925,.F.);
#9017 = ORIENTED_EDGE('',*,*,#9018,.F.);
#9018 = EDGE_CURVE('',#4908,#8917,#9019,.T.);
#9019 = LINE('',#9020,#9021);
#9020 = CARTESIAN_POINT('',(9.025,6.3,-2.870096189432));
#9021 = VECTOR('',#9022,1.);
#9022 = DIRECTION('',(0.,-1.,0.));
#9023 = PLANE('',#9024);
#9024 = AXIS2_PLACEMENT_3D('',#9025,#9026,#9027);
#9025 = CARTESIAN_POINT('',(9.025,6.3,-2.870096189432));
#9026 = DIRECTION('',(-0.5,0.,-0.866025403784));
#9027 = DIRECTION('',(-0.866025403784,0.,0.5));
#9028 = ADVANCED_FACE('',(#9029),#9040,.T.);
#9029 = FACE_BOUND('',#9030,.T.);
#9030 = EDGE_LOOP('',(#9031,#9037,#9038,#9039));
#9031 = ORIENTED_EDGE('',*,*,#9032,.T.);
#9032 = EDGE_CURVE('',#4916,#8909,#9033,.T.);
#9033 = LINE('',#9034,#9035);
#9034 = CARTESIAN_POINT('',(9.25,6.3,-2.740192378865));
#9035 = VECTOR('',#9036,1.);
#9036 = DIRECTION('',(0.,-1.,0.));
#9037 = ORIENTED_EDGE('',*,*,#8916,.T.);
#9038 = ORIENTED_EDGE('',*,*,#9018,.F.);
#9039 = ORIENTED_EDGE('',*,*,#4915,.F.);
#9040 = CYLINDRICAL_SURFACE('',#9041,0.15);
#9041 = AXIS2_PLACEMENT_3D('',#9042,#9043,#9044);
#9042 = CARTESIAN_POINT('',(9.1,6.3,-2.740192378865));
#9043 = DIRECTION('',(0.,1.,0.));
#9044 = DIRECTION('',(-1.,0.,0.));
#9045 = ADVANCED_FACE('',(#9046),#9057,.T.);
#9046 = FACE_BOUND('',#9047,.F.);
#9047 = EDGE_LOOP('',(#9048,#9049,#9050,#9051));
#9048 = ORIENTED_EDGE('',*,*,#4924,.T.);
#9049 = ORIENTED_EDGE('',*,*,#9032,.T.);
#9050 = ORIENTED_EDGE('',*,*,#8908,.F.);
#9051 = ORIENTED_EDGE('',*,*,#9052,.F.);
#9052 = EDGE_CURVE('',#4925,#8900,#9053,.T.);
#9053 = LINE('',#9054,#9055);
#9054 = CARTESIAN_POINT('',(9.25,6.3,-2.259807621135));
#9055 = VECTOR('',#9056,1.);
#9056 = DIRECTION('',(0.,-1.,0.));
#9057 = PLANE('',#9058);
#9058 = AXIS2_PLACEMENT_3D('',#9059,#9060,#9061);
#9059 = CARTESIAN_POINT('',(9.25,6.3,-2.259807621135));
#9060 = DIRECTION('',(1.,0.,0.));
#9061 = DIRECTION('',(0.,0.,-1.));
#9062 = ADVANCED_FACE('',(#9063),#9074,.T.);
#9063 = FACE_BOUND('',#9064,.T.);
#9064 = EDGE_LOOP('',(#9065,#9071,#9072,#9073));
#9065 = ORIENTED_EDGE('',*,*,#9066,.T.);
#9066 = EDGE_CURVE('',#4933,#8892,#9067,.T.);
#9067 = LINE('',#9068,#9069);
#9068 = CARTESIAN_POINT('',(9.025,6.3,-2.129903810568));
#9069 = VECTOR('',#9070,1.);
#9070 = DIRECTION('',(0.,-1.,0.));
#9071 = ORIENTED_EDGE('',*,*,#8899,.T.);
#9072 = ORIENTED_EDGE('',*,*,#9052,.F.);
#9073 = ORIENTED_EDGE('',*,*,#4932,.F.);
#9074 = CYLINDRICAL_SURFACE('',#9075,0.15);
#9075 = AXIS2_PLACEMENT_3D('',#9076,#9077,#9078);
#9076 = CARTESIAN_POINT('',(9.1,6.3,-2.259807621135));
#9077 = DIRECTION('',(0.,1.,0.));
#9078 = DIRECTION('',(-1.,0.,0.));
#9079 = ADVANCED_FACE('',(#9080),#9091,.T.);
#9080 = FACE_BOUND('',#9081,.F.);
#9081 = EDGE_LOOP('',(#9082,#9083,#9084,#9085));
#9082 = ORIENTED_EDGE('',*,*,#4941,.T.);
#9083 = ORIENTED_EDGE('',*,*,#9066,.T.);
#9084 = ORIENTED_EDGE('',*,*,#8891,.F.);
#9085 = ORIENTED_EDGE('',*,*,#9086,.F.);
#9086 = EDGE_CURVE('',#4942,#8883,#9087,.T.);
#9087 = LINE('',#9088,#9089);
#9088 = CARTESIAN_POINT('',(8.825,6.3,-2.245373864406));
#9089 = VECTOR('',#9090,1.);
#9090 = DIRECTION('',(0.,-1.,0.));
#9091 = PLANE('',#9092);
#9092 = AXIS2_PLACEMENT_3D('',#9093,#9094,#9095);
#9093 = CARTESIAN_POINT('',(8.825,6.3,-2.245373864406));
#9094 = DIRECTION('',(-0.5,0.,0.866025403784));
#9095 = DIRECTION('',(0.866025403784,0.,0.5));
#9096 = ADVANCED_FACE('',(#9097),#9103,.F.);
#9097 = FACE_BOUND('',#9098,.F.);
#9098 = EDGE_LOOP('',(#9099,#9100,#9101,#9102));
#9099 = ORIENTED_EDGE('',*,*,#4949,.T.);
#9100 = ORIENTED_EDGE('',*,*,#9086,.T.);
#9101 = ORIENTED_EDGE('',*,*,#8882,.F.);
#9102 = ORIENTED_EDGE('',*,*,#62,.T.);
#9103 = CYLINDRICAL_SURFACE('',#9104,5.E-02);
#9104 = AXIS2_PLACEMENT_3D('',#9105,#9106,#9107);
#9105 = CARTESIAN_POINT('',(8.8,6.3,-2.202072594216));
#9106 = DIRECTION('',(0.,1.,0.));
#9107 = DIRECTION('',(-1.,0.,0.));
#9108 = ADVANCED_FACE('',(#9109),#9120,.F.);
#9109 = FACE_BOUND('',#9110,.F.);
#9110 = EDGE_LOOP('',(#9111,#9112,#9118,#9119));
#9111 = ORIENTED_EDGE('',*,*,#4890,.T.);
#9112 = ORIENTED_EDGE('',*,*,#9113,.T.);
#9113 = EDGE_CURVE('',#4883,#8942,#9114,.T.);
#9114 = LINE('',#9115,#9116);
#9115 = CARTESIAN_POINT('',(8.825,6.3,-5.445373864406));
#9116 = VECTOR('',#9117,1.);
#9117 = DIRECTION('',(0.,-1.,0.));
#9118 = ORIENTED_EDGE('',*,*,#8941,.F.);
#9119 = ORIENTED_EDGE('',*,*,#94,.T.);
#9120 = CYLINDRICAL_SURFACE('',#9121,5.E-02);
#9121 = AXIS2_PLACEMENT_3D('',#9122,#9123,#9124);
#9122 = CARTESIAN_POINT('',(8.8,6.3,-5.402072594216));
#9123 = DIRECTION('',(0.,1.,0.));
#9124 = DIRECTION('',(-1.,0.,0.));
#9125 = ADVANCED_FACE('',(#9126),#9137,.T.);
#9126 = FACE_BOUND('',#9127,.F.);
#9127 = EDGE_LOOP('',(#9128,#9129,#9135,#9136));
#9128 = ORIENTED_EDGE('',*,*,#4882,.T.);
#9129 = ORIENTED_EDGE('',*,*,#9130,.T.);
#9130 = EDGE_CURVE('',#4874,#8951,#9131,.T.);
#9131 = LINE('',#9132,#9133);
#9132 = CARTESIAN_POINT('',(9.025,6.3,-5.329903810568));
#9133 = VECTOR('',#9134,1.);
#9134 = DIRECTION('',(0.,-1.,0.));
#9135 = ORIENTED_EDGE('',*,*,#8950,.F.);
#9136 = ORIENTED_EDGE('',*,*,#9113,.F.);
#9137 = PLANE('',#9138);
#9138 = AXIS2_PLACEMENT_3D('',#9139,#9140,#9141);
#9139 = CARTESIAN_POINT('',(8.825,6.3,-5.445373864406));
#9140 = DIRECTION('',(-0.5,0.,0.866025403784));
#9141 = DIRECTION('',(0.866025403784,0.,0.5));
#9142 = ADVANCED_FACE('',(#9143),#9154,.T.);
#9143 = FACE_BOUND('',#9144,.T.);
#9144 = EDGE_LOOP('',(#9145,#9146,#9147,#9153));
#9145 = ORIENTED_EDGE('',*,*,#9130,.T.);
#9146 = ORIENTED_EDGE('',*,*,#8958,.T.);
#9147 = ORIENTED_EDGE('',*,*,#9148,.F.);
#9148 = EDGE_CURVE('',#4866,#8959,#9149,.T.);
#9149 = LINE('',#9150,#9151);
#9150 = CARTESIAN_POINT('',(9.25,6.3,-5.459807621135));
#9151 = VECTOR('',#9152,1.);
#9152 = DIRECTION('',(0.,-1.,0.));
#9153 = ORIENTED_EDGE('',*,*,#4873,.F.);
#9154 = CYLINDRICAL_SURFACE('',#9155,0.15);
#9155 = AXIS2_PLACEMENT_3D('',#9156,#9157,#9158);
#9156 = CARTESIAN_POINT('',(9.1,6.3,-5.459807621135));
#9157 = DIRECTION('',(0.,1.,0.));
#9158 = DIRECTION('',(-1.,0.,0.));
#9159 = ADVANCED_FACE('',(#9160),#9171,.T.);
#9160 = FACE_BOUND('',#9161,.F.);
#9161 = EDGE_LOOP('',(#9162,#9163,#9169,#9170));
#9162 = ORIENTED_EDGE('',*,*,#4865,.T.);
#9163 = ORIENTED_EDGE('',*,*,#9164,.T.);
#9164 = EDGE_CURVE('',#4857,#8968,#9165,.T.);
#9165 = LINE('',#9166,#9167);
#9166 = CARTESIAN_POINT('',(9.25,6.3,-5.940192378865));
#9167 = VECTOR('',#9168,1.);
#9168 = DIRECTION('',(0.,-1.,0.));
#9169 = ORIENTED_EDGE('',*,*,#8967,.F.);
#9170 = ORIENTED_EDGE('',*,*,#9148,.F.);
#9171 = PLANE('',#9172);
#9172 = AXIS2_PLACEMENT_3D('',#9173,#9174,#9175);
#9173 = CARTESIAN_POINT('',(9.25,6.3,-5.459807621135));
#9174 = DIRECTION('',(1.,0.,0.));
#9175 = DIRECTION('',(0.,0.,-1.));
#9176 = ADVANCED_FACE('',(#9177),#9188,.T.);
#9177 = FACE_BOUND('',#9178,.T.);
#9178 = EDGE_LOOP('',(#9179,#9180,#9181,#9187));
#9179 = ORIENTED_EDGE('',*,*,#9164,.T.);
#9180 = ORIENTED_EDGE('',*,*,#8975,.T.);
#9181 = ORIENTED_EDGE('',*,*,#9182,.F.);
#9182 = EDGE_CURVE('',#4849,#8976,#9183,.T.);
#9183 = LINE('',#9184,#9185);
#9184 = CARTESIAN_POINT('',(9.025,6.3,-6.070096189432));
#9185 = VECTOR('',#9186,1.);
#9186 = DIRECTION('',(0.,-1.,0.));
#9187 = ORIENTED_EDGE('',*,*,#4856,.F.);
#9188 = CYLINDRICAL_SURFACE('',#9189,0.15);
#9189 = AXIS2_PLACEMENT_3D('',#9190,#9191,#9192);
#9190 = CARTESIAN_POINT('',(9.1,6.3,-5.940192378865));
#9191 = DIRECTION('',(0.,1.,0.));
#9192 = DIRECTION('',(-1.,0.,0.));
#9193 = ADVANCED_FACE('',(#9194),#9200,.T.);
#9194 = FACE_BOUND('',#9195,.F.);
#9195 = EDGE_LOOP('',(#9196,#9197,#9198,#9199));
#9196 = ORIENTED_EDGE('',*,*,#4848,.T.);
#9197 = ORIENTED_EDGE('',*,*,#8858,.T.);
#9198 = ORIENTED_EDGE('',*,*,#8984,.F.);
#9199 = ORIENTED_EDGE('',*,*,#9182,.F.);
#9200 = PLANE('',#9201);
#9201 = AXIS2_PLACEMENT_3D('',#9202,#9203,#9204);
#9202 = CARTESIAN_POINT('',(9.025,6.3,-6.070096189432));
#9203 = DIRECTION('',(-0.5,0.,-0.866025403784));
#9204 = DIRECTION('',(-0.866025403784,0.,0.5));
#9205 = ADVANCED_FACE('',(#9206),#9240,.F.);
#9206 = FACE_BOUND('',#9207,.F.);
#9207 = EDGE_LOOP('',(#9208,#9216,#9224,#9232,#9238,#9239));
#9208 = ORIENTED_EDGE('',*,*,#9209,.F.);
#9209 = EDGE_CURVE('',#9210,#742,#9212,.T.);
#9210 = VERTEX_POINT('',#9211);
#9211 = CARTESIAN_POINT('',(-7.525,-2.7,-7.986942822023));
#9212 = LINE('',#9213,#9214);
#9213 = CARTESIAN_POINT('',(-7.525,-2.7,-7.986942822023));
#9214 = VECTOR('',#9215,1.);
#9215 = DIRECTION('',(0.,-0.984807753012,-0.173648177667));
#9216 = ORIENTED_EDGE('',*,*,#9217,.T.);
#9217 = EDGE_CURVE('',#9210,#9218,#9220,.T.);
#9218 = VERTEX_POINT('',#9219);
#9219 = CARTESIAN_POINT('',(-7.525,-2.7,-7.349999822023));
#9220 = LINE('',#9221,#9222);
#9221 = CARTESIAN_POINT('',(-7.525,-2.7,-7.986942822023));
#9222 = VECTOR('',#9223,1.);
#9223 = DIRECTION('',(0.,0.,1.));
#9224 = ORIENTED_EDGE('',*,*,#9225,.T.);
#9225 = EDGE_CURVE('',#9218,#9226,#9228,.T.);
#9226 = VERTEX_POINT('',#9227);
#9227 = CARTESIAN_POINT('',(-7.525,-1.063242112547,-7.349999822023));
#9228 = LINE('',#9229,#9230);
#9229 = CARTESIAN_POINT('',(-7.525,-2.7,-7.349999822023));
#9230 = VECTOR('',#9231,1.);
#9231 = DIRECTION('',(0.,1.,0.));
#9232 = ORIENTED_EDGE('',*,*,#9233,.T.);
#9233 = EDGE_CURVE('',#9226,#1682,#9234,.T.);
#9234 = LINE('',#9235,#9236);
#9235 = CARTESIAN_POINT('',(-7.525,-1.063242112547,-7.349999822023));
#9236 = VECTOR('',#9237,1.);
#9237 = DIRECTION('',(0.,0.998629534755,5.233595624294E-02));
#9238 = ORIENTED_EDGE('',*,*,#1681,.F.);
#9239 = ORIENTED_EDGE('',*,*,#749,.T.);
#9240 = PLANE('',#9241);
#9241 = AXIS2_PLACEMENT_3D('',#9242,#9243,#9244);
#9242 = CARTESIAN_POINT('',(-7.525,2.7,-8.2));
#9243 = DIRECTION('',(-1.,0.,0.));
#9244 = DIRECTION('',(0.,1.,0.));
#9245 = ADVANCED_FACE('',(#9246),#9264,.F.);
#9246 = FACE_BOUND('',#9247,.F.);
#9247 = EDGE_LOOP('',(#9248,#9249,#9250,#9258));
#9248 = ORIENTED_EDGE('',*,*,#9209,.T.);
#9249 = ORIENTED_EDGE('',*,*,#741,.F.);
#9250 = ORIENTED_EDGE('',*,*,#9251,.T.);
#9251 = EDGE_CURVE('',#734,#9252,#9254,.T.);
#9252 = VERTEX_POINT('',#9253);
#9253 = CARTESIAN_POINT('',(-6.475,-2.7,-7.986942822023));
#9254 = LINE('',#9255,#9256);
#9255 = CARTESIAN_POINT('',(-6.475,-3.9083073,-8.2));
#9256 = VECTOR('',#9257,1.);
#9257 = DIRECTION('',(0.,0.984807753012,0.173648177667));
#9258 = ORIENTED_EDGE('',*,*,#9259,.T.);
#9259 = EDGE_CURVE('',#9252,#9210,#9260,.T.);
#9260 = LINE('',#9261,#9262);
#9261 = CARTESIAN_POINT('',(-6.475,-2.7,-7.986942822023));
#9262 = VECTOR('',#9263,1.);
#9263 = DIRECTION('',(-1.,0.,0.));
#9264 = PLANE('',#9265);
#9265 = AXIS2_PLACEMENT_3D('',#9266,#9267,#9268);
#9266 = CARTESIAN_POINT('',(-6.475,-3.9083073,-8.2));
#9267 = DIRECTION('',(0.,-0.173648177667,0.984807753012));
#9268 = DIRECTION('',(0.,0.984807753012,0.173648177667));
#9269 = ADVANCED_FACE('',(#9270),#9297,.T.);
#9270 = FACE_BOUND('',#9271,.F.);
#9271 = EDGE_LOOP('',(#9272,#9273,#9274,#9275,#9283,#9291));
#9272 = ORIENTED_EDGE('',*,*,#9251,.F.);
#9273 = ORIENTED_EDGE('',*,*,#733,.F.);
#9274 = ORIENTED_EDGE('',*,*,#1697,.T.);
#9275 = ORIENTED_EDGE('',*,*,#9276,.F.);
#9276 = EDGE_CURVE('',#9277,#1690,#9279,.T.);
#9277 = VERTEX_POINT('',#9278);
#9278 = CARTESIAN_POINT('',(-6.475,-1.063242112547,-7.349999822023));
#9279 = LINE('',#9280,#9281);
#9280 = CARTESIAN_POINT('',(-6.475,-1.063242112547,-7.349999822023));
#9281 = VECTOR('',#9282,1.);
#9282 = DIRECTION('',(0.,0.998629534755,5.233595624294E-02));
#9283 = ORIENTED_EDGE('',*,*,#9284,.F.);
#9284 = EDGE_CURVE('',#9285,#9277,#9287,.T.);
#9285 = VERTEX_POINT('',#9286);
#9286 = CARTESIAN_POINT('',(-6.475,-2.7,-7.349999822023));
#9287 = LINE('',#9288,#9289);
#9288 = CARTESIAN_POINT('',(-6.475,-2.7,-7.349999822023));
#9289 = VECTOR('',#9290,1.);
#9290 = DIRECTION('',(0.,1.,0.));
#9291 = ORIENTED_EDGE('',*,*,#9292,.F.);
#9292 = EDGE_CURVE('',#9252,#9285,#9293,.T.);
#9293 = LINE('',#9294,#9295);
#9294 = CARTESIAN_POINT('',(-6.475,-2.7,-7.986942822023));
#9295 = VECTOR('',#9296,1.);
#9296 = DIRECTION('',(0.,0.,1.));
#9297 = PLANE('',#9298);
#9298 = AXIS2_PLACEMENT_3D('',#9299,#9300,#9301);
#9299 = CARTESIAN_POINT('',(-6.475,2.7,-8.2));
#9300 = DIRECTION('',(-1.,0.,0.));
#9301 = DIRECTION('',(0.,1.,0.));
#9302 = ADVANCED_FACE('',(#9303),#9314,.F.);
#9303 = FACE_BOUND('',#9304,.F.);
#9304 = EDGE_LOOP('',(#9305,#9306,#9307,#9308));
#9305 = ORIENTED_EDGE('',*,*,#9276,.T.);
#9306 = ORIENTED_EDGE('',*,*,#1689,.T.);
#9307 = ORIENTED_EDGE('',*,*,#9233,.F.);
#9308 = ORIENTED_EDGE('',*,*,#9309,.F.);
#9309 = EDGE_CURVE('',#9277,#9226,#9310,.T.);
#9310 = LINE('',#9311,#9312);
#9311 = CARTESIAN_POINT('',(-6.475,-1.063242112547,-7.349999822023));
#9312 = VECTOR('',#9313,1.);
#9313 = DIRECTION('',(-1.,0.,0.));
#9314 = PLANE('',#9315);
#9315 = AXIS2_PLACEMENT_3D('',#9316,#9317,#9318);
#9316 = CARTESIAN_POINT('',(-6.475,-1.063242112547,-7.349999822023));
#9317 = DIRECTION('',(0.,-5.233595624294E-02,0.998629534755));
#9318 = DIRECTION('',(0.,0.998629534755,5.233595624294E-02));
#9319 = ADVANCED_FACE('',(#9320),#9379,.F.);
#9320 = FACE_BOUND('',#9321,.F.);
#9321 = EDGE_LOOP('',(#9322,#9332,#9340,#9348,#9354,#9355,#9356,#9357,
    #9365,#9373));
#9322 = ORIENTED_EDGE('',*,*,#9323,.T.);
#9323 = EDGE_CURVE('',#9324,#9326,#9328,.T.);
#9324 = VERTEX_POINT('',#9325);
#9325 = CARTESIAN_POINT('',(-7.06360298,-1.96234237,-7.349999822023));
#9326 = VERTEX_POINT('',#9327);
#9327 = CARTESIAN_POINT('',(-6.93639702,-1.96234237,-7.349999822023));
#9328 = LINE('',#9329,#9330);
#9329 = CARTESIAN_POINT('',(-7.06360298,-1.96234237,-7.349999822023));
#9330 = VECTOR('',#9331,1.);
#9331 = DIRECTION('',(1.,0.,0.));
#9332 = ORIENTED_EDGE('',*,*,#9333,.T.);
#9333 = EDGE_CURVE('',#9326,#9334,#9336,.T.);
#9334 = VERTEX_POINT('',#9335);
#9335 = CARTESIAN_POINT('',(-6.736397005465,-2.511837893824,
    -7.349999822023));
#9336 = LINE('',#9337,#9338);
#9337 = CARTESIAN_POINT('',(-6.93639702,-1.96234237,-7.349999822023));
#9338 = VECTOR('',#9339,1.);
#9339 = DIRECTION('',(0.342020143326,-0.939692620786,0.));
#9340 = ORIENTED_EDGE('',*,*,#9341,.T.);
#9341 = EDGE_CURVE('',#9334,#9342,#9344,.T.);
#9342 = VERTEX_POINT('',#9343);
#9343 = CARTESIAN_POINT('',(-6.70000025,-2.7,-7.349999822023));
#9344 = LINE('',#9345,#9346);
#9345 = CARTESIAN_POINT('',(-6.736397005465,-2.511837893824,
    -7.349999822023));
#9346 = VECTOR('',#9347,1.);
#9347 = DIRECTION('',(0.189912682589,-0.981800984412,0.));
#9348 = ORIENTED_EDGE('',*,*,#9349,.F.);
#9349 = EDGE_CURVE('',#9285,#9342,#9350,.T.);
#9350 = LINE('',#9351,#9352);
#9351 = CARTESIAN_POINT('',(-6.475,-2.7,-7.349999822023));
#9352 = VECTOR('',#9353,1.);
#9353 = DIRECTION('',(-1.,0.,0.));
#9354 = ORIENTED_EDGE('',*,*,#9284,.T.);
#9355 = ORIENTED_EDGE('',*,*,#9309,.T.);
#9356 = ORIENTED_EDGE('',*,*,#9225,.F.);
#9357 = ORIENTED_EDGE('',*,*,#9358,.F.);
#9358 = EDGE_CURVE('',#9359,#9218,#9361,.T.);
#9359 = VERTEX_POINT('',#9360);
#9360 = CARTESIAN_POINT('',(-7.29999975,-2.7,-7.349999822023));
#9361 = LINE('',#9362,#9363);
#9362 = CARTESIAN_POINT('',(-7.29999975,-2.7,-7.349999822023));
#9363 = VECTOR('',#9364,1.);
#9364 = DIRECTION('',(-1.,0.,0.));
#9365 = ORIENTED_EDGE('',*,*,#9366,.T.);
#9366 = EDGE_CURVE('',#9359,#9367,#9369,.T.);
#9367 = VERTEX_POINT('',#9368);
#9368 = CARTESIAN_POINT('',(-7.263602994535,-2.511837893824,
    -7.349999822023));
#9369 = LINE('',#9370,#9371);
#9370 = CARTESIAN_POINT('',(-7.29999975,-2.7,-7.349999822023));
#9371 = VECTOR('',#9372,1.);
#9372 = DIRECTION('',(0.189912682589,0.981800984412,0.));
#9373 = ORIENTED_EDGE('',*,*,#9374,.T.);
#9374 = EDGE_CURVE('',#9367,#9324,#9375,.T.);
#9375 = LINE('',#9376,#9377);
#9376 = CARTESIAN_POINT('',(-7.263602994535,-2.511837893824,
    -7.349999822023));
#9377 = VECTOR('',#9378,1.);
#9378 = DIRECTION('',(0.342020143326,0.939692620786,0.));
#9379 = PLANE('',#9380);
#9380 = AXIS2_PLACEMENT_3D('',#9381,#9382,#9383);
#9381 = CARTESIAN_POINT('',(-6.475,-2.7,-7.349999822023));
#9382 = DIRECTION('',(0.,0.,1.));
#9383 = DIRECTION('',(0.,1.,0.));
#9384 = ADVANCED_FACE('',(#9385),#9436,.T.);
#9385 = FACE_BOUND('',#9386,.F.);
#9386 = EDGE_LOOP('',(#9387,#9402,#9410,#9423,#9429,#9430));
#9387 = ORIENTED_EDGE('',*,*,#9388,.F.);
#9388 = EDGE_CURVE('',#9389,#9391,#9393,.T.);
#9389 = VERTEX_POINT('',#9390);
#9390 = CARTESIAN_POINT('',(-7.161749350903,-2.511837853891,
    -7.549999822023));
#9391 = VERTEX_POINT('',#9392);
#9392 = CARTESIAN_POINT('',(-7.222267135268,-2.398268553874,
    -7.508663977291));
#9393 = B_SPLINE_CURVE_WITH_KNOTS('',3,(#9394,#9395,#9396,#9397,#9398,
    #9399,#9400,#9401),.UNSPECIFIED.,.F.,.F.,(4,1,1,1,1,4),(0.,0.125,
    0.25,0.5,0.75,1.),.UNSPECIFIED.);
#9394 = CARTESIAN_POINT('',(-7.161749350903,-2.511837853891,
    -7.549999822023));
#9395 = CARTESIAN_POINT('',(-7.168963778701,-2.511837853891,
    -7.549999822023));
#9396 = CARTESIAN_POINT('',(-7.179765129204,-2.508180047231,
    -7.548668489276));
#9397 = CARTESIAN_POINT('',(-7.195547854248,-2.494995842065,
    -7.543869831033));
#9398 = CARTESIAN_POINT('',(-7.208427795356,-2.471609913265,
    -7.535358049049));
#9399 = CARTESIAN_POINT('',(-7.217944500841,-2.437557962863,
    -7.522964152684));
#9400 = CARTESIAN_POINT('',(-7.221251280823,-2.411793597576,
    -7.513586690615));
#9401 = CARTESIAN_POINT('',(-7.222267135268,-2.398268553874,
    -7.508663977291));
#9402 = ORIENTED_EDGE('',*,*,#9403,.T.);
#9403 = EDGE_CURVE('',#9389,#9404,#9406,.T.);
#9404 = VERTEX_POINT('',#9405);
#9405 = CARTESIAN_POINT('',(-6.838250649097,-2.511837853891,
    -7.549999822023));
#9406 = LINE('',#9407,#9408);
#9407 = CARTESIAN_POINT('',(-7.161749350903,-2.511837853891,
    -7.549999822023));
#9408 = VECTOR('',#9409,1.);
#9409 = DIRECTION('',(1.,0.,0.));
#9410 = ORIENTED_EDGE('',*,*,#9411,.F.);
#9411 = EDGE_CURVE('',#9412,#9404,#9414,.T.);
#9412 = VERTEX_POINT('',#9413);
#9413 = CARTESIAN_POINT('',(-6.777732864732,-2.398268553874,
    -7.508663977291));
#9414 = B_SPLINE_CURVE_WITH_KNOTS('',3,(#9415,#9416,#9417,#9418,#9419,
    #9420,#9421,#9422),.UNSPECIFIED.,.F.,.F.,(4,1,1,1,1,4),(0.,0.25,0.5,
    0.75,0.875,1.),.UNSPECIFIED.);
#9415 = CARTESIAN_POINT('',(-6.777732864732,-2.398268553874,
    -7.508663977291));
#9416 = CARTESIAN_POINT('',(-6.778748719177,-2.411793597576,
    -7.513586690615));
#9417 = CARTESIAN_POINT('',(-6.782055499159,-2.437557962863,
    -7.522964152684));
#9418 = CARTESIAN_POINT('',(-6.791572204644,-2.471609913265,
    -7.535358049049));
#9419 = CARTESIAN_POINT('',(-6.804452145752,-2.494995842065,
    -7.543869831033));
#9420 = CARTESIAN_POINT('',(-6.820234870796,-2.508180047231,
    -7.548668489276));
#9421 = CARTESIAN_POINT('',(-6.831036221299,-2.511837853891,
    -7.549999822023));
#9422 = CARTESIAN_POINT('',(-6.838250649097,-2.511837853891,
    -7.549999822023));
#9423 = ORIENTED_EDGE('',*,*,#9424,.T.);
#9424 = EDGE_CURVE('',#9412,#9326,#9425,.T.);
#9425 = LINE('',#9426,#9427);
#9426 = CARTESIAN_POINT('',(-6.777732864732,-2.398268553874,
    -7.508663977291));
#9427 = VECTOR('',#9428,1.);
#9428 = DIRECTION('',(-0.323615577118,0.889126490716,0.323615577118));
#9429 = ORIENTED_EDGE('',*,*,#9323,.F.);
#9430 = ORIENTED_EDGE('',*,*,#9431,.T.);
#9431 = EDGE_CURVE('',#9324,#9391,#9432,.T.);
#9432 = LINE('',#9433,#9434);
#9433 = CARTESIAN_POINT('',(-7.06360298,-1.96234237,-7.349999822023));
#9434 = VECTOR('',#9435,1.);
#9435 = DIRECTION('',(-0.323615577118,-0.889126490716,-0.323615577118));
#9436 = PLANE('',#9437);
#9437 = AXIS2_PLACEMENT_3D('',#9438,#9439,#9440);
#9438 = CARTESIAN_POINT('',(-7.,-2.237090111945,-7.449999822023));
#9439 = DIRECTION('',(0.,0.342020143326,-0.939692620786));
#9440 = DIRECTION('',(0.,0.939692620786,0.342020143326));
#9441 = ADVANCED_FACE('',(#9442),#9488,.T.);
#9442 = FACE_BOUND('',#9443,.T.);
#9443 = EDGE_LOOP('',(#9444,#9452,#9466,#9474,#9487));
#9444 = ORIENTED_EDGE('',*,*,#9445,.F.);
#9445 = EDGE_CURVE('',#9446,#9389,#9448,.T.);
#9446 = VERTEX_POINT('',#9447);
#9447 = CARTESIAN_POINT('',(-7.198146114092,-2.7,-7.549999822023));
#9448 = LINE('',#9449,#9450);
#9449 = CARTESIAN_POINT('',(-7.198146114092,-2.7,-7.549999822023));
#9450 = VECTOR('',#9451,1.);
#9451 = DIRECTION('',(0.189912682589,0.981800984412,0.));
#9452 = ORIENTED_EDGE('',*,*,#9453,.F.);
#9453 = EDGE_CURVE('',#9454,#9446,#9456,.T.);
#9454 = VERTEX_POINT('',#9455);
#9455 = CARTESIAN_POINT('',(-7.29999975,-2.7,-7.449999822023));
#9456 = B_SPLINE_CURVE_WITH_KNOTS('',3,(#9457,#9458,#9459,#9460,#9461,
    #9462,#9463,#9464,#9465),.UNSPECIFIED.,.F.,.F.,(4,1,1,1,1,1,4),(0.,
    0.125,0.25,0.5,0.75,0.875,1.),.UNSPECIFIED.);
#9457 = CARTESIAN_POINT('',(-7.29999975,-2.7,-7.449999822023));
#9458 = CARTESIAN_POINT('',(-7.29999975,-2.7,-7.458410390186));
#9459 = CARTESIAN_POINT('',(-7.297960478724,-2.7,-7.473192255235));
#9460 = CARTESIAN_POINT('',(-7.289119667362,-2.7,-7.497993716525));
#9461 = CARTESIAN_POINT('',(-7.271394465549,-2.7,-7.522321355525));
#9462 = CARTESIAN_POINT('',(-7.246564634205,-2.7,-7.539544364996));
#9463 = CARTESIAN_POINT('',(-7.221439805917,-2.7,-7.548061809359));
#9464 = CARTESIAN_POINT('',(-7.206556682255,-2.7,-7.549999822023));
#9465 = CARTESIAN_POINT('',(-7.198146114092,-2.7,-7.549999822023));
#9466 = ORIENTED_EDGE('',*,*,#9467,.T.);
#9467 = EDGE_CURVE('',#9454,#9468,#9470,.T.);
#9468 = VERTEX_POINT('',#9469);
#9469 = CARTESIAN_POINT('',(-7.263602994535,-2.511837893824,
    -7.449999822023));
#9470 = LINE('',#9471,#9472);
#9471 = CARTESIAN_POINT('',(-7.29999975,-2.7,-7.449999822023));
#9472 = VECTOR('',#9473,1.);
#9473 = DIRECTION('',(0.189912682589,0.981800984412,0.));
#9474 = ORIENTED_EDGE('',*,*,#9475,.F.);
#9475 = EDGE_CURVE('',#9391,#9468,#9476,.T.);
#9476 = B_SPLINE_CURVE_WITH_KNOTS('',3,(#9477,#9478,#9479,#9480,#9481,
    #9482,#9483,#9484,#9485,#9486),.UNSPECIFIED.,.F.,.F.,(4,1,1,1,1,1,1,
    4),(0.,0.25,0.5,0.625,0.75,0.875,0.9375,1.),.UNSPECIFIED.);
#9477 = CARTESIAN_POINT('',(-7.222267135268,-2.398268553874,
    -7.508663977291));
#9478 = CARTESIAN_POINT('',(-7.226614590555,-2.410213089107,
    -7.505903132423));
#9479 = CARTESIAN_POINT('',(-7.235112959648,-2.433562166295,
    -7.499918208719));
#9480 = CARTESIAN_POINT('',(-7.245061559283,-2.460895719145,
    -7.490847632547));
#9481 = CARTESIAN_POINT('',(-7.25236179896,-2.480952962815,
    -7.482038804976));
#9482 = CARTESIAN_POINT('',(-7.257357555765,-2.494678691832,
    -7.474302219279));
#9483 = CARTESIAN_POINT('',(-7.260923944375,-2.504477264007,
    -7.466448586908));
#9484 = CARTESIAN_POINT('',(-7.263001502325,-2.51018530756,
    -7.45833775916));
#9485 = CARTESIAN_POINT('',(-7.263602994535,-2.511837893824,
    -7.453251692194));
#9486 = CARTESIAN_POINT('',(-7.263602994535,-2.511837893824,
    -7.449999822023));
#9487 = ORIENTED_EDGE('',*,*,#9388,.F.);
#9488 = CYLINDRICAL_SURFACE('',#9489,0.1);
#9489 = AXIS2_PLACEMENT_3D('',#9490,#9491,#9492);
#9490 = CARTESIAN_POINT('',(-12.63128370179,-30.78796,-7.449999822023));
#9491 = DIRECTION('',(0.189912682589,0.981800984412,0.));
#9492 = DIRECTION('',(0.,0.,-1.));
#9493 = ADVANCED_FACE('',(#9494),#9505,.T.);
#9494 = FACE_BOUND('',#9495,.F.);
#9495 = EDGE_LOOP('',(#9496,#9497,#9498,#9499));
#9496 = ORIENTED_EDGE('',*,*,#9475,.F.);
#9497 = ORIENTED_EDGE('',*,*,#9431,.F.);
#9498 = ORIENTED_EDGE('',*,*,#9374,.F.);
#9499 = ORIENTED_EDGE('',*,*,#9500,.T.);
#9500 = EDGE_CURVE('',#9367,#9468,#9501,.T.);
#9501 = LINE('',#9502,#9503);
#9502 = CARTESIAN_POINT('',(-7.263602994535,-2.511837893824,
    -7.349999822023));
#9503 = VECTOR('',#9504,1.);
#9504 = DIRECTION('',(0.,0.,-1.));
#9505 = PLANE('',#9506);
#9506 = AXIS2_PLACEMENT_3D('',#9507,#9508,#9509);
#9507 = CARTESIAN_POINT('',(-7.263602994535,-2.511837893824,
    -7.349999822023));
#9508 = DIRECTION('',(-0.939692620786,0.342020143326,0.));
#9509 = DIRECTION('',(0.342020143326,0.939692620786,0.));
#9510 = ADVANCED_FACE('',(#9511),#9522,.T.);
#9511 = FACE_BOUND('',#9512,.F.);
#9512 = EDGE_LOOP('',(#9513,#9514,#9515,#9516));
#9513 = ORIENTED_EDGE('',*,*,#9467,.T.);
#9514 = ORIENTED_EDGE('',*,*,#9500,.F.);
#9515 = ORIENTED_EDGE('',*,*,#9366,.F.);
#9516 = ORIENTED_EDGE('',*,*,#9517,.T.);
#9517 = EDGE_CURVE('',#9359,#9454,#9518,.T.);
#9518 = LINE('',#9519,#9520);
#9519 = CARTESIAN_POINT('',(-7.29999975,-2.7,-7.349999822023));
#9520 = VECTOR('',#9521,1.);
#9521 = DIRECTION('',(0.,0.,-1.));
#9522 = PLANE('',#9523);
#9523 = AXIS2_PLACEMENT_3D('',#9524,#9525,#9526);
#9524 = CARTESIAN_POINT('',(-7.29999975,-2.7,-7.349999822023));
#9525 = DIRECTION('',(-0.981800984412,0.189912682589,0.));
#9526 = DIRECTION('',(0.189912682589,0.981800984412,0.));
#9527 = ADVANCED_FACE('',(#9528),#9565,.F.);
#9528 = FACE_BOUND('',#9529,.F.);
#9529 = EDGE_LOOP('',(#9530,#9538,#9552,#9558,#9559,#9560,#9561,#9562,
    #9563,#9564));
#9530 = ORIENTED_EDGE('',*,*,#9531,.T.);
#9531 = EDGE_CURVE('',#9342,#9532,#9534,.T.);
#9532 = VERTEX_POINT('',#9533);
#9533 = CARTESIAN_POINT('',(-6.70000025,-2.7,-7.449999822023));
#9534 = LINE('',#9535,#9536);
#9535 = CARTESIAN_POINT('',(-6.70000025,-2.7,-7.349999822023));
#9536 = VECTOR('',#9537,1.);
#9537 = DIRECTION('',(0.,0.,-1.));
#9538 = ORIENTED_EDGE('',*,*,#9539,.F.);
#9539 = EDGE_CURVE('',#9540,#9532,#9542,.T.);
#9540 = VERTEX_POINT('',#9541);
#9541 = CARTESIAN_POINT('',(-6.801853885908,-2.7,-7.549999822023));
#9542 = B_SPLINE_CURVE_WITH_KNOTS('',3,(#9543,#9544,#9545,#9546,#9547,
    #9548,#9549,#9550,#9551),.UNSPECIFIED.,.F.,.F.,(4,1,1,1,1,1,4),(0.,
    0.125,0.25,0.5,0.75,0.875,1.),.UNSPECIFIED.);
#9543 = CARTESIAN_POINT('',(-6.801853885908,-2.7,-7.549999822023));
#9544 = CARTESIAN_POINT('',(-6.793443317745,-2.7,-7.549999822023));
#9545 = CARTESIAN_POINT('',(-6.778560194083,-2.7,-7.548061809359));
#9546 = CARTESIAN_POINT('',(-6.753435365795,-2.7,-7.539544364996));
#9547 = CARTESIAN_POINT('',(-6.728605534451,-2.7,-7.522321355525));
#9548 = CARTESIAN_POINT('',(-6.710880332638,-2.7,-7.497993716525));
#9549 = CARTESIAN_POINT('',(-6.702039521276,-2.7,-7.473192255235));
#9550 = CARTESIAN_POINT('',(-6.70000025,-2.7,-7.458410390186));
#9551 = CARTESIAN_POINT('',(-6.70000025,-2.7,-7.449999822023));
#9552 = ORIENTED_EDGE('',*,*,#9553,.F.);
#9553 = EDGE_CURVE('',#9446,#9540,#9554,.T.);
#9554 = LINE('',#9555,#9556);
#9555 = CARTESIAN_POINT('',(-7.198146114092,-2.7,-7.549999822023));
#9556 = VECTOR('',#9557,1.);
#9557 = DIRECTION('',(1.,0.,0.));
#9558 = ORIENTED_EDGE('',*,*,#9453,.F.);
#9559 = ORIENTED_EDGE('',*,*,#9517,.F.);
#9560 = ORIENTED_EDGE('',*,*,#9358,.T.);
#9561 = ORIENTED_EDGE('',*,*,#9217,.F.);
#9562 = ORIENTED_EDGE('',*,*,#9259,.F.);
#9563 = ORIENTED_EDGE('',*,*,#9292,.T.);
#9564 = ORIENTED_EDGE('',*,*,#9349,.T.);
#9565 = PLANE('',#9566);
#9566 = AXIS2_PLACEMENT_3D('',#9567,#9568,#9569);
#9567 = CARTESIAN_POINT('',(-6.475,-2.7,-7.986942822023));
#9568 = DIRECTION('',(0.,-1.,0.));
#9569 = DIRECTION('',(0.,0.,1.));
#9570 = ADVANCED_FACE('',(#9571),#9589,.T.);
#9571 = FACE_BOUND('',#9572,.F.);
#9572 = EDGE_LOOP('',(#9573,#9581,#9582,#9583));
#9573 = ORIENTED_EDGE('',*,*,#9574,.T.);
#9574 = EDGE_CURVE('',#9575,#9532,#9577,.T.);
#9575 = VERTEX_POINT('',#9576);
#9576 = CARTESIAN_POINT('',(-6.736397005465,-2.511837893824,
    -7.449999822023));
#9577 = LINE('',#9578,#9579);
#9578 = CARTESIAN_POINT('',(-6.736397005465,-2.511837893824,
    -7.449999822023));
#9579 = VECTOR('',#9580,1.);
#9580 = DIRECTION('',(0.189912682589,-0.981800984412,-5.097816510296E-14
    ));
#9581 = ORIENTED_EDGE('',*,*,#9531,.F.);
#9582 = ORIENTED_EDGE('',*,*,#9341,.F.);
#9583 = ORIENTED_EDGE('',*,*,#9584,.T.);
#9584 = EDGE_CURVE('',#9334,#9575,#9585,.T.);
#9585 = LINE('',#9586,#9587);
#9586 = CARTESIAN_POINT('',(-6.736397005465,-2.511837893824,
    -7.349999822023));
#9587 = VECTOR('',#9588,1.);
#9588 = DIRECTION('',(0.,-1.7763568394E-14,-1.));
#9589 = PLANE('',#9590);
#9590 = AXIS2_PLACEMENT_3D('',#9591,#9592,#9593);
#9591 = CARTESIAN_POINT('',(-6.736397005465,-2.511837893824,
    -7.349999822023));
#9592 = DIRECTION('',(0.981800984412,0.189912682589,0.));
#9593 = DIRECTION('',(0.189912682589,-0.981800984412,0.));
#9594 = ADVANCED_FACE('',(#9595),#9619,.T.);
#9595 = FACE_BOUND('',#9596,.T.);
#9596 = EDGE_LOOP('',(#9597,#9598,#9604,#9605,#9618));
#9597 = ORIENTED_EDGE('',*,*,#9539,.F.);
#9598 = ORIENTED_EDGE('',*,*,#9599,.F.);
#9599 = EDGE_CURVE('',#9404,#9540,#9600,.T.);
#9600 = LINE('',#9601,#9602);
#9601 = CARTESIAN_POINT('',(-6.838250649097,-2.511837853891,
    -7.549999822023));
#9602 = VECTOR('',#9603,1.);
#9603 = DIRECTION('',(0.189912682589,-0.981800984412,0.));
#9604 = ORIENTED_EDGE('',*,*,#9411,.F.);
#9605 = ORIENTED_EDGE('',*,*,#9606,.F.);
#9606 = EDGE_CURVE('',#9575,#9412,#9607,.T.);
#9607 = B_SPLINE_CURVE_WITH_KNOTS('',3,(#9608,#9609,#9610,#9611,#9612,
    #9613,#9614,#9615,#9616,#9617),.UNSPECIFIED.,.F.,.F.,(4,1,1,1,1,1,1,
    4),(0.,6.25E-02,0.125,0.25,0.375,0.5,0.75,1.),.UNSPECIFIED.);
#9608 = CARTESIAN_POINT('',(-6.736397005465,-2.511837893824,
    -7.449999822023));
#9609 = CARTESIAN_POINT('',(-6.736397005465,-2.511837893824,
    -7.453251692194));
#9610 = CARTESIAN_POINT('',(-6.736998497675,-2.51018530756,
    -7.45833775916));
#9611 = CARTESIAN_POINT('',(-6.739076055624,-2.504477264007,
    -7.466448586908));
#9612 = CARTESIAN_POINT('',(-6.742642444235,-2.494678691832,
    -7.474302219279));
#9613 = CARTESIAN_POINT('',(-6.74763820104,-2.480952962815,
    -7.482038804976));
#9614 = CARTESIAN_POINT('',(-6.754938440717,-2.460895719145,
    -7.490847632547));
#9615 = CARTESIAN_POINT('',(-6.764887040352,-2.433562166295,
    -7.499918208719));
#9616 = CARTESIAN_POINT('',(-6.773385409445,-2.410213089107,
    -7.505903132423));
#9617 = CARTESIAN_POINT('',(-6.777732864732,-2.398268553874,
    -7.508663977291));
#9618 = ORIENTED_EDGE('',*,*,#9574,.T.);
#9619 = CYLINDRICAL_SURFACE('',#9620,0.1);
#9620 = AXIS2_PLACEMENT_3D('',#9621,#9622,#9623);
#9621 = CARTESIAN_POINT('',(-12.60251412091,27.28796,-7.449999822023));
#9622 = DIRECTION('',(0.189912682589,-0.981800984412,0.));
#9623 = DIRECTION('',(0.,0.,-1.));
#9624 = ADVANCED_FACE('',(#9625),#9631,.T.);
#9625 = FACE_BOUND('',#9626,.F.);
#9626 = EDGE_LOOP('',(#9627,#9628,#9629,#9630));
#9627 = ORIENTED_EDGE('',*,*,#9606,.F.);
#9628 = ORIENTED_EDGE('',*,*,#9584,.F.);
#9629 = ORIENTED_EDGE('',*,*,#9333,.F.);
#9630 = ORIENTED_EDGE('',*,*,#9424,.F.);
#9631 = PLANE('',#9632);
#9632 = AXIS2_PLACEMENT_3D('',#9633,#9634,#9635);
#9633 = CARTESIAN_POINT('',(-6.93639702,-1.96234237,-7.349999822023));
#9634 = DIRECTION('',(0.939692620786,0.342020143326,0.));
#9635 = DIRECTION('',(0.342020143326,-0.939692620786,0.));
#9636 = ADVANCED_FACE('',(#9637),#9643,.T.);
#9637 = FACE_BOUND('',#9638,.F.);
#9638 = EDGE_LOOP('',(#9639,#9640,#9641,#9642));
#9639 = ORIENTED_EDGE('',*,*,#9445,.F.);
#9640 = ORIENTED_EDGE('',*,*,#9553,.T.);
#9641 = ORIENTED_EDGE('',*,*,#9599,.F.);
#9642 = ORIENTED_EDGE('',*,*,#9403,.F.);
#9643 = PLANE('',#9644);
#9644 = AXIS2_PLACEMENT_3D('',#9645,#9646,#9647);
#9645 = CARTESIAN_POINT('',(-6.475,2.7,-7.549999822023));
#9646 = DIRECTION('',(0.,0.,-1.));
#9647 = DIRECTION('',(1.,0.,0.));
#9648 = ADVANCED_FACE('',(#9649),#9654,.F.);
#9649 = FACE_BOUND('',#9650,.F.);
#9650 = EDGE_LOOP('',(#9651,#9652,#9653));
#9651 = ORIENTED_EDGE('',*,*,#1180,.F.);
#9652 = ORIENTED_EDGE('',*,*,#1272,.F.);
#9653 = ORIENTED_EDGE('',*,*,#701,.F.);
#9654 = PLANE('',#9655);
#9655 = AXIS2_PLACEMENT_3D('',#9656,#9657,#9658);
#9656 = CARTESIAN_POINT('',(-5.6,0.4,-8.2));
#9657 = DIRECTION('',(-1.,0.,0.));
#9658 = DIRECTION('',(0.,0.,1.));
#9659 = ADVANCED_FACE('',(#9660),#9685,.T.);
#9660 = FACE_BOUND('',#9661,.F.);
#9661 = EDGE_LOOP('',(#9662,#9670,#9678,#9684));
#9662 = ORIENTED_EDGE('',*,*,#9663,.T.);
#9663 = EDGE_CURVE('',#516,#9664,#9666,.T.);
#9664 = VERTEX_POINT('',#9665);
#9665 = CARTESIAN_POINT('',(7.45,-9.8,-4.35));
#9666 = LINE('',#9667,#9668);
#9667 = CARTESIAN_POINT('',(7.45,-6.3,-4.35));
#9668 = VECTOR('',#9669,1.);
#9669 = DIRECTION('',(0.,-1.,0.));
#9670 = ORIENTED_EDGE('',*,*,#9671,.T.);
#9671 = EDGE_CURVE('',#9664,#9672,#9674,.T.);
#9672 = VERTEX_POINT('',#9673);
#9673 = CARTESIAN_POINT('',(7.45,-9.8,-3.85));
#9674 = LINE('',#9675,#9676);
#9675 = CARTESIAN_POINT('',(7.45,-9.8,-4.35));
#9676 = VECTOR('',#9677,1.);
#9677 = DIRECTION('',(0.,0.,1.));
#9678 = ORIENTED_EDGE('',*,*,#9679,.F.);
#9679 = EDGE_CURVE('',#518,#9672,#9680,.T.);
#9680 = LINE('',#9681,#9682);
#9681 = CARTESIAN_POINT('',(7.45,-6.3,-3.85));
#9682 = VECTOR('',#9683,1.);
#9683 = DIRECTION('',(0.,-1.,0.));
#9684 = ORIENTED_EDGE('',*,*,#515,.F.);
#9685 = PLANE('',#9686);
#9686 = AXIS2_PLACEMENT_3D('',#9687,#9688,#9689);
#9687 = CARTESIAN_POINT('',(7.45,-6.3,-4.35));
#9688 = DIRECTION('',(1.,0.,0.));
#9689 = DIRECTION('',(0.,0.,1.));
#9690 = ADVANCED_FACE('',(#9691),#9709,.T.);
#9691 = FACE_BOUND('',#9692,.F.);
#9692 = EDGE_LOOP('',(#9693,#9694,#9695,#9703));
#9693 = ORIENTED_EDGE('',*,*,#9663,.F.);
#9694 = ORIENTED_EDGE('',*,*,#541,.F.);
#9695 = ORIENTED_EDGE('',*,*,#9696,.T.);
#9696 = EDGE_CURVE('',#534,#9697,#9699,.T.);
#9697 = VERTEX_POINT('',#9698);
#9698 = CARTESIAN_POINT('',(6.55,-9.8,-4.35));
#9699 = LINE('',#9700,#9701);
#9700 = CARTESIAN_POINT('',(6.55,-6.3,-4.35));
#9701 = VECTOR('',#9702,1.);
#9702 = DIRECTION('',(0.,-1.,0.));
#9703 = ORIENTED_EDGE('',*,*,#9704,.T.);
#9704 = EDGE_CURVE('',#9697,#9664,#9705,.T.);
#9705 = LINE('',#9706,#9707);
#9706 = CARTESIAN_POINT('',(6.55,-9.8,-4.35));
#9707 = VECTOR('',#9708,1.);
#9708 = DIRECTION('',(1.,0.,0.));
#9709 = PLANE('',#9710);
#9710 = AXIS2_PLACEMENT_3D('',#9711,#9712,#9713);
#9711 = CARTESIAN_POINT('',(6.55,-6.3,-4.35));
#9712 = DIRECTION('',(0.,0.,-1.));
#9713 = DIRECTION('',(1.,0.,0.));
#9714 = ADVANCED_FACE('',(#9715),#9733,.T.);
#9715 = FACE_BOUND('',#9716,.F.);
#9716 = EDGE_LOOP('',(#9717,#9725,#9731,#9732));
#9717 = ORIENTED_EDGE('',*,*,#9718,.T.);
#9718 = EDGE_CURVE('',#526,#9719,#9721,.T.);
#9719 = VERTEX_POINT('',#9720);
#9720 = CARTESIAN_POINT('',(6.55,-9.8,-3.85));
#9721 = LINE('',#9722,#9723);
#9722 = CARTESIAN_POINT('',(6.55,-6.3,-3.85));
#9723 = VECTOR('',#9724,1.);
#9724 = DIRECTION('',(0.,-1.,0.));
#9725 = ORIENTED_EDGE('',*,*,#9726,.T.);
#9726 = EDGE_CURVE('',#9719,#9697,#9727,.T.);
#9727 = LINE('',#9728,#9729);
#9728 = CARTESIAN_POINT('',(6.55,-9.8,-3.85));
#9729 = VECTOR('',#9730,1.);
#9730 = DIRECTION('',(0.,0.,-1.));
#9731 = ORIENTED_EDGE('',*,*,#9696,.F.);
#9732 = ORIENTED_EDGE('',*,*,#533,.F.);
#9733 = PLANE('',#9734);
#9734 = AXIS2_PLACEMENT_3D('',#9735,#9736,#9737);
#9735 = CARTESIAN_POINT('',(6.55,-6.3,-3.85));
#9736 = DIRECTION('',(-1.,0.,0.));
#9737 = DIRECTION('',(0.,0.,-1.));
#9738 = ADVANCED_FACE('',(#9739),#9750,.T.);
#9739 = FACE_BOUND('',#9740,.F.);
#9740 = EDGE_LOOP('',(#9741,#9742,#9748,#9749));
#9741 = ORIENTED_EDGE('',*,*,#9679,.T.);
#9742 = ORIENTED_EDGE('',*,*,#9743,.T.);
#9743 = EDGE_CURVE('',#9672,#9719,#9744,.T.);
#9744 = LINE('',#9745,#9746);
#9745 = CARTESIAN_POINT('',(7.45,-9.8,-3.85));
#9746 = VECTOR('',#9747,1.);
#9747 = DIRECTION('',(-1.,0.,0.));
#9748 = ORIENTED_EDGE('',*,*,#9718,.F.);
#9749 = ORIENTED_EDGE('',*,*,#525,.F.);
#9750 = PLANE('',#9751);
#9751 = AXIS2_PLACEMENT_3D('',#9752,#9753,#9754);
#9752 = CARTESIAN_POINT('',(7.45,-6.3,-3.85));
#9753 = DIRECTION('',(0.,0.,1.));
#9754 = DIRECTION('',(-1.,0.,0.));
#9755 = ADVANCED_FACE('',(#9756),#9762,.T.);
#9756 = FACE_BOUND('',#9757,.F.);
#9757 = EDGE_LOOP('',(#9758,#9759,#9760,#9761));
#9758 = ORIENTED_EDGE('',*,*,#9671,.F.);
#9759 = ORIENTED_EDGE('',*,*,#9704,.F.);
#9760 = ORIENTED_EDGE('',*,*,#9726,.F.);
#9761 = ORIENTED_EDGE('',*,*,#9743,.F.);
#9762 = PLANE('',#9763);
#9763 = AXIS2_PLACEMENT_3D('',#9764,#9765,#9766);
#9764 = CARTESIAN_POINT('',(8.75,-9.8,0.));
#9765 = DIRECTION('',(0.,-1.,0.));
#9766 = DIRECTION('',(-1.,0.,0.));
#9767 = ADVANCED_FACE('',(#9768),#9793,.T.);
#9768 = FACE_BOUND('',#9769,.F.);
#9769 = EDGE_LOOP('',(#9770,#9778,#9786,#9792));
#9770 = ORIENTED_EDGE('',*,*,#9771,.T.);
#9771 = EDGE_CURVE('',#550,#9772,#9774,.T.);
#9772 = VERTEX_POINT('',#9773);
#9773 = CARTESIAN_POINT('',(3.95,-9.8,-4.35));
#9774 = LINE('',#9775,#9776);
#9775 = CARTESIAN_POINT('',(3.95,-6.3,-4.35));
#9776 = VECTOR('',#9777,1.);
#9777 = DIRECTION('',(0.,-1.,0.));
#9778 = ORIENTED_EDGE('',*,*,#9779,.T.);
#9779 = EDGE_CURVE('',#9772,#9780,#9782,.T.);
#9780 = VERTEX_POINT('',#9781);
#9781 = CARTESIAN_POINT('',(3.95,-9.8,-3.85));
#9782 = LINE('',#9783,#9784);
#9783 = CARTESIAN_POINT('',(3.95,-9.8,-4.35));
#9784 = VECTOR('',#9785,1.);
#9785 = DIRECTION('',(0.,0.,1.));
#9786 = ORIENTED_EDGE('',*,*,#9787,.F.);
#9787 = EDGE_CURVE('',#552,#9780,#9788,.T.);
#9788 = LINE('',#9789,#9790);
#9789 = CARTESIAN_POINT('',(3.95,-6.3,-3.85));
#9790 = VECTOR('',#9791,1.);
#9791 = DIRECTION('',(0.,-1.,0.));
#9792 = ORIENTED_EDGE('',*,*,#549,.F.);
#9793 = PLANE('',#9794);
#9794 = AXIS2_PLACEMENT_3D('',#9795,#9796,#9797);
#9795 = CARTESIAN_POINT('',(3.95,-6.3,-4.35));
#9796 = DIRECTION('',(1.,0.,0.));
#9797 = DIRECTION('',(0.,0.,1.));
#9798 = ADVANCED_FACE('',(#9799),#9817,.T.);
#9799 = FACE_BOUND('',#9800,.F.);
#9800 = EDGE_LOOP('',(#9801,#9802,#9803,#9811));
#9801 = ORIENTED_EDGE('',*,*,#9771,.F.);
#9802 = ORIENTED_EDGE('',*,*,#575,.F.);
#9803 = ORIENTED_EDGE('',*,*,#9804,.T.);
#9804 = EDGE_CURVE('',#568,#9805,#9807,.T.);
#9805 = VERTEX_POINT('',#9806);
#9806 = CARTESIAN_POINT('',(3.05,-9.8,-4.35));
#9807 = LINE('',#9808,#9809);
#9808 = CARTESIAN_POINT('',(3.05,-6.3,-4.35));
#9809 = VECTOR('',#9810,1.);
#9810 = DIRECTION('',(0.,-1.,0.));
#9811 = ORIENTED_EDGE('',*,*,#9812,.T.);
#9812 = EDGE_CURVE('',#9805,#9772,#9813,.T.);
#9813 = LINE('',#9814,#9815);
#9814 = CARTESIAN_POINT('',(3.05,-9.8,-4.35));
#9815 = VECTOR('',#9816,1.);
#9816 = DIRECTION('',(1.,0.,0.));
#9817 = PLANE('',#9818);
#9818 = AXIS2_PLACEMENT_3D('',#9819,#9820,#9821);
#9819 = CARTESIAN_POINT('',(3.05,-6.3,-4.35));
#9820 = DIRECTION('',(0.,0.,-1.));
#9821 = DIRECTION('',(1.,0.,0.));
#9822 = ADVANCED_FACE('',(#9823),#9841,.T.);
#9823 = FACE_BOUND('',#9824,.F.);
#9824 = EDGE_LOOP('',(#9825,#9833,#9839,#9840));
#9825 = ORIENTED_EDGE('',*,*,#9826,.T.);
#9826 = EDGE_CURVE('',#560,#9827,#9829,.T.);
#9827 = VERTEX_POINT('',#9828);
#9828 = CARTESIAN_POINT('',(3.05,-9.8,-3.85));
#9829 = LINE('',#9830,#9831);
#9830 = CARTESIAN_POINT('',(3.05,-6.3,-3.85));
#9831 = VECTOR('',#9832,1.);
#9832 = DIRECTION('',(0.,-1.,0.));
#9833 = ORIENTED_EDGE('',*,*,#9834,.T.);
#9834 = EDGE_CURVE('',#9827,#9805,#9835,.T.);
#9835 = LINE('',#9836,#9837);
#9836 = CARTESIAN_POINT('',(3.05,-9.8,-3.85));
#9837 = VECTOR('',#9838,1.);
#9838 = DIRECTION('',(0.,0.,-1.));
#9839 = ORIENTED_EDGE('',*,*,#9804,.F.);
#9840 = ORIENTED_EDGE('',*,*,#567,.F.);
#9841 = PLANE('',#9842);
#9842 = AXIS2_PLACEMENT_3D('',#9843,#9844,#9845);
#9843 = CARTESIAN_POINT('',(3.05,-6.3,-3.85));
#9844 = DIRECTION('',(-1.,0.,0.));
#9845 = DIRECTION('',(0.,0.,-1.));
#9846 = ADVANCED_FACE('',(#9847),#9858,.T.);
#9847 = FACE_BOUND('',#9848,.F.);
#9848 = EDGE_LOOP('',(#9849,#9850,#9856,#9857));
#9849 = ORIENTED_EDGE('',*,*,#9787,.T.);
#9850 = ORIENTED_EDGE('',*,*,#9851,.T.);
#9851 = EDGE_CURVE('',#9780,#9827,#9852,.T.);
#9852 = LINE('',#9853,#9854);
#9853 = CARTESIAN_POINT('',(3.95,-9.8,-3.85));
#9854 = VECTOR('',#9855,1.);
#9855 = DIRECTION('',(-1.,0.,0.));
#9856 = ORIENTED_EDGE('',*,*,#9826,.F.);
#9857 = ORIENTED_EDGE('',*,*,#559,.F.);
#9858 = PLANE('',#9859);
#9859 = AXIS2_PLACEMENT_3D('',#9860,#9861,#9862);
#9860 = CARTESIAN_POINT('',(3.95,-6.3,-3.85));
#9861 = DIRECTION('',(0.,0.,1.));
#9862 = DIRECTION('',(-1.,0.,0.));
#9863 = ADVANCED_FACE('',(#9864),#9870,.T.);
#9864 = FACE_BOUND('',#9865,.F.);
#9865 = EDGE_LOOP('',(#9866,#9867,#9868,#9869));
#9866 = ORIENTED_EDGE('',*,*,#9779,.F.);
#9867 = ORIENTED_EDGE('',*,*,#9812,.F.);
#9868 = ORIENTED_EDGE('',*,*,#9834,.F.);
#9869 = ORIENTED_EDGE('',*,*,#9851,.F.);
#9870 = PLANE('',#9871);
#9871 = AXIS2_PLACEMENT_3D('',#9872,#9873,#9874);
#9872 = CARTESIAN_POINT('',(5.25,-9.8,0.));
#9873 = DIRECTION('',(0.,-1.,0.));
#9874 = DIRECTION('',(-1.,0.,0.));
#9875 = ADVANCED_FACE('',(#9876),#9901,.T.);
#9876 = FACE_BOUND('',#9877,.F.);
#9877 = EDGE_LOOP('',(#9878,#9886,#9894,#9900));
#9878 = ORIENTED_EDGE('',*,*,#9879,.T.);
#9879 = EDGE_CURVE('',#584,#9880,#9882,.T.);
#9880 = VERTEX_POINT('',#9881);
#9881 = CARTESIAN_POINT('',(0.45,-9.8,-4.35));
#9882 = LINE('',#9883,#9884);
#9883 = CARTESIAN_POINT('',(0.45,-6.3,-4.35));
#9884 = VECTOR('',#9885,1.);
#9885 = DIRECTION('',(0.,-1.,0.));
#9886 = ORIENTED_EDGE('',*,*,#9887,.T.);
#9887 = EDGE_CURVE('',#9880,#9888,#9890,.T.);
#9888 = VERTEX_POINT('',#9889);
#9889 = CARTESIAN_POINT('',(0.45,-9.8,-3.85));
#9890 = LINE('',#9891,#9892);
#9891 = CARTESIAN_POINT('',(0.45,-9.8,-4.35));
#9892 = VECTOR('',#9893,1.);
#9893 = DIRECTION('',(0.,0.,1.));
#9894 = ORIENTED_EDGE('',*,*,#9895,.F.);
#9895 = EDGE_CURVE('',#586,#9888,#9896,.T.);
#9896 = LINE('',#9897,#9898);
#9897 = CARTESIAN_POINT('',(0.45,-6.3,-3.85));
#9898 = VECTOR('',#9899,1.);
#9899 = DIRECTION('',(0.,-1.,0.));
#9900 = ORIENTED_EDGE('',*,*,#583,.F.);
#9901 = PLANE('',#9902);
#9902 = AXIS2_PLACEMENT_3D('',#9903,#9904,#9905);
#9903 = CARTESIAN_POINT('',(0.45,-6.3,-4.35));
#9904 = DIRECTION('',(1.,0.,0.));
#9905 = DIRECTION('',(0.,0.,1.));
#9906 = ADVANCED_FACE('',(#9907),#9925,.T.);
#9907 = FACE_BOUND('',#9908,.F.);
#9908 = EDGE_LOOP('',(#9909,#9910,#9911,#9919));
#9909 = ORIENTED_EDGE('',*,*,#9879,.F.);
#9910 = ORIENTED_EDGE('',*,*,#609,.F.);
#9911 = ORIENTED_EDGE('',*,*,#9912,.T.);
#9912 = EDGE_CURVE('',#602,#9913,#9915,.T.);
#9913 = VERTEX_POINT('',#9914);
#9914 = CARTESIAN_POINT('',(-0.45,-9.8,-4.35));
#9915 = LINE('',#9916,#9917);
#9916 = CARTESIAN_POINT('',(-0.45,-6.3,-4.35));
#9917 = VECTOR('',#9918,1.);
#9918 = DIRECTION('',(0.,-1.,0.));
#9919 = ORIENTED_EDGE('',*,*,#9920,.T.);
#9920 = EDGE_CURVE('',#9913,#9880,#9921,.T.);
#9921 = LINE('',#9922,#9923);
#9922 = CARTESIAN_POINT('',(-0.45,-9.8,-4.35));
#9923 = VECTOR('',#9924,1.);
#9924 = DIRECTION('',(1.,0.,0.));
#9925 = PLANE('',#9926);
#9926 = AXIS2_PLACEMENT_3D('',#9927,#9928,#9929);
#9927 = CARTESIAN_POINT('',(-0.45,-6.3,-4.35));
#9928 = DIRECTION('',(0.,0.,-1.));
#9929 = DIRECTION('',(1.,0.,0.));
#9930 = ADVANCED_FACE('',(#9931),#9949,.T.);
#9931 = FACE_BOUND('',#9932,.F.);
#9932 = EDGE_LOOP('',(#9933,#9941,#9947,#9948));
#9933 = ORIENTED_EDGE('',*,*,#9934,.T.);
#9934 = EDGE_CURVE('',#594,#9935,#9937,.T.);
#9935 = VERTEX_POINT('',#9936);
#9936 = CARTESIAN_POINT('',(-0.45,-9.8,-3.85));
#9937 = LINE('',#9938,#9939);
#9938 = CARTESIAN_POINT('',(-0.45,-6.3,-3.85));
#9939 = VECTOR('',#9940,1.);
#9940 = DIRECTION('',(0.,-1.,0.));
#9941 = ORIENTED_EDGE('',*,*,#9942,.T.);
#9942 = EDGE_CURVE('',#9935,#9913,#9943,.T.);
#9943 = LINE('',#9944,#9945);
#9944 = CARTESIAN_POINT('',(-0.45,-9.8,-3.85));
#9945 = VECTOR('',#9946,1.);
#9946 = DIRECTION('',(0.,0.,-1.));
#9947 = ORIENTED_EDGE('',*,*,#9912,.F.);
#9948 = ORIENTED_EDGE('',*,*,#601,.F.);
#9949 = PLANE('',#9950);
#9950 = AXIS2_PLACEMENT_3D('',#9951,#9952,#9953);
#9951 = CARTESIAN_POINT('',(-0.45,-6.3,-3.85));
#9952 = DIRECTION('',(-1.,0.,0.));
#9953 = DIRECTION('',(0.,0.,-1.));
#9954 = ADVANCED_FACE('',(#9955),#9966,.T.);
#9955 = FACE_BOUND('',#9956,.F.);
#9956 = EDGE_LOOP('',(#9957,#9958,#9964,#9965));
#9957 = ORIENTED_EDGE('',*,*,#9895,.T.);
#9958 = ORIENTED_EDGE('',*,*,#9959,.T.);
#9959 = EDGE_CURVE('',#9888,#9935,#9960,.T.);
#9960 = LINE('',#9961,#9962);
#9961 = CARTESIAN_POINT('',(0.45,-9.8,-3.85));
#9962 = VECTOR('',#9963,1.);
#9963 = DIRECTION('',(-1.,0.,0.));
#9964 = ORIENTED_EDGE('',*,*,#9934,.F.);
#9965 = ORIENTED_EDGE('',*,*,#593,.F.);
#9966 = PLANE('',#9967);
#9967 = AXIS2_PLACEMENT_3D('',#9968,#9969,#9970);
#9968 = CARTESIAN_POINT('',(0.45,-6.3,-3.85));
#9969 = DIRECTION('',(0.,0.,1.));
#9970 = DIRECTION('',(-1.,0.,0.));
#9971 = ADVANCED_FACE('',(#9972),#9978,.T.);
#9972 = FACE_BOUND('',#9973,.F.);
#9973 = EDGE_LOOP('',(#9974,#9975,#9976,#9977));
#9974 = ORIENTED_EDGE('',*,*,#9887,.F.);
#9975 = ORIENTED_EDGE('',*,*,#9920,.F.);
#9976 = ORIENTED_EDGE('',*,*,#9942,.F.);
#9977 = ORIENTED_EDGE('',*,*,#9959,.F.);
#9978 = PLANE('',#9979);
#9979 = AXIS2_PLACEMENT_3D('',#9980,#9981,#9982);
#9980 = CARTESIAN_POINT('',(1.75,-9.8,0.));
#9981 = DIRECTION('',(0.,-1.,0.));
#9982 = DIRECTION('',(-1.,0.,0.));
#9983 = ADVANCED_FACE('',(#9984),#10009,.T.);
#9984 = FACE_BOUND('',#9985,.F.);
#9985 = EDGE_LOOP('',(#9986,#9994,#10002,#10008));
#9986 = ORIENTED_EDGE('',*,*,#9987,.T.);
#9987 = EDGE_CURVE('',#618,#9988,#9990,.T.);
#9988 = VERTEX_POINT('',#9989);
#9989 = CARTESIAN_POINT('',(-3.05,-9.8,-4.35));
#9990 = LINE('',#9991,#9992);
#9991 = CARTESIAN_POINT('',(-3.05,-6.3,-4.35));
#9992 = VECTOR('',#9993,1.);
#9993 = DIRECTION('',(0.,-1.,0.));
#9994 = ORIENTED_EDGE('',*,*,#9995,.T.);
#9995 = EDGE_CURVE('',#9988,#9996,#9998,.T.);
#9996 = VERTEX_POINT('',#9997);
#9997 = CARTESIAN_POINT('',(-3.05,-9.8,-3.85));
#9998 = LINE('',#9999,#10000);
#9999 = CARTESIAN_POINT('',(-3.05,-9.8,-4.35));
#10000 = VECTOR('',#10001,1.);
#10001 = DIRECTION('',(0.,0.,1.));
#10002 = ORIENTED_EDGE('',*,*,#10003,.F.);
#10003 = EDGE_CURVE('',#620,#9996,#10004,.T.);
#10004 = LINE('',#10005,#10006);
#10005 = CARTESIAN_POINT('',(-3.05,-6.3,-3.85));
#10006 = VECTOR('',#10007,1.);
#10007 = DIRECTION('',(0.,-1.,0.));
#10008 = ORIENTED_EDGE('',*,*,#617,.F.);
#10009 = PLANE('',#10010);
#10010 = AXIS2_PLACEMENT_3D('',#10011,#10012,#10013);
#10011 = CARTESIAN_POINT('',(-3.05,-6.3,-4.35));
#10012 = DIRECTION('',(1.,0.,0.));
#10013 = DIRECTION('',(0.,0.,1.));
#10014 = ADVANCED_FACE('',(#10015),#10033,.T.);
#10015 = FACE_BOUND('',#10016,.F.);
#10016 = EDGE_LOOP('',(#10017,#10018,#10019,#10027));
#10017 = ORIENTED_EDGE('',*,*,#9987,.F.);
#10018 = ORIENTED_EDGE('',*,*,#643,.F.);
#10019 = ORIENTED_EDGE('',*,*,#10020,.T.);
#10020 = EDGE_CURVE('',#636,#10021,#10023,.T.);
#10021 = VERTEX_POINT('',#10022);
#10022 = CARTESIAN_POINT('',(-3.95,-9.8,-4.35));
#10023 = LINE('',#10024,#10025);
#10024 = CARTESIAN_POINT('',(-3.95,-6.3,-4.35));
#10025 = VECTOR('',#10026,1.);
#10026 = DIRECTION('',(0.,-1.,0.));
#10027 = ORIENTED_EDGE('',*,*,#10028,.T.);
#10028 = EDGE_CURVE('',#10021,#9988,#10029,.T.);
#10029 = LINE('',#10030,#10031);
#10030 = CARTESIAN_POINT('',(-3.95,-9.8,-4.35));
#10031 = VECTOR('',#10032,1.);
#10032 = DIRECTION('',(1.,0.,0.));
#10033 = PLANE('',#10034);
#10034 = AXIS2_PLACEMENT_3D('',#10035,#10036,#10037);
#10035 = CARTESIAN_POINT('',(-3.95,-6.3,-4.35));
#10036 = DIRECTION('',(0.,0.,-1.));
#10037 = DIRECTION('',(1.,0.,0.));
#10038 = ADVANCED_FACE('',(#10039),#10057,.T.);
#10039 = FACE_BOUND('',#10040,.F.);
#10040 = EDGE_LOOP('',(#10041,#10049,#10055,#10056));
#10041 = ORIENTED_EDGE('',*,*,#10042,.T.);
#10042 = EDGE_CURVE('',#628,#10043,#10045,.T.);
#10043 = VERTEX_POINT('',#10044);
#10044 = CARTESIAN_POINT('',(-3.95,-9.8,-3.85));
#10045 = LINE('',#10046,#10047);
#10046 = CARTESIAN_POINT('',(-3.95,-6.3,-3.85));
#10047 = VECTOR('',#10048,1.);
#10048 = DIRECTION('',(0.,-1.,0.));
#10049 = ORIENTED_EDGE('',*,*,#10050,.T.);
#10050 = EDGE_CURVE('',#10043,#10021,#10051,.T.);
#10051 = LINE('',#10052,#10053);
#10052 = CARTESIAN_POINT('',(-3.95,-9.8,-3.85));
#10053 = VECTOR('',#10054,1.);
#10054 = DIRECTION('',(0.,0.,-1.));
#10055 = ORIENTED_EDGE('',*,*,#10020,.F.);
#10056 = ORIENTED_EDGE('',*,*,#635,.F.);
#10057 = PLANE('',#10058);
#10058 = AXIS2_PLACEMENT_3D('',#10059,#10060,#10061);
#10059 = CARTESIAN_POINT('',(-3.95,-6.3,-3.85));
#10060 = DIRECTION('',(-1.,0.,0.));
#10061 = DIRECTION('',(0.,0.,-1.));
#10062 = ADVANCED_FACE('',(#10063),#10074,.T.);
#10063 = FACE_BOUND('',#10064,.F.);
#10064 = EDGE_LOOP('',(#10065,#10066,#10072,#10073));
#10065 = ORIENTED_EDGE('',*,*,#10003,.T.);
#10066 = ORIENTED_EDGE('',*,*,#10067,.T.);
#10067 = EDGE_CURVE('',#9996,#10043,#10068,.T.);
#10068 = LINE('',#10069,#10070);
#10069 = CARTESIAN_POINT('',(-3.05,-9.8,-3.85));
#10070 = VECTOR('',#10071,1.);
#10071 = DIRECTION('',(-1.,0.,0.));
#10072 = ORIENTED_EDGE('',*,*,#10042,.F.);
#10073 = ORIENTED_EDGE('',*,*,#627,.F.);
#10074 = PLANE('',#10075);
#10075 = AXIS2_PLACEMENT_3D('',#10076,#10077,#10078);
#10076 = CARTESIAN_POINT('',(-3.05,-6.3,-3.85));
#10077 = DIRECTION('',(0.,0.,1.));
#10078 = DIRECTION('',(-1.,0.,0.));
#10079 = ADVANCED_FACE('',(#10080),#10086,.T.);
#10080 = FACE_BOUND('',#10081,.F.);
#10081 = EDGE_LOOP('',(#10082,#10083,#10084,#10085));
#10082 = ORIENTED_EDGE('',*,*,#9995,.F.);
#10083 = ORIENTED_EDGE('',*,*,#10028,.F.);
#10084 = ORIENTED_EDGE('',*,*,#10050,.F.);
#10085 = ORIENTED_EDGE('',*,*,#10067,.F.);
#10086 = PLANE('',#10087);
#10087 = AXIS2_PLACEMENT_3D('',#10088,#10089,#10090);
#10088 = CARTESIAN_POINT('',(-1.75,-9.8,0.));
#10089 = DIRECTION('',(0.,-1.,0.));
#10090 = DIRECTION('',(-1.,0.,0.));
#10091 = ADVANCED_FACE('',(#10092),#10117,.T.);
#10092 = FACE_BOUND('',#10093,.F.);
#10093 = EDGE_LOOP('',(#10094,#10102,#10110,#10116));
#10094 = ORIENTED_EDGE('',*,*,#10095,.T.);
#10095 = EDGE_CURVE('',#652,#10096,#10098,.T.);
#10096 = VERTEX_POINT('',#10097);
#10097 = CARTESIAN_POINT('',(-6.55,-9.8,-4.35));
#10098 = LINE('',#10099,#10100);
#10099 = CARTESIAN_POINT('',(-6.55,-6.3,-4.35));
#10100 = VECTOR('',#10101,1.);
#10101 = DIRECTION('',(0.,-1.,0.));
#10102 = ORIENTED_EDGE('',*,*,#10103,.T.);
#10103 = EDGE_CURVE('',#10096,#10104,#10106,.T.);
#10104 = VERTEX_POINT('',#10105);
#10105 = CARTESIAN_POINT('',(-6.55,-9.8,-3.85));
#10106 = LINE('',#10107,#10108);
#10107 = CARTESIAN_POINT('',(-6.55,-9.8,-4.35));
#10108 = VECTOR('',#10109,1.);
#10109 = DIRECTION('',(0.,0.,1.));
#10110 = ORIENTED_EDGE('',*,*,#10111,.F.);
#10111 = EDGE_CURVE('',#654,#10104,#10112,.T.);
#10112 = LINE('',#10113,#10114);
#10113 = CARTESIAN_POINT('',(-6.55,-6.3,-3.85));
#10114 = VECTOR('',#10115,1.);
#10115 = DIRECTION('',(0.,-1.,0.));
#10116 = ORIENTED_EDGE('',*,*,#651,.F.);
#10117 = PLANE('',#10118);
#10118 = AXIS2_PLACEMENT_3D('',#10119,#10120,#10121);
#10119 = CARTESIAN_POINT('',(-6.55,-6.3,-4.35));
#10120 = DIRECTION('',(1.,0.,0.));
#10121 = DIRECTION('',(0.,0.,1.));
#10122 = ADVANCED_FACE('',(#10123),#10141,.T.);
#10123 = FACE_BOUND('',#10124,.F.);
#10124 = EDGE_LOOP('',(#10125,#10126,#10127,#10135));
#10125 = ORIENTED_EDGE('',*,*,#10095,.F.);
#10126 = ORIENTED_EDGE('',*,*,#677,.F.);
#10127 = ORIENTED_EDGE('',*,*,#10128,.T.);
#10128 = EDGE_CURVE('',#670,#10129,#10131,.T.);
#10129 = VERTEX_POINT('',#10130);
#10130 = CARTESIAN_POINT('',(-7.45,-9.8,-4.35));
#10131 = LINE('',#10132,#10133);
#10132 = CARTESIAN_POINT('',(-7.45,-6.3,-4.35));
#10133 = VECTOR('',#10134,1.);
#10134 = DIRECTION('',(0.,-1.,0.));
#10135 = ORIENTED_EDGE('',*,*,#10136,.T.);
#10136 = EDGE_CURVE('',#10129,#10096,#10137,.T.);
#10137 = LINE('',#10138,#10139);
#10138 = CARTESIAN_POINT('',(-7.45,-9.8,-4.35));
#10139 = VECTOR('',#10140,1.);
#10140 = DIRECTION('',(1.,0.,0.));
#10141 = PLANE('',#10142);
#10142 = AXIS2_PLACEMENT_3D('',#10143,#10144,#10145);
#10143 = CARTESIAN_POINT('',(-7.45,-6.3,-4.35));
#10144 = DIRECTION('',(0.,0.,-1.));
#10145 = DIRECTION('',(1.,0.,0.));
#10146 = ADVANCED_FACE('',(#10147),#10165,.T.);
#10147 = FACE_BOUND('',#10148,.F.);
#10148 = EDGE_LOOP('',(#10149,#10157,#10163,#10164));
#10149 = ORIENTED_EDGE('',*,*,#10150,.T.);
#10150 = EDGE_CURVE('',#662,#10151,#10153,.T.);
#10151 = VERTEX_POINT('',#10152);
#10152 = CARTESIAN_POINT('',(-7.45,-9.8,-3.85));
#10153 = LINE('',#10154,#10155);
#10154 = CARTESIAN_POINT('',(-7.45,-6.3,-3.85));
#10155 = VECTOR('',#10156,1.);
#10156 = DIRECTION('',(0.,-1.,0.));
#10157 = ORIENTED_EDGE('',*,*,#10158,.T.);
#10158 = EDGE_CURVE('',#10151,#10129,#10159,.T.);
#10159 = LINE('',#10160,#10161);
#10160 = CARTESIAN_POINT('',(-7.45,-9.8,-3.85));
#10161 = VECTOR('',#10162,1.);
#10162 = DIRECTION('',(0.,0.,-1.));
#10163 = ORIENTED_EDGE('',*,*,#10128,.F.);
#10164 = ORIENTED_EDGE('',*,*,#669,.F.);
#10165 = PLANE('',#10166);
#10166 = AXIS2_PLACEMENT_3D('',#10167,#10168,#10169);
#10167 = CARTESIAN_POINT('',(-7.45,-6.3,-3.85));
#10168 = DIRECTION('',(-1.,0.,0.));
#10169 = DIRECTION('',(0.,0.,-1.));
#10170 = ADVANCED_FACE('',(#10171),#10182,.T.);
#10171 = FACE_BOUND('',#10172,.F.);
#10172 = EDGE_LOOP('',(#10173,#10174,#10180,#10181));
#10173 = ORIENTED_EDGE('',*,*,#10111,.T.);
#10174 = ORIENTED_EDGE('',*,*,#10175,.T.);
#10175 = EDGE_CURVE('',#10104,#10151,#10176,.T.);
#10176 = LINE('',#10177,#10178);
#10177 = CARTESIAN_POINT('',(-6.55,-9.8,-3.85));
#10178 = VECTOR('',#10179,1.);
#10179 = DIRECTION('',(-1.,0.,0.));
#10180 = ORIENTED_EDGE('',*,*,#10150,.F.);
#10181 = ORIENTED_EDGE('',*,*,#661,.F.);
#10182 = PLANE('',#10183);
#10183 = AXIS2_PLACEMENT_3D('',#10184,#10185,#10186);
#10184 = CARTESIAN_POINT('',(-6.55,-6.3,-3.85));
#10185 = DIRECTION('',(0.,0.,1.));
#10186 = DIRECTION('',(-1.,0.,0.));
#10187 = ADVANCED_FACE('',(#10188),#10194,.T.);
#10188 = FACE_BOUND('',#10189,.F.);
#10189 = EDGE_LOOP('',(#10190,#10191,#10192,#10193));
#10190 = ORIENTED_EDGE('',*,*,#10103,.F.);
#10191 = ORIENTED_EDGE('',*,*,#10136,.F.);
#10192 = ORIENTED_EDGE('',*,*,#10158,.F.);
#10193 = ORIENTED_EDGE('',*,*,#10175,.F.);
#10194 = PLANE('',#10195);
#10195 = AXIS2_PLACEMENT_3D('',#10196,#10197,#10198);
#10196 = CARTESIAN_POINT('',(-5.25,-9.8,0.));
#10197 = DIRECTION('',(0.,-1.,0.));
#10198 = DIRECTION('',(-1.,0.,0.));
#10199 = ADVANCED_FACE('',(#10200),#10345,.F.);
#10200 = FACE_BOUND('',#10201,.F.);
#10201 = EDGE_LOOP('',(#10202,#10217,#10230,#10239,#10257,#10265,#10287,
    #10288,#10312,#10320,#10338));
#10202 = ORIENTED_EDGE('',*,*,#10203,.T.);
#10203 = EDGE_CURVE('',#10204,#10206,#10208,.T.);
#10204 = VERTEX_POINT('',#10205);
#10205 = CARTESIAN_POINT('',(5.617796167368,-0.137984408277,
    -0.997799929531));
#10206 = VERTEX_POINT('',#10207);
#10207 = CARTESIAN_POINT('',(5.5025,-2.25,-0.531646383449));
#10208 = B_SPLINE_CURVE_WITH_KNOTS('',3,(#10209,#10210,#10211,#10212,
    #10213,#10214,#10215,#10216),.UNSPECIFIED.,.F.,.F.,(4,1,1,1,1,4),(0.
    ,0.2,0.4,0.6,0.8,1.),.QUASI_UNIFORM_KNOTS.);
#10209 = CARTESIAN_POINT('',(5.617796167368,-0.137984408277,
    -0.997799929531));
#10210 = CARTESIAN_POINT('',(5.602766901079,-0.275228559464,
    -0.969276174646));
#10211 = CARTESIAN_POINT('',(5.575482552522,-0.551442547474,
    -0.91080800497));
#10212 = CARTESIAN_POINT('',(5.54314757764,-0.971218063455,
    -0.819367369765));
#10213 = CARTESIAN_POINT('',(5.519764083492,-1.395443380951,
    -0.725003508239));
#10214 = CARTESIAN_POINT('',(5.505636217178,-1.822667763477,
    -0.628662970162));
#10215 = CARTESIAN_POINT('',(5.5025,-2.107456229273,-0.564007790132));
#10216 = CARTESIAN_POINT('',(5.5025,-2.25,-0.531646383449));
#10217 = ORIENTED_EDGE('',*,*,#10218,.T.);
#10218 = EDGE_CURVE('',#10206,#10219,#10221,.T.);
#10219 = VERTEX_POINT('',#10220);
#10220 = CARTESIAN_POINT('',(5.617796167368,-4.362015591723,
    -0.997799929531));
#10221 = B_SPLINE_CURVE_WITH_KNOTS('',3,(#10222,#10223,#10224,#10225,
    #10226,#10227,#10228,#10229),.UNSPECIFIED.,.F.,.F.,(4,1,1,1,1,4),(0.
    ,0.2,0.4,0.6,0.8,1.),.QUASI_UNIFORM_KNOTS.);
#10222 = CARTESIAN_POINT('',(5.5025,-2.25,-0.531646383449));
#10223 = CARTESIAN_POINT('',(5.5025,-2.392544061913,-0.564007856239));
#10224 = CARTESIAN_POINT('',(5.505636229207,-2.677332928553,
    -0.628663127233));
#10225 = CARTESIAN_POINT('',(5.519764122982,-3.104557463651,
    -0.725003697306));
#10226 = CARTESIAN_POINT('',(5.543147598489,-3.528782197206,
    -0.81936742649));
#10227 = CARTESIAN_POINT('',(5.575482557398,-3.948557500601,
    -0.910808015062));
#10228 = CARTESIAN_POINT('',(5.602766900281,-4.224771433256,
    -0.969276173133));
#10229 = CARTESIAN_POINT('',(5.617796167368,-4.362015591723,
    -0.997799929531));
#10230 = ORIENTED_EDGE('',*,*,#10231,.T.);
#10231 = EDGE_CURVE('',#10219,#10232,#10234,.T.);
#10232 = VERTEX_POINT('',#10233);
#10233 = CARTESIAN_POINT('',(5.640894365589,-4.563232078721,
    -0.859596019615));
#10234 = B_SPLINE_CURVE_WITH_KNOTS('',3,(#10235,#10236,#10237,#10238),
  .UNSPECIFIED.,.F.,.F.,(4,4),(0.,1.),.PIECEWISE_BEZIER_KNOTS.);
#10235 = CARTESIAN_POINT('',(5.617796167368,-4.362015591723,
    -0.997799929531));
#10236 = CARTESIAN_POINT('',(5.625144075576,-4.429115169686,
    -0.951713129356));
#10237 = CARTESIAN_POINT('',(5.632843341145,-4.496187342458,
    -0.905645152214));
#10238 = CARTESIAN_POINT('',(5.640894365589,-4.563232078721,
    -0.859596019615));
#10239 = ORIENTED_EDGE('',*,*,#10240,.T.);
#10240 = EDGE_CURVE('',#10232,#10241,#10243,.T.);
#10241 = VERTEX_POINT('',#10242);
#10242 = CARTESIAN_POINT('',(5.651512176349,-4.65,-0.694737));
#10243 = B_SPLINE_CURVE_WITH_KNOTS('',3,(#10244,#10245,#10246,#10247,
    #10248,#10249,#10250,#10251,#10252,#10253,#10254,#10255,#10256),
  .UNSPECIFIED.,.F.,.F.,(4,1,1,1,1,1,1,1,1,1,4),(0.,0.1,0.2,0.3,0.4,0.5,
    0.6,0.7,0.8,0.9,1.),.QUASI_UNIFORM_KNOTS.);
#10244 = CARTESIAN_POINT('',(5.640894365589,-4.563232078721,
    -0.859596019615));
#10245 = CARTESIAN_POINT('',(5.641536606438,-4.568580325849,
    -0.855922619511));
#10246 = CARTESIAN_POINT('',(5.642776810072,-4.57887068471,
    -0.848094430517));
#10247 = CARTESIAN_POINT('',(5.644514338175,-4.593194065202,
    -0.834816912859));
#10248 = CARTESIAN_POINT('',(5.646087905584,-4.606089066233,
    -0.820279158853));
#10249 = CARTESIAN_POINT('',(5.647482972924,-4.617461774412,
    -0.804653569473));
#10250 = CARTESIAN_POINT('',(5.648700330162,-4.627340550603,
    -0.787887002234));
#10251 = CARTESIAN_POINT('',(5.649713627039,-4.635531487057,
    -0.770253456781));
#10252 = CARTESIAN_POINT('',(5.65050787952,-4.641931885722,
    -0.752062473528));
#10253 = CARTESIAN_POINT('',(5.651085849407,-4.646578481354,
    -0.733246040404));
#10254 = CARTESIAN_POINT('',(5.651435177262,-4.649382436892,
    -0.714008643994));
#10255 = CARTESIAN_POINT('',(5.651512176349,-4.65,-0.701177196728));
#10256 = CARTESIAN_POINT('',(5.651512176349,-4.65,-0.694737));
#10257 = ORIENTED_EDGE('',*,*,#10258,.T.);
#10258 = EDGE_CURVE('',#10241,#10259,#10261,.T.);
#10259 = VERTEX_POINT('',#10260);
#10260 = CARTESIAN_POINT('',(5.651512176349,-4.65,-0.2));
#10261 = LINE('',#10262,#10263);
#10262 = CARTESIAN_POINT('',(5.651512176349,-4.65,-0.694737));
#10263 = VECTOR('',#10264,1.);
#10264 = DIRECTION('',(0.,0.,1.));
#10265 = ORIENTED_EDGE('',*,*,#10266,.T.);
#10266 = EDGE_CURVE('',#10259,#314,#10267,.T.);
#10267 = B_SPLINE_CURVE_WITH_KNOTS('',3,(#10268,#10269,#10270,#10271,
    #10272,#10273,#10274,#10275,#10276,#10277,#10278,#10279,#10280,
    #10281,#10282,#10283,#10284,#10285,#10286),.UNSPECIFIED.,.F.,.F.,(4,
    1,1,1,1,1,1,1,1,1,1,1,1,1,1,1,4),(0.,6.25E-02,0.125,0.1875,0.25,
    0.3125,0.375,0.4375,0.5,0.5625,0.625,0.6875,0.75,0.8125,0.875,0.9375
    ,1.),.QUASI_UNIFORM_KNOTS.);
#10268 = CARTESIAN_POINT('',(5.651512176349,-4.65,-0.2));
#10269 = CARTESIAN_POINT('',(5.651512176349,-4.65,-0.193496150117));
#10270 = CARTESIAN_POINT('',(5.651590676244,-4.650629853634,
    -0.180529734693));
#10271 = CARTESIAN_POINT('',(5.651948263197,-4.653496688551,
    -0.161067121041));
#10272 = CARTESIAN_POINT('',(5.6525434521,-4.658260680266,
    -0.142002035996));
#10273 = CARTESIAN_POINT('',(5.65336493386,-4.664820186422,
    -0.123613315095));
#10274 = CARTESIAN_POINT('',(5.654409149081,-4.673132200867,
    -0.105947721807));
#10275 = CARTESIAN_POINT('',(5.655681187814,-4.683218654805,
    -8.903294889282E-02));
#10276 = CARTESIAN_POINT('',(5.657164809888,-4.694929070451,
    -7.318677263835E-02));
#10277 = CARTESIAN_POINT('',(5.658836720578,-4.708057420204,
    -5.865113621726E-02));
#10278 = CARTESIAN_POINT('',(5.660689866764,-4.722526163371,
    -4.547126415988E-02));
#10279 = CARTESIAN_POINT('',(5.66273081449,-4.738362015856,
    -3.366440438348E-02));
#10280 = CARTESIAN_POINT('',(5.664929397172,-4.755306346518,
    -2.347043165024E-02));
#10281 = CARTESIAN_POINT('',(5.667250514988,-4.77306893596,
    -1.504138135511E-02));
#10282 = CARTESIAN_POINT('',(5.669681236626,-4.791534944799,
    -8.398839181418E-03));
#10283 = CARTESIAN_POINT('',(5.672226168672,-4.810723191881,
    -3.559999034816E-03));
#10284 = CARTESIAN_POINT('',(5.674848345061,-4.830340757805,
    -6.427925298907E-04));
#10285 = CARTESIAN_POINT('',(5.676611530178,-4.843429838894,0.));
#10286 = CARTESIAN_POINT('',(5.6775,-4.85,0.));
#10287 = ORIENTED_EDGE('',*,*,#311,.F.);
#10288 = ORIENTED_EDGE('',*,*,#10289,.T.);
#10289 = EDGE_CURVE('',#312,#10290,#10292,.T.);
#10290 = VERTEX_POINT('',#10291);
#10291 = CARTESIAN_POINT('',(5.651512176349,0.15,-0.2));
#10292 = B_SPLINE_CURVE_WITH_KNOTS('',3,(#10293,#10294,#10295,#10296,
    #10297,#10298,#10299,#10300,#10301,#10302,#10303,#10304,#10305,
    #10306,#10307,#10308,#10309,#10310,#10311),.UNSPECIFIED.,.F.,.F.,(4,
    1,1,1,1,1,1,1,1,1,1,1,1,1,1,1,4),(0.,6.25E-02,0.125,0.1875,0.25,
    0.3125,0.375,0.4375,0.5,0.5625,0.625,0.6875,0.75,0.8125,0.875,0.9375
    ,1.),.QUASI_UNIFORM_KNOTS.);
#10293 = CARTESIAN_POINT('',(5.6775,0.35,0.));
#10294 = CARTESIAN_POINT('',(5.676611575807,0.343430176314,0.));
#10295 = CARTESIAN_POINT('',(5.674848332003,0.330340668316,
    -6.426982258751E-04));
#10296 = CARTESIAN_POINT('',(5.672225574103,0.310718737516,
    -3.56074997116E-03));
#10297 = CARTESIAN_POINT('',(5.669679740003,0.291523652443,
    -8.401767195049E-03));
#10298 = CARTESIAN_POINT('',(5.667247519077,0.27304608354,
    -1.505102535649E-02));
#10299 = CARTESIAN_POINT('',(5.664928658309,0.255300640124,
    -2.3474028768E-02));
#10300 = CARTESIAN_POINT('',(5.662730305609,0.238358085451,
    -3.36669902811E-02));
#10301 = CARTESIAN_POINT('',(5.660689157064,0.222520652268,
    -4.54754037639E-02));
#10302 = CARTESIAN_POINT('',(5.65883513283,0.208044986268,
    -5.866366765866E-02));
#10303 = CARTESIAN_POINT('',(5.657164491073,0.194926544395,
    -7.319052823333E-02));
#10304 = CARTESIAN_POINT('',(5.655681213377,0.183218858051,
    -8.903271310945E-02));
#10305 = CARTESIAN_POINT('',(5.65440904297,0.173131361658,
    -0.105948745325));
#10306 = CARTESIAN_POINT('',(5.653364427424,0.164816148874,
    -0.123622975511));
#10307 = CARTESIAN_POINT('',(5.652543445707,0.158260625648,
    -0.142003691844));
#10308 = CARTESIAN_POINT('',(5.651948447291,0.153498163674,
    -0.161060034442));
#10309 = CARTESIAN_POINT('',(5.651590707973,0.150630108365,
    -0.180525633324));
#10310 = CARTESIAN_POINT('',(5.651512176349,0.15,-0.193494317697));
#10311 = CARTESIAN_POINT('',(5.651512176349,0.15,-0.2));
#10312 = ORIENTED_EDGE('',*,*,#10313,.F.);
#10313 = EDGE_CURVE('',#10314,#10290,#10316,.T.);
#10314 = VERTEX_POINT('',#10315);
#10315 = CARTESIAN_POINT('',(5.651512176349,0.15,-0.694737));
#10316 = LINE('',#10317,#10318);
#10317 = CARTESIAN_POINT('',(5.651512176349,0.15,-0.694737));
#10318 = VECTOR('',#10319,1.);
#10319 = DIRECTION('',(0.,0.,1.));
#10320 = ORIENTED_EDGE('',*,*,#10321,.T.);
#10321 = EDGE_CURVE('',#10314,#10322,#10324,.T.);
#10322 = VERTEX_POINT('',#10323);
#10323 = CARTESIAN_POINT('',(5.640894365589,6.323207872101E-02,
    -0.859596019615));
#10324 = B_SPLINE_CURVE_WITH_KNOTS('',3,(#10325,#10326,#10327,#10328,
    #10329,#10330,#10331,#10332,#10333,#10334,#10335,#10336,#10337),
  .UNSPECIFIED.,.F.,.F.,(4,1,1,1,1,1,1,1,1,1,4),(0.,0.1,0.2,0.3,0.4,0.5,
    0.6,0.7,0.8,0.9,1.),.QUASI_UNIFORM_KNOTS.);
#10325 = CARTESIAN_POINT('',(5.651512176349,0.15,-0.694737));
#10326 = CARTESIAN_POINT('',(5.651512176349,0.15,-0.70117872106));
#10327 = CARTESIAN_POINT('',(5.651435149615,0.149382215438,
    -0.714011842042));
#10328 = CARTESIAN_POINT('',(5.651085740657,0.146577607141,
    -0.733249597607));
#10329 = CARTESIAN_POINT('',(5.650508018682,0.141933004907,
    -0.752058317537));
#10330 = CARTESIAN_POINT('',(5.649713696911,0.135532052811,
    -0.770252563231));
#10331 = CARTESIAN_POINT('',(5.648700205758,0.127339543694,
    -0.787888898882));
#10332 = CARTESIAN_POINT('',(5.647483061614,0.117462489751,
    -0.804652105132));
#10333 = CARTESIAN_POINT('',(5.646088333614,0.106092567623,
    -0.820274957703));
#10334 = CARTESIAN_POINT('',(5.644514184207,9.319280672294E-02,
    -0.834818446438));
#10335 = CARTESIAN_POINT('',(5.642776618625,7.886909935907E-02,
    -0.848095684013));
#10336 = CARTESIAN_POINT('',(5.641536502638,6.857946145463E-02,
    -0.855923213213));
#10337 = CARTESIAN_POINT('',(5.640894365589,6.323207872101E-02,
    -0.859596019615));
#10338 = ORIENTED_EDGE('',*,*,#10339,.T.);
#10339 = EDGE_CURVE('',#10322,#10204,#10340,.T.);
#10340 = B_SPLINE_CURVE_WITH_KNOTS('',3,(#10341,#10342,#10343,#10344),
  .UNSPECIFIED.,.F.,.F.,(4,4),(0.,1.),.PIECEWISE_BEZIER_KNOTS.);
#10341 = CARTESIAN_POINT('',(5.640894365589,6.323207872101E-02,
    -0.859596019615));
#10342 = CARTESIAN_POINT('',(5.632843341145,-3.812657542079E-03,
    -0.905645152214));
#10343 = CARTESIAN_POINT('',(5.625144075576,-7.088483031405E-02,
    -0.951713129356));
#10344 = CARTESIAN_POINT('',(5.617796167368,-0.137984408277,
    -0.997799929531));
#10345 = CYLINDRICAL_SURFACE('',#10346,19.40178571429);
#10346 = AXIS2_PLACEMENT_3D('',#10347,#10348,#10349);
#10347 = CARTESIAN_POINT('',(24.90428571429,-2.25,0.));
#10348 = DIRECTION('',(0.,0.,1.));
#10349 = DIRECTION('',(1.,0.,-0.));
#10350 = ADVANCED_FACE('',(#10351),#10403,.F.);
#10351 = FACE_BOUND('',#10352,.F.);
#10352 = EDGE_LOOP('',(#10353,#10354,#10365,#10375,#10383,#10393,#10402)
  );
#10353 = ORIENTED_EDGE('',*,*,#10203,.F.);
#10354 = ORIENTED_EDGE('',*,*,#10355,.T.);
#10355 = EDGE_CURVE('',#10204,#10356,#10358,.T.);
#10356 = VERTEX_POINT('',#10357);
#10357 = CARTESIAN_POINT('',(5.910865166082,-0.633080196803,
    -1.337852450962));
#10358 = B_SPLINE_CURVE_WITH_KNOTS('',3,(#10359,#10360,#10361,#10362,
    #10363,#10364),.UNSPECIFIED.,.F.,.F.,(4,1,1,4),(0.,0.5,0.75,1.),
  .UNSPECIFIED.);
#10359 = CARTESIAN_POINT('',(5.617796167368,-0.137984408277,
    -0.997799929531));
#10360 = CARTESIAN_POINT('',(5.650175443636,-0.227454789197,
    -1.059251934033));
#10361 = CARTESIAN_POINT('',(5.709173502777,-0.357255492074,
    -1.148404492628));
#10362 = CARTESIAN_POINT('',(5.813682988676,-0.519406992786,
    -1.259776933979));
#10363 = CARTESIAN_POINT('',(5.8762710191,-0.59611836105,-1.31246551426)
  );
#10364 = CARTESIAN_POINT('',(5.910865166082,-0.633080196803,
    -1.337852450962));
#10365 = ORIENTED_EDGE('',*,*,#10366,.F.);
#10366 = EDGE_CURVE('',#10367,#10356,#10369,.T.);
#10367 = VERTEX_POINT('',#10368);
#10368 = CARTESIAN_POINT('',(5.91917068,-0.64166466,-1.343882127816));
#10369 = B_SPLINE_CURVE_WITH_KNOTS('',3,(#10370,#10371,#10372,#10373,
    #10374),.UNSPECIFIED.,.F.,.F.,(4,1,4),(0.,0.5,1.),
  .QUASI_UNIFORM_KNOTS.);
#10370 = CARTESIAN_POINT('',(5.91917068,-0.64166466,-1.343882127816));
#10371 = CARTESIAN_POINT('',(5.917753580029,-0.640247560029,
    -1.342864398705));
#10372 = CARTESIAN_POINT('',(5.914952475462,-0.637399491102,
    -1.340841467294));
#10373 = CARTESIAN_POINT('',(5.91221682101,-0.634524361547,
    -1.338844363787));
#10374 = CARTESIAN_POINT('',(5.910865166082,-0.633080196803,
    -1.337852450962));
#10375 = ORIENTED_EDGE('',*,*,#10376,.F.);
#10376 = EDGE_CURVE('',#10377,#10367,#10379,.T.);
#10377 = VERTEX_POINT('',#10378);
#10378 = CARTESIAN_POINT('',(5.91917068,-3.85833534,-1.343882127816));
#10379 = LINE('',#10380,#10381);
#10380 = CARTESIAN_POINT('',(5.91917068,-3.85833534,-1.343882127816));
#10381 = VECTOR('',#10382,1.);
#10382 = DIRECTION('',(0.,1.,0.));
#10383 = ORIENTED_EDGE('',*,*,#10384,.F.);
#10384 = EDGE_CURVE('',#10385,#10377,#10387,.T.);
#10385 = VERTEX_POINT('',#10386);
#10386 = CARTESIAN_POINT('',(5.910865166082,-3.866919803197,
    -1.337852450962));
#10387 = B_SPLINE_CURVE_WITH_KNOTS('',3,(#10388,#10389,#10390,#10391,
    #10392),.UNSPECIFIED.,.F.,.F.,(4,1,4),(0.,0.5,1.),
  .QUASI_UNIFORM_KNOTS.);
#10388 = CARTESIAN_POINT('',(5.910865166082,-3.866919803197,
    -1.337852450962));
#10389 = CARTESIAN_POINT('',(5.912216811691,-3.865475648409,
    -1.338844356949));
#10390 = CARTESIAN_POINT('',(5.914952456522,-3.862600528476,
    -1.340841453541));
#10391 = CARTESIAN_POINT('',(5.917753570412,-3.859752449588,
    -1.342864391798));
#10392 = CARTESIAN_POINT('',(5.91917068,-3.85833534,-1.343882127816));
#10393 = ORIENTED_EDGE('',*,*,#10394,.F.);
#10394 = EDGE_CURVE('',#10219,#10385,#10395,.T.);
#10395 = B_SPLINE_CURVE_WITH_KNOTS('',3,(#10396,#10397,#10398,#10399,
    #10400,#10401),.UNSPECIFIED.,.F.,.F.,(4,1,1,4),(0.,0.5,0.75,1.),
  .UNSPECIFIED.);
#10396 = CARTESIAN_POINT('',(5.617796167368,-4.362015591723,
    -0.997799929531));
#10397 = CARTESIAN_POINT('',(5.650175443636,-4.272545210803,
    -1.059251934033));
#10398 = CARTESIAN_POINT('',(5.709173502777,-4.142744507926,
    -1.148404492628));
#10399 = CARTESIAN_POINT('',(5.813682988676,-3.980593007214,
    -1.259776933979));
#10400 = CARTESIAN_POINT('',(5.8762710191,-3.90388163895,-1.31246551426)
  );
#10401 = CARTESIAN_POINT('',(5.910865166082,-3.866919803197,
    -1.337852450962));
#10402 = ORIENTED_EDGE('',*,*,#10218,.F.);
#10403 = CYLINDRICAL_SURFACE('',#10404,1.);
#10404 = AXIS2_PLACEMENT_3D('',#10405,#10406,#10407);
#10405 = CARTESIAN_POINT('',(6.5025,-6.3,-0.531646383449));
#10406 = DIRECTION('',(0.,-1.,0.));
#10407 = DIRECTION('',(1.,0.,0.));
#10408 = ADVANCED_FACE('',(#10409),#10447,.T.);
#10409 = FACE_BOUND('',#10410,.F.);
#10410 = EDGE_LOOP('',(#10411,#10419,#10420,#10421,#10429,#10438));
#10411 = ORIENTED_EDGE('',*,*,#10412,.F.);
#10412 = EDGE_CURVE('',#10356,#10413,#10415,.T.);
#10413 = VERTEX_POINT('',#10414);
#10414 = CARTESIAN_POINT('',(8.089134833918,-0.633080196803,
    -1.337852450962));
#10415 = LINE('',#10416,#10417);
#10416 = CARTESIAN_POINT('',(5.910865166082,-0.633080196803,
    -1.337852450962));
#10417 = VECTOR('',#10418,1.);
#10418 = DIRECTION('',(1.,0.,0.));
#10419 = ORIENTED_EDGE('',*,*,#10355,.F.);
#10420 = ORIENTED_EDGE('',*,*,#10339,.F.);
#10421 = ORIENTED_EDGE('',*,*,#10422,.T.);
#10422 = EDGE_CURVE('',#10322,#10423,#10425,.T.);
#10423 = VERTEX_POINT('',#10424);
#10424 = CARTESIAN_POINT('',(8.359105634411,6.323207872101E-02,
    -0.859596019615));
#10425 = LINE('',#10426,#10427);
#10426 = CARTESIAN_POINT('',(5.640894365589,6.323207872101E-02,
    -0.859596019615));
#10427 = VECTOR('',#10428,1.);
#10428 = DIRECTION('',(1.,0.,0.));
#10429 = ORIENTED_EDGE('',*,*,#10430,.F.);
#10430 = EDGE_CURVE('',#10431,#10423,#10433,.T.);
#10431 = VERTEX_POINT('',#10432);
#10432 = CARTESIAN_POINT('',(8.382203832632,-0.137984408277,
    -0.997799929531));
#10433 = B_SPLINE_CURVE_WITH_KNOTS('',3,(#10434,#10435,#10436,#10437),
  .UNSPECIFIED.,.F.,.F.,(4,4),(0.,1.),.PIECEWISE_BEZIER_KNOTS.);
#10434 = CARTESIAN_POINT('',(8.382203832632,-0.137984408277,
    -0.997799929531));
#10435 = CARTESIAN_POINT('',(8.374855924424,-7.088483031405E-02,
    -0.951713129356));
#10436 = CARTESIAN_POINT('',(8.367156658855,-3.812657542078E-03,
    -0.905645152214));
#10437 = CARTESIAN_POINT('',(8.359105634411,6.323207872101E-02,
    -0.859596019615));
#10438 = ORIENTED_EDGE('',*,*,#10439,.F.);
#10439 = EDGE_CURVE('',#10413,#10431,#10440,.T.);
#10440 = B_SPLINE_CURVE_WITH_KNOTS('',3,(#10441,#10442,#10443,#10444,
    #10445,#10446),.UNSPECIFIED.,.F.,.F.,(4,1,1,4),(0.,0.25,0.5,1.),
  .UNSPECIFIED.);
#10441 = CARTESIAN_POINT('',(8.089134833918,-0.633080196803,
    -1.337852450962));
#10442 = CARTESIAN_POINT('',(8.1237289809,-0.59611836105,-1.31246551426)
  );
#10443 = CARTESIAN_POINT('',(8.186317011324,-0.519406992786,
    -1.259776933979));
#10444 = CARTESIAN_POINT('',(8.290826497223,-0.357255492074,
    -1.148404492628));
#10445 = CARTESIAN_POINT('',(8.349824556364,-0.227454789197,
    -1.059251934033));
#10446 = CARTESIAN_POINT('',(8.382203832632,-0.137984408277,
    -0.997799929531));
#10447 = PLANE('',#10448);
#10448 = AXIS2_PLACEMENT_3D('',#10449,#10450,#10451);
#10449 = CARTESIAN_POINT('',(5.4,6.323207872101E-02,-0.859596019615));
#10450 = DIRECTION('',(0.,-0.566160393605,0.824295098076));
#10451 = DIRECTION('',(0.,-0.824295098076,-0.566160393605));
#10452 = ADVANCED_FACE('',(#10453),#10517,.T.);
#10453 = FACE_BOUND('',#10454,.T.);
#10454 = EDGE_LOOP('',(#10455,#10479,#10487,#10488,#10489,#10511));
#10455 = ORIENTED_EDGE('',*,*,#10456,.F.);
#10456 = EDGE_CURVE('',#10457,#10459,#10461,.T.);
#10457 = VERTEX_POINT('',#10458);
#10458 = CARTESIAN_POINT('',(8.08082932,-0.64166466,-1.343882127816));
#10459 = VERTEX_POINT('',#10460);
#10460 = CARTESIAN_POINT('',(7.87249398,-0.85,-1.75));
#10461 = B_SPLINE_CURVE_WITH_KNOTS('',3,(#10462,#10463,#10464,#10465,
    #10466,#10467,#10468,#10469,#10470,#10471,#10472,#10473,#10474,
    #10475,#10476,#10477,#10478),.UNSPECIFIED.,.F.,.F.,(4,1,1,1,1,1,1,1,
    1,1,1,1,1,1,4),(0.,7.142857142857E-02,0.142857142857,0.214285714286,
    0.285714285714,0.357142857143,0.428571428571,0.5,0.571428571429,
    0.642857142857,0.714285714286,0.785714285714,0.857142857143,
    0.928571428571,1.),.UNSPECIFIED.);
#10462 = CARTESIAN_POINT('',(8.08082932,-0.64166466,-1.343882127816));
#10463 = CARTESIAN_POINT('',(8.070010273105,-0.652483706895,
    -1.351652122319));
#10464 = CARTESIAN_POINT('',(8.049211731492,-0.673282248508,
    -1.367897208234));
#10465 = CARTESIAN_POINT('',(8.02050340889,-0.70199057111,
    -1.394195957239));
#10466 = CARTESIAN_POINT('',(7.994567469561,-0.727926510439,
    -1.421918505857));
#10467 = CARTESIAN_POINT('',(7.971513418262,-0.750980561738,
    -1.450584011019));
#10468 = CARTESIAN_POINT('',(7.951293221571,-0.771200758429,
    -1.479818662995));
#10469 = CARTESIAN_POINT('',(7.933707468214,-0.788786511786,
    -1.509479196507));
#10470 = CARTESIAN_POINT('',(7.918620978724,-0.803873001276,
    -1.539370317961));
#10471 = CARTESIAN_POINT('',(7.90582895067,-0.81666502933,
    -1.569526089577));
#10472 = CARTESIAN_POINT('',(7.895318371416,-0.827175608584,
    -1.599554466382));
#10473 = CARTESIAN_POINT('',(7.886854477907,-0.835639502093,
    -1.629682423595));
#10474 = CARTESIAN_POINT('',(7.88037309473,-0.84212088527,
    -1.659840948514));
#10475 = CARTESIAN_POINT('',(7.875813755574,-0.846680224427,
    -1.689880704179));
#10476 = CARTESIAN_POINT('',(7.873091533075,-0.849402446925,
    -1.719996099648));
#10477 = CARTESIAN_POINT('',(7.87249398,-0.85,-1.740018306045));
#10478 = CARTESIAN_POINT('',(7.87249398,-0.85,-1.75));
#10479 = ORIENTED_EDGE('',*,*,#10480,.F.);
#10480 = EDGE_CURVE('',#10413,#10457,#10481,.T.);
#10481 = B_SPLINE_CURVE_WITH_KNOTS('',3,(#10482,#10483,#10484,#10485,
    #10486),.UNSPECIFIED.,.F.,.F.,(4,1,4),(0.,0.5,1.),
  .QUASI_UNIFORM_KNOTS.);
#10482 = CARTESIAN_POINT('',(8.089134833918,-0.633080196803,
    -1.337852450962));
#10483 = CARTESIAN_POINT('',(8.087783127773,-0.63452441627,
    -1.338844401374));
#10484 = CARTESIAN_POINT('',(8.085047420433,-0.637399598712,
    -1.34084154289));
#10485 = CARTESIAN_POINT('',(8.082246367106,-0.640247612894,
    -1.342864436671));
#10486 = CARTESIAN_POINT('',(8.08082932,-0.64166466,-1.343882127816));
#10487 = ORIENTED_EDGE('',*,*,#10412,.F.);
#10488 = ORIENTED_EDGE('',*,*,#10366,.F.);
#10489 = ORIENTED_EDGE('',*,*,#10490,.F.);
#10490 = EDGE_CURVE('',#10491,#10367,#10493,.T.);
#10491 = VERTEX_POINT('',#10492);
#10492 = CARTESIAN_POINT('',(6.12750602,-0.85,-1.75));
#10493 = B_SPLINE_CURVE_WITH_KNOTS('',3,(#10494,#10495,#10496,#10497,
    #10498,#10499,#10500,#10501,#10502,#10503,#10504,#10505,#10506,
    #10507,#10508,#10509,#10510),.UNSPECIFIED.,.F.,.F.,(4,1,1,1,1,1,1,1,
    1,1,1,1,1,1,4),(0.,7.142857142857E-02,0.142857142857,0.214285714286,
    0.285714285714,0.357142857143,0.428571428571,0.5,0.571428571429,
    0.642857142857,0.714285714286,0.785714285714,0.857142857143,
    0.928571428571,1.),.UNSPECIFIED.);
#10494 = CARTESIAN_POINT('',(6.12750602,-0.85,-1.75));
#10495 = CARTESIAN_POINT('',(6.12750602,-0.85,-1.740018101701));
#10496 = CARTESIAN_POINT('',(6.126908458523,-0.849402438523,
    -1.719995225952));
#10497 = CARTESIAN_POINT('',(6.124185839948,-0.846679819948,
    -1.689876854598));
#10498 = CARTESIAN_POINT('',(6.11962594065,-0.84211992065,-1.65983582467
    ));
#10499 = CARTESIAN_POINT('',(6.113144538876,-0.835638518876,
    -1.629678158725));
#10500 = CARTESIAN_POINT('',(6.104678544638,-0.827172524638,
    -1.599544455452));
#10501 = CARTESIAN_POINT('',(6.094167572514,-0.816661552514,
    -1.56951715997));
#10502 = CARTESIAN_POINT('',(6.081374691022,-0.803868671022,
    -1.539360967814));
#10503 = CARTESIAN_POINT('',(6.066288181568,-0.788782161568,
    -1.509471372441));
#10504 = CARTESIAN_POINT('',(6.048703700649,-0.771197680649,
    -1.479814086731));
#10505 = CARTESIAN_POINT('',(6.028485733018,-0.750979713018,
    -1.450582864346));
#10506 = CARTESIAN_POINT('',(6.005428551252,-0.727922531252,
    -1.421913683751));
#10507 = CARTESIAN_POINT('',(5.979487908296,-0.701981888296,
    -1.394187101339));
#10508 = CARTESIAN_POINT('',(5.950775309976,-0.673269289976,
    -1.367886373013));
#10509 = CARTESIAN_POINT('',(5.92998407164,-0.65247805164,
    -1.351648060843));
#10510 = CARTESIAN_POINT('',(5.91917068,-0.64166466,-1.343882127816));
#10511 = ORIENTED_EDGE('',*,*,#10512,.T.);
#10512 = EDGE_CURVE('',#10491,#10459,#10513,.T.);
#10513 = LINE('',#10514,#10515);
#10514 = CARTESIAN_POINT('',(6.12750602,-0.85,-1.75));
#10515 = VECTOR('',#10516,1.);
#10516 = DIRECTION('',(1.,0.,0.));
#10517 = CYLINDRICAL_SURFACE('',#10518,0.5);
#10518 = AXIS2_PLACEMENT_3D('',#10519,#10520,#10521);
#10519 = CARTESIAN_POINT('',(5.4,-0.35,-1.75));
#10520 = DIRECTION('',(1.,0.,0.));
#10521 = DIRECTION('',(0.,0.,-1.));
#10522 = ADVANCED_FACE('',(#10523),#10548,.T.);
#10523 = FACE_BOUND('',#10524,.F.);
#10524 = EDGE_LOOP('',(#10525,#10526,#10534,#10542));
#10525 = ORIENTED_EDGE('',*,*,#10512,.T.);
#10526 = ORIENTED_EDGE('',*,*,#10527,.T.);
#10527 = EDGE_CURVE('',#10459,#10528,#10530,.T.);
#10528 = VERTEX_POINT('',#10529);
#10529 = CARTESIAN_POINT('',(7.87249398,-3.65,-1.75));
#10530 = LINE('',#10531,#10532);
#10531 = CARTESIAN_POINT('',(7.87249398,-0.85,-1.75));
#10532 = VECTOR('',#10533,1.);
#10533 = DIRECTION('',(0.,-1.,0.));
#10534 = ORIENTED_EDGE('',*,*,#10535,.F.);
#10535 = EDGE_CURVE('',#10536,#10528,#10538,.T.);
#10536 = VERTEX_POINT('',#10537);
#10537 = CARTESIAN_POINT('',(6.12750602,-3.65,-1.75));
#10538 = LINE('',#10539,#10540);
#10539 = CARTESIAN_POINT('',(6.12750602,-3.65,-1.75));
#10540 = VECTOR('',#10541,1.);
#10541 = DIRECTION('',(1.,0.,0.));
#10542 = ORIENTED_EDGE('',*,*,#10543,.F.);
#10543 = EDGE_CURVE('',#10491,#10536,#10544,.T.);
#10544 = LINE('',#10545,#10546);
#10545 = CARTESIAN_POINT('',(6.12750602,-0.85,-1.75));
#10546 = VECTOR('',#10547,1.);
#10547 = DIRECTION('',(0.,-1.,0.));
#10548 = PLANE('',#10549);
#10549 = AXIS2_PLACEMENT_3D('',#10550,#10551,#10552);
#10550 = CARTESIAN_POINT('',(8.75,0.,-1.75));
#10551 = DIRECTION('',(0.,0.,1.));
#10552 = DIRECTION('',(1.,0.,-0.));
#10553 = ADVANCED_FACE('',(#10554),#10586,.T.);
#10554 = FACE_BOUND('',#10555,.T.);
#10555 = EDGE_LOOP('',(#10556,#10578,#10584,#10585));
#10556 = ORIENTED_EDGE('',*,*,#10557,.T.);
#10557 = EDGE_CURVE('',#10528,#10558,#10560,.T.);
#10558 = VERTEX_POINT('',#10559);
#10559 = CARTESIAN_POINT('',(8.08082932,-3.85833534,-1.343882127816));
#10560 = B_SPLINE_CURVE_WITH_KNOTS('',3,(#10561,#10562,#10563,#10564,
    #10565,#10566,#10567,#10568,#10569,#10570,#10571,#10572,#10573,
    #10574,#10575,#10576,#10577),.UNSPECIFIED.,.F.,.F.,(4,1,1,1,1,1,1,1,
    1,1,1,1,1,1,4),(0.,7.142857142857E-02,0.142857142857,0.214285714286,
    0.285714285714,0.357142857143,0.428571428571,0.5,0.571428571429,
    0.642857142857,0.714285714286,0.785714285714,0.857142857143,
    0.928571428571,1.),.UNSPECIFIED.);
#10561 = CARTESIAN_POINT('',(7.87249398,-3.65,-1.75));
#10562 = CARTESIAN_POINT('',(7.87249398,-3.65,-1.740017737032));
#10563 = CARTESIAN_POINT('',(7.873091609028,-3.650597629028,
    -1.719994576859));
#10564 = CARTESIAN_POINT('',(7.875813977887,-3.653319997887,
    -1.689878771274));
#10565 = CARTESIAN_POINT('',(7.880373576771,-3.657879596771,
    -1.659838251456));
#10566 = CARTESIAN_POINT('',(7.886855201048,-3.664361221048,
    -1.629679473368));
#10567 = CARTESIAN_POINT('',(7.895319439815,-3.672825459815,
    -1.599551042662));
#10568 = CARTESIAN_POINT('',(7.905830404363,-3.683336424363,
    -1.569522288144));
#10569 = CARTESIAN_POINT('',(7.918622989414,-3.696129009414,
    -1.539365971603));
#10570 = CARTESIAN_POINT('',(7.933709677368,-3.711215697368,
    -1.509475175957));
#10571 = CARTESIAN_POINT('',(7.951295660186,-3.728801680186,
    -1.479814873214));
#10572 = CARTESIAN_POINT('',(7.971516040323,-3.749022060323,
    -1.450580470232));
#10573 = CARTESIAN_POINT('',(7.994571281139,-3.772077301139,
    -1.421914062052));
#10574 = CARTESIAN_POINT('',(8.020508019984,-3.798014039984,
    -1.394191399319));
#10575 = CARTESIAN_POINT('',(8.049215750226,-3.826721770226,
    -1.367893907756));
#10576 = CARTESIAN_POINT('',(8.070011920766,-3.847517940766,
    -1.351650939005));
#10577 = CARTESIAN_POINT('',(8.08082932,-3.85833534,-1.343882127816));
#10578 = ORIENTED_EDGE('',*,*,#10579,.T.);
#10579 = EDGE_CURVE('',#10558,#10457,#10580,.T.);
#10580 = LINE('',#10581,#10582);
#10581 = CARTESIAN_POINT('',(8.08082932,-3.85833534,-1.343882127816));
#10582 = VECTOR('',#10583,1.);
#10583 = DIRECTION('',(1.380586494636E-14,1.,1.035439870977E-14));
#10584 = ORIENTED_EDGE('',*,*,#10456,.T.);
#10585 = ORIENTED_EDGE('',*,*,#10527,.T.);
#10586 = CYLINDRICAL_SURFACE('',#10587,0.5);
#10587 = AXIS2_PLACEMENT_3D('',#10588,#10589,#10590);
#10588 = CARTESIAN_POINT('',(8.37249398,-6.3,-1.75));
#10589 = DIRECTION('',(0.,-1.,0.));
#10590 = DIRECTION('',(1.,0.,0.));
#10591 = ADVANCED_FACE('',(#10592),#10642,.F.);
#10592 = FACE_BOUND('',#10593,.F.);
#10593 = EDGE_LOOP('',(#10594,#10609,#10620,#10628,#10629,#10630,#10631)
  );
#10594 = ORIENTED_EDGE('',*,*,#10595,.F.);
#10595 = EDGE_CURVE('',#10596,#10598,#10600,.T.);
#10596 = VERTEX_POINT('',#10597);
#10597 = CARTESIAN_POINT('',(8.382203832632,-4.362015591723,
    -0.997799929531));
#10598 = VERTEX_POINT('',#10599);
#10599 = CARTESIAN_POINT('',(8.4975,-2.25,-0.531646383449));
#10600 = B_SPLINE_CURVE_WITH_KNOTS('',3,(#10601,#10602,#10603,#10604,
    #10605,#10606,#10607,#10608),.UNSPECIFIED.,.F.,.F.,(4,1,1,1,1,4),(0.
    ,0.2,0.4,0.6,0.8,1.),.QUASI_UNIFORM_KNOTS.);
#10601 = CARTESIAN_POINT('',(8.382203832632,-4.362015591723,
    -0.997799929531));
#10602 = CARTESIAN_POINT('',(8.397233172191,-4.224770771456,
    -0.96927603559));
#10603 = CARTESIAN_POINT('',(8.424517566834,-3.948555998307,
    -0.910807689822));
#10604 = CARTESIAN_POINT('',(8.456852332136,-3.5287830499,
    -0.819367611787));
#10605 = CARTESIAN_POINT('',(8.480235881781,-3.104557804688,
    -0.725003776581));
#10606 = CARTESIAN_POINT('',(8.494363831798,-2.677330469237,
    -0.628662570526));
#10607 = CARTESIAN_POINT('',(8.4975,-2.392542967701,-0.564007607823));
#10608 = CARTESIAN_POINT('',(8.4975,-2.25,-0.531646383449));
#10609 = ORIENTED_EDGE('',*,*,#10610,.F.);
#10610 = EDGE_CURVE('',#10611,#10596,#10613,.T.);
#10611 = VERTEX_POINT('',#10612);
#10612 = CARTESIAN_POINT('',(8.089134833918,-3.866919803197,
    -1.337852450962));
#10613 = B_SPLINE_CURVE_WITH_KNOTS('',3,(#10614,#10615,#10616,#10617,
    #10618,#10619),.UNSPECIFIED.,.F.,.F.,(4,1,1,4),(0.,0.25,0.5,1.),
  .UNSPECIFIED.);
#10614 = CARTESIAN_POINT('',(8.089134833918,-3.866919803197,
    -1.337852450962));
#10615 = CARTESIAN_POINT('',(8.1237289809,-3.90388163895,-1.31246551426)
  );
#10616 = CARTESIAN_POINT('',(8.186317011324,-3.980593007214,
    -1.259776933979));
#10617 = CARTESIAN_POINT('',(8.290826497223,-4.142744507926,
    -1.148404492628));
#10618 = CARTESIAN_POINT('',(8.349824556364,-4.272545210803,
    -1.059251934033));
#10619 = CARTESIAN_POINT('',(8.382203832632,-4.362015591723,
    -0.997799929531));
#10620 = ORIENTED_EDGE('',*,*,#10621,.F.);
#10621 = EDGE_CURVE('',#10558,#10611,#10622,.T.);
#10622 = B_SPLINE_CURVE_WITH_KNOTS('',3,(#10623,#10624,#10625,#10626,
    #10627),.UNSPECIFIED.,.F.,.F.,(4,1,4),(0.,0.5,1.),
  .QUASI_UNIFORM_KNOTS.);
#10623 = CARTESIAN_POINT('',(8.08082932,-3.85833534,-1.343882127816));
#10624 = CARTESIAN_POINT('',(8.08224637687,-3.85975239687,
    -1.342864429659));
#10625 = CARTESIAN_POINT('',(8.08504743966,-3.862600421162,
    -1.340841528928));
#10626 = CARTESIAN_POINT('',(8.087783137232,-3.865475593837,
    -1.338844394432));
#10627 = CARTESIAN_POINT('',(8.089134833918,-3.866919803197,
    -1.337852450962));
#10628 = ORIENTED_EDGE('',*,*,#10579,.T.);
#10629 = ORIENTED_EDGE('',*,*,#10480,.F.);
#10630 = ORIENTED_EDGE('',*,*,#10439,.T.);
#10631 = ORIENTED_EDGE('',*,*,#10632,.F.);
#10632 = EDGE_CURVE('',#10598,#10431,#10633,.T.);
#10633 = B_SPLINE_CURVE_WITH_KNOTS('',3,(#10634,#10635,#10636,#10637,
    #10638,#10639,#10640,#10641),.UNSPECIFIED.,.F.,.F.,(4,1,1,1,1,4),(0.
    ,0.2,0.4,0.6,0.8,1.),.QUASI_UNIFORM_KNOTS.);
#10634 = CARTESIAN_POINT('',(8.4975,-2.25,-0.531646383449));
#10635 = CARTESIAN_POINT('',(8.4975,-2.107456740131,-0.564007674153));
#10636 = CARTESIAN_POINT('',(8.494363819727,-1.822668836794,
    -0.628662728037));
#10637 = CARTESIAN_POINT('',(8.480235842255,-1.39544135062,
    -0.725003965663));
#10638 = CARTESIAN_POINT('',(8.456852311562,-0.971216693701,
    -0.819367667571));
#10639 = CARTESIAN_POINT('',(8.42451756212,-0.551443955193,
    -0.910807699581));
#10640 = CARTESIAN_POINT('',(8.397233173063,-0.275229236509,
    -0.969276033934));
#10641 = CARTESIAN_POINT('',(8.382203832632,-0.137984408277,
    -0.997799929531));
#10642 = CYLINDRICAL_SURFACE('',#10643,1.);
#10643 = AXIS2_PLACEMENT_3D('',#10644,#10645,#10646);
#10644 = CARTESIAN_POINT('',(7.4975,-6.3,-0.531646383449));
#10645 = DIRECTION('',(0.,-1.,0.));
#10646 = DIRECTION('',(1.,0.,0.));
#10647 = ADVANCED_FACE('',(#10648),#10759,.F.);
#10648 = FACE_BOUND('',#10649,.F.);
#10649 = EDGE_LOOP('',(#10650,#10651,#10669,#10677,#10699,#10700,#10724,
    #10732,#10750,#10757,#10758));
#10650 = ORIENTED_EDGE('',*,*,#10430,.T.);
#10651 = ORIENTED_EDGE('',*,*,#10652,.T.);
#10652 = EDGE_CURVE('',#10423,#10653,#10655,.T.);
#10653 = VERTEX_POINT('',#10654);
#10654 = CARTESIAN_POINT('',(8.348487823651,0.15,-0.694737));
#10655 = B_SPLINE_CURVE_WITH_KNOTS('',3,(#10656,#10657,#10658,#10659,
    #10660,#10661,#10662,#10663,#10664,#10665,#10666,#10667,#10668),
  .UNSPECIFIED.,.F.,.F.,(4,1,1,1,1,1,1,1,1,1,4),(0.,0.1,0.2,0.3,0.4,0.5,
    0.6,0.7,0.8,0.9,1.),.QUASI_UNIFORM_KNOTS.);
#10656 = CARTESIAN_POINT('',(8.359105634411,6.323207872101E-02,
    -0.859596019615));
#10657 = CARTESIAN_POINT('',(8.358463497362,6.857946145464E-02,
    -0.855923213213));
#10658 = CARTESIAN_POINT('',(8.357223381375,7.886909935907E-02,
    -0.848095684013));
#10659 = CARTESIAN_POINT('',(8.355485815793,9.319280672295E-02,
    -0.834818446438));
#10660 = CARTESIAN_POINT('',(8.353911666386,0.106092567623,
    -0.820274957703));
#10661 = CARTESIAN_POINT('',(8.352516938386,0.117462489751,
    -0.804652105132));
#10662 = CARTESIAN_POINT('',(8.351299794242,0.127339543694,
    -0.787888898881));
#10663 = CARTESIAN_POINT('',(8.350286303089,0.135532052811,
    -0.770252563231));
#10664 = CARTESIAN_POINT('',(8.349491981318,0.141933004907,
    -0.752058317537));
#10665 = CARTESIAN_POINT('',(8.348914259343,0.146577607141,
    -0.733249597607));
#10666 = CARTESIAN_POINT('',(8.348564850385,0.149382215438,
    -0.714011842042));
#10667 = CARTESIAN_POINT('',(8.348487823651,0.15,-0.70117872106));
#10668 = CARTESIAN_POINT('',(8.348487823651,0.15,-0.694737));
#10669 = ORIENTED_EDGE('',*,*,#10670,.T.);
#10670 = EDGE_CURVE('',#10653,#10671,#10673,.T.);
#10671 = VERTEX_POINT('',#10672);
#10672 = CARTESIAN_POINT('',(8.348487823651,0.15,-0.2));
#10673 = LINE('',#10674,#10675);
#10674 = CARTESIAN_POINT('',(8.348487823651,0.15,-0.694737));
#10675 = VECTOR('',#10676,1.);
#10676 = DIRECTION('',(0.,0.,1.));
#10677 = ORIENTED_EDGE('',*,*,#10678,.T.);
#10678 = EDGE_CURVE('',#10671,#331,#10679,.T.);
#10679 = B_SPLINE_CURVE_WITH_KNOTS('',3,(#10680,#10681,#10682,#10683,
    #10684,#10685,#10686,#10687,#10688,#10689,#10690,#10691,#10692,
    #10693,#10694,#10695,#10696,#10697,#10698),.UNSPECIFIED.,.F.,.F.,(4,
    1,1,1,1,1,1,1,1,1,1,1,1,1,1,1,4),(0.,6.25E-02,0.125,0.1875,0.25,
    0.3125,0.375,0.4375,0.5,0.5625,0.625,0.6875,0.75,0.8125,0.875,0.9375
    ,1.),.QUASI_UNIFORM_KNOTS.);
#10680 = CARTESIAN_POINT('',(8.348487823651,0.15,-0.2));
#10681 = CARTESIAN_POINT('',(8.348487823651,0.15,-0.193494308382));
#10682 = CARTESIAN_POINT('',(8.348409291854,0.150630109759,
    -0.180525608087));
#10683 = CARTESIAN_POINT('',(8.348051551452,0.153498173734,
    -0.161059984053));
#10684 = CARTESIAN_POINT('',(8.347456552678,0.158260638581,
    -0.142003643219));
#10685 = CARTESIAN_POINT('',(8.346635566594,0.164816196578,
    -0.123622858256));
#10686 = CARTESIAN_POINT('',(8.345590951442,0.173131406082,
    -0.105948661274));
#10687 = CARTESIAN_POINT('',(8.344318776967,0.183218934411,
    -8.903259927558E-02));
#10688 = CARTESIAN_POINT('',(8.342835500708,0.194926609235,
    -7.31904443334E-02));
#10689 = CARTESIAN_POINT('',(8.341164844127,0.208045166714,
    -5.866348574893E-02));
#10690 = CARTESIAN_POINT('',(8.339310828848,0.222520761897,
    -4.547531514299E-02));
#10691 = CARTESIAN_POINT('',(8.337269672679,0.238358253315,
    -3.366687775195E-02));
#10692 = CARTESIAN_POINT('',(8.335071322711,0.255300786223,
    -2.347394520447E-02));
#10693 = CARTESIAN_POINT('',(8.33275243355,0.273046444778,
    -1.505087463662E-02));
#10694 = CARTESIAN_POINT('',(8.330320235929,0.291523834333,
    -8.401715943035E-03));
#10695 = CARTESIAN_POINT('',(8.327774397367,0.310718951701,
    -3.560708214695E-03));
#10696 = CARTESIAN_POINT('',(8.325151660684,0.330340722426,
    -6.426980322288E-04));
#10697 = CARTESIAN_POINT('',(8.323388421842,0.343430193701,0.));
#10698 = CARTESIAN_POINT('',(8.3225,0.35,0.));
#10699 = ORIENTED_EDGE('',*,*,#330,.F.);
#10700 = ORIENTED_EDGE('',*,*,#10701,.T.);
#10701 = EDGE_CURVE('',#323,#10702,#10704,.T.);
#10702 = VERTEX_POINT('',#10703);
#10703 = CARTESIAN_POINT('',(8.348487823651,-4.65,-0.2));
#10704 = B_SPLINE_CURVE_WITH_KNOTS('',3,(#10705,#10706,#10707,#10708,
    #10709,#10710,#10711,#10712,#10713,#10714,#10715,#10716,#10717,
    #10718,#10719,#10720,#10721,#10722,#10723),.UNSPECIFIED.,.F.,.F.,(4,
    1,1,1,1,1,1,1,1,1,1,1,1,1,1,1,4),(0.,6.25E-02,0.125,0.1875,0.25,
    0.3125,0.375,0.4375,0.5,0.5625,0.625,0.6875,0.75,0.8125,0.875,0.9375
    ,1.),.QUASI_UNIFORM_KNOTS.);
#10705 = CARTESIAN_POINT('',(8.3225,-4.85,0.));
#10706 = CARTESIAN_POINT('',(8.323388495216,-4.843429651102,0.));
#10707 = CARTESIAN_POINT('',(8.325151731746,-4.830340189266,
    -6.427979953235E-04));
#10708 = CARTESIAN_POINT('',(8.32777411497,-4.810721062432,
    -3.560414563449E-03));
#10709 = CARTESIAN_POINT('',(8.330318995931,-4.791533186937,
    -8.399339459362E-03));
#10710 = CARTESIAN_POINT('',(8.332749928069,-4.773065557643,
    -1.504278911871E-02));
#10711 = CARTESIAN_POINT('',(8.335070793379,-4.755304880174,
    -2.347126279258E-02));
#10712 = CARTESIAN_POINT('',(8.337269400815,-4.738360350996,
    -3.366552499213E-02));
#10713 = CARTESIAN_POINT('',(8.339310262228,-4.722525159443,
    -4.547207791105E-02));
#10714 = CARTESIAN_POINT('',(8.341163496074,-4.708055723762,
    -5.865284422765E-02));
#10715 = CARTESIAN_POINT('',(8.342835266334,-4.694928469044,
    -7.318755348589E-02));
#10716 = CARTESIAN_POINT('',(8.344318898958,-4.683217968569,
    -8.903397397903E-02));
#10717 = CARTESIAN_POINT('',(8.345590900355,-4.673131807861,
    -0.105948460735));
#10718 = CARTESIAN_POINT('',(8.346635123881,-4.664819726047,
    -0.123614445044));
#10719 = CARTESIAN_POINT('',(8.347456561739,-4.658260569401,
    -0.142002463065));
#10720 = CARTESIAN_POINT('',(8.348051748153,-4.653496597666,
    -0.161067572604));
#10721 = CARTESIAN_POINT('',(8.348409325187,-4.65062984212,
    -0.180529954153));
#10722 = CARTESIAN_POINT('',(8.348487823651,-4.65,-0.19349623098));
#10723 = CARTESIAN_POINT('',(8.348487823651,-4.65,-0.2));
#10724 = ORIENTED_EDGE('',*,*,#10725,.F.);
#10725 = EDGE_CURVE('',#10726,#10702,#10728,.T.);
#10726 = VERTEX_POINT('',#10727);
#10727 = CARTESIAN_POINT('',(8.348487823651,-4.65,-0.694737));
#10728 = LINE('',#10729,#10730);
#10729 = CARTESIAN_POINT('',(8.348487823651,-4.65,-0.694737));
#10730 = VECTOR('',#10731,1.);
#10731 = DIRECTION('',(0.,0.,1.));
#10732 = ORIENTED_EDGE('',*,*,#10733,.T.);
#10733 = EDGE_CURVE('',#10726,#10734,#10736,.T.);
#10734 = VERTEX_POINT('',#10735);
#10735 = CARTESIAN_POINT('',(8.359105634411,-4.563232078721,
    -0.859596019615));
#10736 = B_SPLINE_CURVE_WITH_KNOTS('',3,(#10737,#10738,#10739,#10740,
    #10741,#10742,#10743,#10744,#10745,#10746,#10747,#10748,#10749),
  .UNSPECIFIED.,.F.,.F.,(4,1,1,1,1,1,1,1,1,1,4),(0.,0.1,0.2,0.3,0.4,0.5,
    0.6,0.7,0.8,0.9,1.),.QUASI_UNIFORM_KNOTS.);
#10737 = CARTESIAN_POINT('',(8.348487823651,-4.65,-0.694737));
#10738 = CARTESIAN_POINT('',(8.348487823651,-4.65,-0.701177196728));
#10739 = CARTESIAN_POINT('',(8.348564822738,-4.649382436892,
    -0.714008643994));
#10740 = CARTESIAN_POINT('',(8.348914150593,-4.646578481354,
    -0.733246040404));
#10741 = CARTESIAN_POINT('',(8.34949212048,-4.641931885722,
    -0.752062473528));
#10742 = CARTESIAN_POINT('',(8.350286372961,-4.635531487057,
    -0.770253456781));
#10743 = CARTESIAN_POINT('',(8.351299669838,-4.627340550603,
    -0.787887002234));
#10744 = CARTESIAN_POINT('',(8.352517027076,-4.617461774412,
    -0.804653569473));
#10745 = CARTESIAN_POINT('',(8.353912094416,-4.606089066233,
    -0.820279158853));
#10746 = CARTESIAN_POINT('',(8.355485661825,-4.593194065202,
    -0.834816912859));
#10747 = CARTESIAN_POINT('',(8.357223189928,-4.57887068471,
    -0.848094430517));
#10748 = CARTESIAN_POINT('',(8.358463393562,-4.568580325849,
    -0.855922619511));
#10749 = CARTESIAN_POINT('',(8.359105634411,-4.563232078721,
    -0.859596019615));
#10750 = ORIENTED_EDGE('',*,*,#10751,.T.);
#10751 = EDGE_CURVE('',#10734,#10596,#10752,.T.);
#10752 = B_SPLINE_CURVE_WITH_KNOTS('',3,(#10753,#10754,#10755,#10756),
  .UNSPECIFIED.,.F.,.F.,(4,4),(0.,1.),.PIECEWISE_BEZIER_KNOTS.);
#10753 = CARTESIAN_POINT('',(8.359105634411,-4.563232078721,
    -0.859596019615));
#10754 = CARTESIAN_POINT('',(8.367156658855,-4.496187342458,
    -0.905645152214));
#10755 = CARTESIAN_POINT('',(8.374855924424,-4.429115169686,
    -0.951713129356));
#10756 = CARTESIAN_POINT('',(8.382203832632,-4.362015591723,
    -0.997799929531));
#10757 = ORIENTED_EDGE('',*,*,#10595,.T.);
#10758 = ORIENTED_EDGE('',*,*,#10632,.T.);
#10759 = CYLINDRICAL_SURFACE('',#10760,19.40178571429);
#10760 = AXIS2_PLACEMENT_3D('',#10761,#10762,#10763);
#10761 = CARTESIAN_POINT('',(-10.90428571429,-2.25,0.));
#10762 = DIRECTION('',(0.,0.,1.));
#10763 = DIRECTION('',(1.,0.,-0.));
#10764 = ADVANCED_FACE('',(#10765),#10776,.F.);
#10765 = FACE_BOUND('',#10766,.F.);
#10766 = EDGE_LOOP('',(#10767,#10768,#10774,#10775));
#10767 = ORIENTED_EDGE('',*,*,#10321,.F.);
#10768 = ORIENTED_EDGE('',*,*,#10769,.T.);
#10769 = EDGE_CURVE('',#10314,#10653,#10770,.T.);
#10770 = LINE('',#10771,#10772);
#10771 = CARTESIAN_POINT('',(5.651512176349,0.15,-0.694737));
#10772 = VECTOR('',#10773,1.);
#10773 = DIRECTION('',(1.,0.,0.));
#10774 = ORIENTED_EDGE('',*,*,#10652,.F.);
#10775 = ORIENTED_EDGE('',*,*,#10422,.F.);
#10776 = CYLINDRICAL_SURFACE('',#10777,0.2);
#10777 = AXIS2_PLACEMENT_3D('',#10778,#10779,#10780);
#10778 = CARTESIAN_POINT('',(5.4,-5.E-02,-0.694737));
#10779 = DIRECTION('',(1.,0.,0.));
#10780 = DIRECTION('',(0.,0.,-1.));
#10781 = ADVANCED_FACE('',(#10782),#10793,.T.);
#10782 = FACE_BOUND('',#10783,.F.);
#10783 = EDGE_LOOP('',(#10784,#10785,#10791,#10792));
#10784 = ORIENTED_EDGE('',*,*,#10313,.T.);
#10785 = ORIENTED_EDGE('',*,*,#10786,.T.);
#10786 = EDGE_CURVE('',#10290,#10671,#10787,.T.);
#10787 = LINE('',#10788,#10789);
#10788 = CARTESIAN_POINT('',(5.651512176349,0.15,-0.2));
#10789 = VECTOR('',#10790,1.);
#10790 = DIRECTION('',(1.,0.,-4.330608706365E-14));
#10791 = ORIENTED_EDGE('',*,*,#10670,.F.);
#10792 = ORIENTED_EDGE('',*,*,#10769,.F.);
#10793 = PLANE('',#10794);
#10794 = AXIS2_PLACEMENT_3D('',#10795,#10796,#10797);
#10795 = CARTESIAN_POINT('',(5.4,0.15,-0.2));
#10796 = DIRECTION('',(0.,-1.,0.));
#10797 = DIRECTION('',(0.,0.,-1.));
#10798 = ADVANCED_FACE('',(#10799),#10805,.T.);
#10799 = FACE_BOUND('',#10800,.T.);
#10800 = EDGE_LOOP('',(#10801,#10802,#10803,#10804));
#10801 = ORIENTED_EDGE('',*,*,#10289,.T.);
#10802 = ORIENTED_EDGE('',*,*,#10786,.T.);
#10803 = ORIENTED_EDGE('',*,*,#10678,.T.);
#10804 = ORIENTED_EDGE('',*,*,#339,.F.);
#10805 = CYLINDRICAL_SURFACE('',#10806,0.2);
#10806 = AXIS2_PLACEMENT_3D('',#10807,#10808,#10809);
#10807 = CARTESIAN_POINT('',(5.4,0.35,-0.2));
#10808 = DIRECTION('',(1.,0.,0.));
#10809 = DIRECTION('',(0.,0.,-1.));
#10810 = ADVANCED_FACE('',(#10811),#10822,.T.);
#10811 = FACE_BOUND('',#10812,.T.);
#10812 = EDGE_LOOP('',(#10813,#10814,#10820,#10821));
#10813 = ORIENTED_EDGE('',*,*,#10701,.T.);
#10814 = ORIENTED_EDGE('',*,*,#10815,.F.);
#10815 = EDGE_CURVE('',#10259,#10702,#10816,.T.);
#10816 = LINE('',#10817,#10818);
#10817 = CARTESIAN_POINT('',(5.651512176349,-4.65,-0.2));
#10818 = VECTOR('',#10819,1.);
#10819 = DIRECTION('',(1.,0.,0.));
#10820 = ORIENTED_EDGE('',*,*,#10266,.T.);
#10821 = ORIENTED_EDGE('',*,*,#322,.T.);
#10822 = CYLINDRICAL_SURFACE('',#10823,0.2);
#10823 = AXIS2_PLACEMENT_3D('',#10824,#10825,#10826);
#10824 = CARTESIAN_POINT('',(5.4,-4.85,-0.2));
#10825 = DIRECTION('',(1.,0.,0.));
#10826 = DIRECTION('',(0.,0.,-1.));
#10827 = ADVANCED_FACE('',(#10828),#10839,.T.);
#10828 = FACE_BOUND('',#10829,.F.);
#10829 = EDGE_LOOP('',(#10830,#10831,#10837,#10838));
#10830 = ORIENTED_EDGE('',*,*,#10258,.F.);
#10831 = ORIENTED_EDGE('',*,*,#10832,.T.);
#10832 = EDGE_CURVE('',#10241,#10726,#10833,.T.);
#10833 = LINE('',#10834,#10835);
#10834 = CARTESIAN_POINT('',(5.651512176349,-4.65,-0.694737));
#10835 = VECTOR('',#10836,1.);
#10836 = DIRECTION('',(1.,0.,0.));
#10837 = ORIENTED_EDGE('',*,*,#10725,.T.);
#10838 = ORIENTED_EDGE('',*,*,#10815,.F.);
#10839 = PLANE('',#10840);
#10840 = AXIS2_PLACEMENT_3D('',#10841,#10842,#10843);
#10841 = CARTESIAN_POINT('',(5.4,-4.65,-0.694737));
#10842 = DIRECTION('',(0.,1.,0.));
#10843 = DIRECTION('',(0.,-0.,1.));
#10844 = ADVANCED_FACE('',(#10845),#10856,.F.);
#10845 = FACE_BOUND('',#10846,.F.);
#10846 = EDGE_LOOP('',(#10847,#10848,#10854,#10855));
#10847 = ORIENTED_EDGE('',*,*,#10240,.F.);
#10848 = ORIENTED_EDGE('',*,*,#10849,.T.);
#10849 = EDGE_CURVE('',#10232,#10734,#10850,.T.);
#10850 = LINE('',#10851,#10852);
#10851 = CARTESIAN_POINT('',(5.640894365589,-4.563232078721,
    -0.859596019615));
#10852 = VECTOR('',#10853,1.);
#10853 = DIRECTION('',(1.,0.,0.));
#10854 = ORIENTED_EDGE('',*,*,#10733,.F.);
#10855 = ORIENTED_EDGE('',*,*,#10832,.F.);
#10856 = CYLINDRICAL_SURFACE('',#10857,0.2);
#10857 = AXIS2_PLACEMENT_3D('',#10858,#10859,#10860);
#10858 = CARTESIAN_POINT('',(5.4,-4.45,-0.694737));
#10859 = DIRECTION('',(1.,0.,0.));
#10860 = DIRECTION('',(0.,0.,-1.));
#10861 = ADVANCED_FACE('',(#10862),#10875,.T.);
#10862 = FACE_BOUND('',#10863,.F.);
#10863 = EDGE_LOOP('',(#10864,#10870,#10871,#10872,#10873,#10874));
#10864 = ORIENTED_EDGE('',*,*,#10865,.T.);
#10865 = EDGE_CURVE('',#10385,#10611,#10866,.T.);
#10866 = LINE('',#10867,#10868);
#10867 = CARTESIAN_POINT('',(5.910865166082,-3.866919803197,
    -1.337852450962));
#10868 = VECTOR('',#10869,1.);
#10869 = DIRECTION('',(1.,0.,0.));
#10870 = ORIENTED_EDGE('',*,*,#10610,.T.);
#10871 = ORIENTED_EDGE('',*,*,#10751,.F.);
#10872 = ORIENTED_EDGE('',*,*,#10849,.F.);
#10873 = ORIENTED_EDGE('',*,*,#10231,.F.);
#10874 = ORIENTED_EDGE('',*,*,#10394,.T.);
#10875 = PLANE('',#10876);
#10876 = AXIS2_PLACEMENT_3D('',#10877,#10878,#10879);
#10877 = CARTESIAN_POINT('',(5.4,-3.866919803197,-1.337852450962));
#10878 = DIRECTION('',(0.,0.566160393605,0.824295098076));
#10879 = DIRECTION('',(0.,-0.824295098076,0.566160393605));
#10880 = ADVANCED_FACE('',(#10881),#10908,.T.);
#10881 = FACE_BOUND('',#10882,.T.);
#10882 = EDGE_LOOP('',(#10883,#10903,#10904,#10905,#10906,#10907));
#10883 = ORIENTED_EDGE('',*,*,#10884,.F.);
#10884 = EDGE_CURVE('',#10377,#10536,#10885,.T.);
#10885 = B_SPLINE_CURVE_WITH_KNOTS('',3,(#10886,#10887,#10888,#10889,
    #10890,#10891,#10892,#10893,#10894,#10895,#10896,#10897,#10898,
    #10899,#10900,#10901,#10902),.UNSPECIFIED.,.F.,.F.,(4,1,1,1,1,1,1,1,
    1,1,1,1,1,1,4),(0.,7.142857142857E-02,0.142857142857,0.214285714286,
    0.285714285714,0.357142857143,0.428571428571,0.5,0.571428571429,
    0.642857142857,0.714285714286,0.785714285714,0.857142857143,
    0.928571428571,1.),.UNSPECIFIED.);
#10886 = CARTESIAN_POINT('',(5.91917068,-3.85833534,-1.343882127816));
#10887 = CARTESIAN_POINT('',(5.929982488129,-3.847523531871,
    -1.351646923601));
#10888 = CARTESIAN_POINT('',(5.950771488019,-3.826734531981,
    -1.367883226622));
#10889 = CARTESIAN_POINT('',(5.97948375356,-3.79802226644,
    -1.394182985677));
#10890 = CARTESIAN_POINT('',(6.005425340126,-3.772080679874,
    -1.421909910775));
#10891 = CARTESIAN_POINT('',(6.028484047794,-3.749021972206,
    -1.450580566558));
#10892 = CARTESIAN_POINT('',(6.048702106787,-3.728803913213,
    -1.479811602115));
#10893 = CARTESIAN_POINT('',(6.066287000959,-3.711219019041,
    -1.509469213616));
#10894 = CARTESIAN_POINT('',(6.081373509209,-3.696132510791,
    -1.53935842023));
#10895 = CARTESIAN_POINT('',(6.09416693546,-3.68333908454,
    -1.569515415653));
#10896 = CARTESIAN_POINT('',(6.1046784131,-3.6728276069,-1.599544005102)
  );
#10897 = CARTESIAN_POINT('',(6.113144356558,-3.664361663442,
    -1.629677439637));
#10898 = CARTESIAN_POINT('',(6.119625869621,-3.657880150379,
    -1.659835392753));
#10899 = CARTESIAN_POINT('',(6.124185815834,-3.653320204166,
    -1.689876626245));
#10900 = CARTESIAN_POINT('',(6.126908460112,-3.650597559888,
    -1.719995201359));
#10901 = CARTESIAN_POINT('',(6.12750602,-3.65,-1.7400181057));
#10902 = CARTESIAN_POINT('',(6.12750602,-3.65,-1.75));
#10903 = ORIENTED_EDGE('',*,*,#10384,.F.);
#10904 = ORIENTED_EDGE('',*,*,#10865,.T.);
#10905 = ORIENTED_EDGE('',*,*,#10621,.F.);
#10906 = ORIENTED_EDGE('',*,*,#10557,.F.);
#10907 = ORIENTED_EDGE('',*,*,#10535,.F.);
#10908 = CYLINDRICAL_SURFACE('',#10909,0.5);
#10909 = AXIS2_PLACEMENT_3D('',#10910,#10911,#10912);
#10910 = CARTESIAN_POINT('',(5.4,-4.15,-1.75));
#10911 = DIRECTION('',(1.,0.,0.));
#10912 = DIRECTION('',(0.,0.,-1.));
#10913 = ADVANCED_FACE('',(#10914),#10920,.T.);
#10914 = FACE_BOUND('',#10915,.T.);
#10915 = EDGE_LOOP('',(#10916,#10917,#10918,#10919));
#10916 = ORIENTED_EDGE('',*,*,#10490,.T.);
#10917 = ORIENTED_EDGE('',*,*,#10376,.F.);
#10918 = ORIENTED_EDGE('',*,*,#10884,.T.);
#10919 = ORIENTED_EDGE('',*,*,#10543,.F.);
#10920 = CYLINDRICAL_SURFACE('',#10921,0.5);
#10921 = AXIS2_PLACEMENT_3D('',#10922,#10923,#10924);
#10922 = CARTESIAN_POINT('',(5.62750602,-6.3,-1.75));
#10923 = DIRECTION('',(0.,-1.,0.));
#10924 = DIRECTION('',(1.,0.,0.));
#10925 = ADVANCED_FACE('',(#10926),#11071,.F.);
#10926 = FACE_BOUND('',#10927,.F.);
#10927 = EDGE_LOOP('',(#10928,#10943,#10956,#10965,#10983,#10991,#11013,
    #11014,#11038,#11046,#11064));
#10928 = ORIENTED_EDGE('',*,*,#10929,.T.);
#10929 = EDGE_CURVE('',#10930,#10932,#10934,.T.);
#10930 = VERTEX_POINT('',#10931);
#10931 = CARTESIAN_POINT('',(2.117796167368,-0.137984408277,
    -0.997799929531));
#10932 = VERTEX_POINT('',#10933);
#10933 = CARTESIAN_POINT('',(2.0025,-2.25,-0.531646383449));
#10934 = B_SPLINE_CURVE_WITH_KNOTS('',3,(#10935,#10936,#10937,#10938,
    #10939,#10940,#10941,#10942),.UNSPECIFIED.,.F.,.F.,(4,1,1,1,1,4),(0.
    ,0.2,0.4,0.6,0.8,1.),.QUASI_UNIFORM_KNOTS.);
#10935 = CARTESIAN_POINT('',(2.117796167368,-0.137984408277,
    -0.997799929531));
#10936 = CARTESIAN_POINT('',(2.102766914997,-0.275228432362,
    -0.969276201062));
#10937 = CARTESIAN_POINT('',(2.075482586841,-0.551442214341,
    -0.910808075263));
#10938 = CARTESIAN_POINT('',(2.043147649561,-0.971216996085,
    -0.819367604726));
#10939 = CARTESIAN_POINT('',(2.019764099492,-1.395442863545,
    -0.725003625264));
#10940 = CARTESIAN_POINT('',(2.00563620977,-1.822667983887,
    -0.628662920347));
#10941 = CARTESIAN_POINT('',(2.0025,-2.107456360393,-0.564007760364));
#10942 = CARTESIAN_POINT('',(2.0025,-2.25,-0.531646383449));
#10943 = ORIENTED_EDGE('',*,*,#10944,.T.);
#10944 = EDGE_CURVE('',#10932,#10945,#10947,.T.);
#10945 = VERTEX_POINT('',#10946);
#10946 = CARTESIAN_POINT('',(2.117796167368,-4.362015591723,
    -0.997799929531));
#10947 = B_SPLINE_CURVE_WITH_KNOTS('',3,(#10948,#10949,#10950,#10951,
    #10952,#10953,#10954,#10955),.UNSPECIFIED.,.F.,.F.,(4,1,1,1,1,4),(0.
    ,0.2,0.4,0.6,0.8,1.),.QUASI_UNIFORM_KNOTS.);
#10948 = CARTESIAN_POINT('',(2.0025,-2.25,-0.531646383449));
#10949 = CARTESIAN_POINT('',(2.0025,-2.392543956504,-0.564007832309));
#10950 = CARTESIAN_POINT('',(2.005636222858,-2.677332769213,
    -0.628663091279));
#10951 = CARTESIAN_POINT('',(2.019764142478,-3.104558055803,
    -0.725003831062));
#10952 = CARTESIAN_POINT('',(2.043147672222,-3.528783287123,
    -0.819367666355));
#10953 = CARTESIAN_POINT('',(2.075482592121,-3.948557837719,
    -0.910808086191));
#10954 = CARTESIAN_POINT('',(2.102766914117,-4.224771559596,
    -0.969276199391));
#10955 = CARTESIAN_POINT('',(2.117796167368,-4.362015591723,
    -0.997799929531));
#10956 = ORIENTED_EDGE('',*,*,#10957,.T.);
#10957 = EDGE_CURVE('',#10945,#10958,#10960,.T.);
#10958 = VERTEX_POINT('',#10959);
#10959 = CARTESIAN_POINT('',(2.140894365589,-4.563232078721,
    -0.859596019615));
#10960 = B_SPLINE_CURVE_WITH_KNOTS('',3,(#10961,#10962,#10963,#10964),
  .UNSPECIFIED.,.F.,.F.,(4,4),(0.,1.),.PIECEWISE_BEZIER_KNOTS.);
#10961 = CARTESIAN_POINT('',(2.117796167368,-4.362015591723,
    -0.997799929531));
#10962 = CARTESIAN_POINT('',(2.125144075576,-4.429115169686,
    -0.951713129356));
#10963 = CARTESIAN_POINT('',(2.132843341145,-4.496187342458,
    -0.905645152214));
#10964 = CARTESIAN_POINT('',(2.140894365589,-4.563232078721,
    -0.859596019615));
#10965 = ORIENTED_EDGE('',*,*,#10966,.T.);
#10966 = EDGE_CURVE('',#10958,#10967,#10969,.T.);
#10967 = VERTEX_POINT('',#10968);
#10968 = CARTESIAN_POINT('',(2.151512176349,-4.65,-0.694737));
#10969 = B_SPLINE_CURVE_WITH_KNOTS('',3,(#10970,#10971,#10972,#10973,
    #10974,#10975,#10976,#10977,#10978,#10979,#10980,#10981,#10982),
  .UNSPECIFIED.,.F.,.F.,(4,1,1,1,1,1,1,1,1,1,4),(0.,0.1,0.2,0.3,0.4,0.5,
    0.6,0.7,0.8,0.9,1.),.QUASI_UNIFORM_KNOTS.);
#10970 = CARTESIAN_POINT('',(2.140894365589,-4.563232078721,
    -0.859596019615));
#10971 = CARTESIAN_POINT('',(2.141536624663,-4.56858047761,
    -0.855922515276));
#10972 = CARTESIAN_POINT('',(2.142776845743,-4.578870980193,
    -0.848094198287));
#10973 = CARTESIAN_POINT('',(2.144514378851,-4.593194398597,
    -0.834816541193));
#10974 = CARTESIAN_POINT('',(2.14608785162,-4.606088624255,
    -0.820279664475));
#10975 = CARTESIAN_POINT('',(2.147482925823,-4.617461391846,
    -0.804654177454));
#10976 = CARTESIAN_POINT('',(2.148700321555,-4.627340481213,
    -0.78788717593));
#10977 = CARTESIAN_POINT('',(2.149713635562,-4.635531555784,
    -0.770253279884));
#10978 = CARTESIAN_POINT('',(2.150507866052,-4.641931777208,
    -0.752062769176));
#10979 = CARTESIAN_POINT('',(2.151085837974,-4.646578389572,
    -0.733246565606));
#10980 = CARTESIAN_POINT('',(2.151435179794,-4.649382457217,
    -0.714008572384));
#10981 = CARTESIAN_POINT('',(2.151512176349,-4.65,-0.701177155844));
#10982 = CARTESIAN_POINT('',(2.151512176349,-4.65,-0.694737));
#10983 = ORIENTED_EDGE('',*,*,#10984,.T.);
#10984 = EDGE_CURVE('',#10967,#10985,#10987,.T.);
#10985 = VERTEX_POINT('',#10986);
#10986 = CARTESIAN_POINT('',(2.151512176349,-4.65,-0.2));
#10987 = LINE('',#10988,#10989);
#10988 = CARTESIAN_POINT('',(2.151512176349,-4.65,-0.694737));
#10989 = VECTOR('',#10990,1.);
#10990 = DIRECTION('',(0.,0.,1.));
#10991 = ORIENTED_EDGE('',*,*,#10992,.T.);
#10992 = EDGE_CURVE('',#10985,#350,#10993,.T.);
#10993 = B_SPLINE_CURVE_WITH_KNOTS('',3,(#10994,#10995,#10996,#10997,
    #10998,#10999,#11000,#11001,#11002,#11003,#11004,#11005,#11006,
    #11007,#11008,#11009,#11010,#11011,#11012),.UNSPECIFIED.,.F.,.F.,(4,
    1,1,1,1,1,1,1,1,1,1,1,1,1,1,1,4),(0.,6.25E-02,0.125,0.1875,0.25,
    0.3125,0.375,0.4375,0.5,0.5625,0.625,0.6875,0.75,0.8125,0.875,0.9375
    ,1.),.QUASI_UNIFORM_KNOTS.);
#10994 = CARTESIAN_POINT('',(2.151512176349,-4.65,-0.2));
#10995 = CARTESIAN_POINT('',(2.151512176349,-4.65,-0.193495963316));
#10996 = CARTESIAN_POINT('',(2.151590678076,-4.650629868391,
    -0.180529237466));
#10997 = CARTESIAN_POINT('',(2.151948300096,-4.653496984193,
    -0.16106559151));
#10998 = CARTESIAN_POINT('',(2.152543487583,-4.658260963894,
    -0.142001176061));
#10999 = CARTESIAN_POINT('',(2.153364965319,-4.664820437091,
    -0.123612725532));
#11000 = CARTESIAN_POINT('',(2.154409176699,-4.673132420566,
    -0.105947289092));
#11001 = CARTESIAN_POINT('',(2.155681260719,-4.683219231837,
    -8.903206130823E-02));
#11002 = CARTESIAN_POINT('',(2.157164906406,-4.694929831217,
    -7.318581311631E-02));
#11003 = CARTESIAN_POINT('',(2.158836884847,-4.708058705985,
    -5.86498616879E-02));
#11004 = CARTESIAN_POINT('',(2.1606899355,-4.722526697318,
    -4.547085680955E-02));
#11005 = CARTESIAN_POINT('',(2.162730891226,-4.738362609487,
    -3.366399712406E-02));
#11006 = CARTESIAN_POINT('',(2.164929530162,-4.755307371082,
    -2.346982844903E-02));
#11007 = CARTESIAN_POINT('',(2.167250851934,-4.773071505684,
    -1.504030530856E-02));
#11008 = CARTESIAN_POINT('',(2.169681387465,-4.791536080922,
    -8.398572126272E-03));
#11009 = CARTESIAN_POINT('',(2.172226118234,-4.810722811917,
    -3.560089446307E-03));
#11010 = CARTESIAN_POINT('',(2.174848337845,-4.830340704991,
    -6.427852067922E-04));
#11011 = CARTESIAN_POINT('',(2.176611521964,-4.843429778146,0.));
#11012 = CARTESIAN_POINT('',(2.1775,-4.85,0.));
#11013 = ORIENTED_EDGE('',*,*,#347,.F.);
#11014 = ORIENTED_EDGE('',*,*,#11015,.T.);
#11015 = EDGE_CURVE('',#348,#11016,#11018,.T.);
#11016 = VERTEX_POINT('',#11017);
#11017 = CARTESIAN_POINT('',(2.151512176349,0.15,-0.2));
#11018 = B_SPLINE_CURVE_WITH_KNOTS('',3,(#11019,#11020,#11021,#11022,
    #11023,#11024,#11025,#11026,#11027,#11028,#11029,#11030,#11031,
    #11032,#11033,#11034,#11035,#11036,#11037),.UNSPECIFIED.,.F.,.F.,(4,
    1,1,1,1,1,1,1,1,1,1,1,1,1,1,1,4),(0.,6.25E-02,0.125,0.1875,0.25,
    0.3125,0.375,0.4375,0.5,0.5625,0.625,0.6875,0.75,0.8125,0.875,0.9375
    ,1.),.QUASI_UNIFORM_KNOTS.);
#11019 = CARTESIAN_POINT('',(2.1775,0.35,0.));
#11020 = CARTESIAN_POINT('',(2.176611570775,0.343430139105,0.));
#11021 = CARTESIAN_POINT('',(2.174848320199,0.330340581978,
    -6.426855444841E-04));
#11022 = CARTESIAN_POINT('',(2.172225466939,0.310717932757,
    -3.560909195484E-03));
#11023 = CARTESIAN_POINT('',(2.169679739493,0.291523646021,
    -8.401805112969E-03));
#11024 = CARTESIAN_POINT('',(2.167247600791,0.273046705944,
    -1.505077792683E-02));
#11025 = CARTESIAN_POINT('',(2.164928737562,0.255301249293,
    -2.347369388171E-02));
#11026 = CARTESIAN_POINT('',(2.162730342656,0.238358372698,
    -3.366678162271E-02));
#11027 = CARTESIAN_POINT('',(2.16068916349,0.222520702369,
    -4.547535963023E-02));
#11028 = CARTESIAN_POINT('',(2.158835159629,0.2080451955,
    -5.866347810813E-02));
#11029 = CARTESIAN_POINT('',(2.157164560496,0.194927090401,
    -7.318989128407E-02));
#11030 = CARTESIAN_POINT('',(2.155681296716,0.183219517597,
    -8.903171644838E-02));
#11031 = CARTESIAN_POINT('',(2.154409073666,0.17313160618,
    -0.105948215705));
#11032 = CARTESIAN_POINT('',(2.153364416414,0.164816061052,
    -0.123623177106));
#11033 = CARTESIAN_POINT('',(2.152543479279,0.158260893663,
    -0.142003024135));
#11034 = CARTESIAN_POINT('',(2.151948507636,0.153498647135,
    -0.161057649546));
#11035 = CARTESIAN_POINT('',(2.151590717778,0.150630187117,
    -0.180524330629));
#11036 = CARTESIAN_POINT('',(2.151512176349,0.15,-0.193493775461));
#11037 = CARTESIAN_POINT('',(2.151512176349,0.15,-0.2));
#11038 = ORIENTED_EDGE('',*,*,#11039,.F.);
#11039 = EDGE_CURVE('',#11040,#11016,#11042,.T.);
#11040 = VERTEX_POINT('',#11041);
#11041 = CARTESIAN_POINT('',(2.151512176349,0.15,-0.694737));
#11042 = LINE('',#11043,#11044);
#11043 = CARTESIAN_POINT('',(2.151512176349,0.15,-0.694737));
#11044 = VECTOR('',#11045,1.);
#11045 = DIRECTION('',(0.,0.,1.));
#11046 = ORIENTED_EDGE('',*,*,#11047,.T.);
#11047 = EDGE_CURVE('',#11040,#11048,#11050,.T.);
#11048 = VERTEX_POINT('',#11049);
#11049 = CARTESIAN_POINT('',(2.140894365589,6.323207872101E-02,
    -0.859596019615));
#11050 = B_SPLINE_CURVE_WITH_KNOTS('',3,(#11051,#11052,#11053,#11054,
    #11055,#11056,#11057,#11058,#11059,#11060,#11061,#11062,#11063),
  .UNSPECIFIED.,.F.,.F.,(4,1,1,1,1,1,1,1,1,1,4),(0.,0.1,0.2,0.3,0.4,0.5,
    0.6,0.7,0.8,0.9,1.),.QUASI_UNIFORM_KNOTS.);
#11051 = CARTESIAN_POINT('',(2.151512176349,0.15,-0.694737));
#11052 = CARTESIAN_POINT('',(2.151512176349,0.15,-0.70117902095));
#11053 = CARTESIAN_POINT('',(2.151435143962,0.14938217014,
    -0.714012530412));
#11054 = CARTESIAN_POINT('',(2.151085713596,0.146577389736,
    -0.733250621576));
#11055 = CARTESIAN_POINT('',(2.150508017121,0.141932992184,
    -0.752058269546));
#11056 = CARTESIAN_POINT('',(2.149713700849,0.135532084694,
    -0.770252523041));
#11057 = CARTESIAN_POINT('',(2.148700180512,0.127339339651,
    -0.787889326793));
#11058 = CARTESIAN_POINT('',(2.14748300683,0.117462044138,-0.80465277507
    ));
#11059 = CARTESIAN_POINT('',(2.146088314649,0.106092411837,
    -0.82027511472));
#11060 = CARTESIAN_POINT('',(2.144514196798,9.31929104169E-02,
    -0.834818348136));
#11061 = CARTESIAN_POINT('',(2.142776593414,7.886889122246E-02,
    -0.84809586823));
#11062 = CARTESIAN_POINT('',(2.141536491531,6.857936895563E-02,
    -0.855923276746));
#11063 = CARTESIAN_POINT('',(2.140894365589,6.323207872101E-02,
    -0.859596019615));
#11064 = ORIENTED_EDGE('',*,*,#11065,.T.);
#11065 = EDGE_CURVE('',#11048,#10930,#11066,.T.);
#11066 = B_SPLINE_CURVE_WITH_KNOTS('',3,(#11067,#11068,#11069,#11070),
  .UNSPECIFIED.,.F.,.F.,(4,4),(0.,1.),.PIECEWISE_BEZIER_KNOTS.);
#11067 = CARTESIAN_POINT('',(2.140894365589,6.323207872101E-02,
    -0.859596019615));
#11068 = CARTESIAN_POINT('',(2.132843341145,-3.812657542079E-03,
    -0.905645152214));
#11069 = CARTESIAN_POINT('',(2.125144075576,-7.088483031405E-02,
    -0.951713129356));
#11070 = CARTESIAN_POINT('',(2.117796167368,-0.137984408277,
    -0.997799929531));
#11071 = CYLINDRICAL_SURFACE('',#11072,19.40178571429);
#11072 = AXIS2_PLACEMENT_3D('',#11073,#11074,#11075);
#11073 = CARTESIAN_POINT('',(21.40428571429,-2.25,0.));
#11074 = DIRECTION('',(0.,0.,1.));
#11075 = DIRECTION('',(1.,0.,-0.));
#11076 = ADVANCED_FACE('',(#11077),#11129,.F.);
#11077 = FACE_BOUND('',#11078,.F.);
#11078 = EDGE_LOOP('',(#11079,#11089,#11099,#11108,#11109,#11110,#11121)
  );
#11079 = ORIENTED_EDGE('',*,*,#11080,.F.);
#11080 = EDGE_CURVE('',#11081,#11083,#11085,.T.);
#11081 = VERTEX_POINT('',#11082);
#11082 = CARTESIAN_POINT('',(2.41917068,-3.85833534,-1.343882127816));
#11083 = VERTEX_POINT('',#11084);
#11084 = CARTESIAN_POINT('',(2.41917068,-0.64166466,-1.343882127816));
#11085 = LINE('',#11086,#11087);
#11086 = CARTESIAN_POINT('',(2.41917068,-3.85833534,-1.343882127816));
#11087 = VECTOR('',#11088,1.);
#11088 = DIRECTION('',(0.,1.,0.));
#11089 = ORIENTED_EDGE('',*,*,#11090,.F.);
#11090 = EDGE_CURVE('',#11091,#11081,#11093,.T.);
#11091 = VERTEX_POINT('',#11092);
#11092 = CARTESIAN_POINT('',(2.410865166082,-3.866919803197,
    -1.337852450962));
#11093 = B_SPLINE_CURVE_WITH_KNOTS('',3,(#11094,#11095,#11096,#11097,
    #11098),.UNSPECIFIED.,.F.,.F.,(4,1,4),(0.,0.5,1.),
  .QUASI_UNIFORM_KNOTS.);
#11094 = CARTESIAN_POINT('',(2.410865166082,-3.866919803197,
    -1.337852450962));
#11095 = CARTESIAN_POINT('',(2.41221680594,-3.865475654554,
    -1.338844352729));
#11096 = CARTESIAN_POINT('',(2.414952444832,-3.862600540559,
    -1.340841445053));
#11097 = CARTESIAN_POINT('',(2.417753564476,-3.859752455524,
    -1.342864387535));
#11098 = CARTESIAN_POINT('',(2.41917068,-3.85833534,-1.343882127816));
#11099 = ORIENTED_EDGE('',*,*,#11100,.F.);
#11100 = EDGE_CURVE('',#10945,#11091,#11101,.T.);
#11101 = B_SPLINE_CURVE_WITH_KNOTS('',3,(#11102,#11103,#11104,#11105,
    #11106,#11107),.UNSPECIFIED.,.F.,.F.,(4,1,1,4),(0.,0.5,0.75,1.),
  .UNSPECIFIED.);
#11102 = CARTESIAN_POINT('',(2.117796167368,-4.362015591723,
    -0.997799929531));
#11103 = CARTESIAN_POINT('',(2.150175443636,-4.272545210803,
    -1.059251934033));
#11104 = CARTESIAN_POINT('',(2.209173502777,-4.142744507926,
    -1.148404492628));
#11105 = CARTESIAN_POINT('',(2.313682988676,-3.980593007214,
    -1.259776933979));
#11106 = CARTESIAN_POINT('',(2.3762710191,-3.90388163895,-1.31246551426)
  );
#11107 = CARTESIAN_POINT('',(2.410865166082,-3.866919803197,
    -1.337852450962));
#11108 = ORIENTED_EDGE('',*,*,#10944,.F.);
#11109 = ORIENTED_EDGE('',*,*,#10929,.F.);
#11110 = ORIENTED_EDGE('',*,*,#11111,.T.);
#11111 = EDGE_CURVE('',#10930,#11112,#11114,.T.);
#11112 = VERTEX_POINT('',#11113);
#11113 = CARTESIAN_POINT('',(2.410865166082,-0.633080196803,
    -1.337852450962));
#11114 = B_SPLINE_CURVE_WITH_KNOTS('',3,(#11115,#11116,#11117,#11118,
    #11119,#11120),.UNSPECIFIED.,.F.,.F.,(4,1,1,4),(0.,0.5,0.75,1.),
  .UNSPECIFIED.);
#11115 = CARTESIAN_POINT('',(2.117796167368,-0.137984408277,
    -0.997799929531));
#11116 = CARTESIAN_POINT('',(2.150175443636,-0.227454789197,
    -1.059251934033));
#11117 = CARTESIAN_POINT('',(2.209173502777,-0.357255492074,
    -1.148404492628));
#11118 = CARTESIAN_POINT('',(2.313682988676,-0.519406992786,
    -1.259776933979));
#11119 = CARTESIAN_POINT('',(2.3762710191,-0.59611836105,-1.31246551426)
  );
#11120 = CARTESIAN_POINT('',(2.410865166082,-0.633080196803,
    -1.337852450962));
#11121 = ORIENTED_EDGE('',*,*,#11122,.F.);
#11122 = EDGE_CURVE('',#11083,#11112,#11123,.T.);
#11123 = B_SPLINE_CURVE_WITH_KNOTS('',3,(#11124,#11125,#11126,#11127,
    #11128),.UNSPECIFIED.,.F.,.F.,(4,1,4),(0.,0.5,1.),
  .QUASI_UNIFORM_KNOTS.);
#11124 = CARTESIAN_POINT('',(2.41917068,-0.64166466,-1.343882127816));
#11125 = CARTESIAN_POINT('',(2.417753575185,-0.640247555185,
    -1.342864395226));
#11126 = CARTESIAN_POINT('',(2.414952465921,-0.637399481239,
    -1.340841460366));
#11127 = CARTESIAN_POINT('',(2.412216816316,-0.634524356531,
    -1.338844360343));
#11128 = CARTESIAN_POINT('',(2.410865166082,-0.633080196803,
    -1.337852450962));
#11129 = CYLINDRICAL_SURFACE('',#11130,1.);
#11130 = AXIS2_PLACEMENT_3D('',#11131,#11132,#11133);
#11131 = CARTESIAN_POINT('',(3.0025,-6.3,-0.531646383449));
#11132 = DIRECTION('',(0.,-1.,0.));
#11133 = DIRECTION('',(1.,0.,0.));
#11134 = ADVANCED_FACE('',(#11135),#11188,.T.);
#11135 = FACE_BOUND('',#11136,.T.);
#11136 = EDGE_LOOP('',(#11137,#11159,#11167,#11187));
#11137 = ORIENTED_EDGE('',*,*,#11138,.T.);
#11138 = EDGE_CURVE('',#11081,#11139,#11141,.T.);
#11139 = VERTEX_POINT('',#11140);
#11140 = CARTESIAN_POINT('',(2.62750602,-3.65,-1.75));
#11141 = B_SPLINE_CURVE_WITH_KNOTS('',3,(#11142,#11143,#11144,#11145,
    #11146,#11147,#11148,#11149,#11150,#11151,#11152,#11153,#11154,
    #11155,#11156,#11157,#11158),.UNSPECIFIED.,.F.,.F.,(4,1,1,1,1,1,1,1,
    1,1,1,1,1,1,4),(0.,7.142857142857E-02,0.142857142857,0.214285714286,
    0.285714285714,0.357142857143,0.428571428571,0.5,0.571428571429,
    0.642857142857,0.714285714286,0.785714285714,0.857142857143,
    0.928571428571,1.),.UNSPECIFIED.);
#11142 = CARTESIAN_POINT('',(2.41917068,-3.85833534,-1.343882127816));
#11143 = CARTESIAN_POINT('',(2.429982170966,-3.847523849034,
    -1.351646695821));
#11144 = CARTESIAN_POINT('',(2.450770828619,-3.826735191381,
    -1.367882653171));
#11145 = CARTESIAN_POINT('',(2.479483977754,-3.798022042246,
    -1.394183170088));
#11146 = CARTESIAN_POINT('',(2.505425827876,-3.772080192124,
    -1.42191046342));
#11147 = CARTESIAN_POINT('',(2.528484539851,-3.749021480149,
    -1.45058124148));
#11148 = CARTESIAN_POINT('',(2.5487021052,-3.7288039148,-1.479811633813)
  );
#11149 = CARTESIAN_POINT('',(2.566286728881,-3.711219291119,
    -1.50946874467));
#11150 = CARTESIAN_POINT('',(2.581373062302,-3.696132957698,
    -1.539357463056));
#11151 = CARTESIAN_POINT('',(2.594166627852,-3.683339392148,
    -1.569514615696));
#11152 = CARTESIAN_POINT('',(2.604678063984,-3.672827956016,
    -1.599542927413));
#11153 = CARTESIAN_POINT('',(2.613144016692,-3.664362003308,
    -1.629676071893));
#11154 = CARTESIAN_POINT('',(2.619625645685,-3.657880374315,
    -1.65983414661));
#11155 = CARTESIAN_POINT('',(2.624185673547,-3.653320346453,
    -1.689875464531));
#11156 = CARTESIAN_POINT('',(2.626908399261,-3.650597620739,
    -1.719994042883));
#11157 = CARTESIAN_POINT('',(2.62750602,-3.65,-1.740017645532));
#11158 = CARTESIAN_POINT('',(2.62750602,-3.65,-1.75));
#11159 = ORIENTED_EDGE('',*,*,#11160,.F.);
#11160 = EDGE_CURVE('',#11161,#11139,#11163,.T.);
#11161 = VERTEX_POINT('',#11162);
#11162 = CARTESIAN_POINT('',(2.62750602,-0.85,-1.75));
#11163 = LINE('',#11164,#11165);
#11164 = CARTESIAN_POINT('',(2.62750602,-0.85,-1.75));
#11165 = VECTOR('',#11166,1.);
#11166 = DIRECTION('',(0.,-1.,0.));
#11167 = ORIENTED_EDGE('',*,*,#11168,.T.);
#11168 = EDGE_CURVE('',#11161,#11083,#11169,.T.);
#11169 = B_SPLINE_CURVE_WITH_KNOTS('',3,(#11170,#11171,#11172,#11173,
    #11174,#11175,#11176,#11177,#11178,#11179,#11180,#11181,#11182,
    #11183,#11184,#11185,#11186),.UNSPECIFIED.,.F.,.F.,(4,1,1,1,1,1,1,1,
    1,1,1,1,1,1,4),(0.,7.142857142857E-02,0.142857142857,0.214285714286,
    0.285714285714,0.357142857143,0.428571428571,0.5,0.571428571429,
    0.642857142857,0.714285714286,0.785714285714,0.857142857143,
    0.928571428571,1.),.UNSPECIFIED.);
#11170 = CARTESIAN_POINT('',(2.62750602,-0.85,-1.75));
#11171 = CARTESIAN_POINT('',(2.62750602,-0.85,-1.740017640727));
#11172 = CARTESIAN_POINT('',(2.626908397478,-0.849402377478,
    -1.719994068103));
#11173 = CARTESIAN_POINT('',(2.624185699386,-0.846679679386,
    -1.689875709302));
#11174 = CARTESIAN_POINT('',(2.619625721884,-0.842119701885,
    -1.659834610272));
#11175 = CARTESIAN_POINT('',(2.613144212709,-0.835638192709,
    -1.629676844445));
#11176 = CARTESIAN_POINT('',(2.604678203348,-0.827172183348,
    -1.599543405548));
#11177 = CARTESIAN_POINT('',(2.594167317285,-0.816661297285,
    -1.56951650403));
#11178 = CARTESIAN_POINT('',(2.581374342854,-0.803868322854,
    -1.53936022323));
#11179 = CARTESIAN_POINT('',(2.566288004985,-0.788781984985,
    -1.509471077948));
#11180 = CARTESIAN_POINT('',(2.5487038275,-0.771197807499,
    -1.479814318362));
#11181 = CARTESIAN_POINT('',(2.52848635591,-0.75098033591,
    -1.450583717916));
#11182 = CARTESIAN_POINT('',(2.50542930271,-0.72792328271,
    -1.421914546873));
#11183 = CARTESIAN_POINT('',(2.479488483244,-0.701982463244,
    -1.39418763366));
#11184 = CARTESIAN_POINT('',(2.450774980874,-0.673268960874,
    -1.367886071714));
#11185 = CARTESIAN_POINT('',(2.429983891881,-0.65247787188,
    -1.351647931743));
#11186 = CARTESIAN_POINT('',(2.41917068,-0.64166466,-1.343882127816));
#11187 = ORIENTED_EDGE('',*,*,#11080,.F.);
#11188 = CYLINDRICAL_SURFACE('',#11189,0.5);
#11189 = AXIS2_PLACEMENT_3D('',#11190,#11191,#11192);
#11190 = CARTESIAN_POINT('',(2.12750602,-6.3,-1.75));
#11191 = DIRECTION('',(0.,-1.,0.));
#11192 = DIRECTION('',(1.,0.,0.));
#11193 = ADVANCED_FACE('',(#11194),#11244,.T.);
#11194 = FACE_BOUND('',#11195,.T.);
#11195 = EDGE_LOOP('',(#11196,#11204,#11226,#11236,#11242,#11243));
#11196 = ORIENTED_EDGE('',*,*,#11197,.T.);
#11197 = EDGE_CURVE('',#11161,#11198,#11200,.T.);
#11198 = VERTEX_POINT('',#11199);
#11199 = CARTESIAN_POINT('',(4.37249398,-0.85,-1.75));
#11200 = LINE('',#11201,#11202);
#11201 = CARTESIAN_POINT('',(2.62750602,-0.85,-1.75));
#11202 = VECTOR('',#11203,1.);
#11203 = DIRECTION('',(1.,0.,0.));
#11204 = ORIENTED_EDGE('',*,*,#11205,.F.);
#11205 = EDGE_CURVE('',#11206,#11198,#11208,.T.);
#11206 = VERTEX_POINT('',#11207);
#11207 = CARTESIAN_POINT('',(4.58082932,-0.64166466,-1.343882127816));
#11208 = B_SPLINE_CURVE_WITH_KNOTS('',3,(#11209,#11210,#11211,#11212,
    #11213,#11214,#11215,#11216,#11217,#11218,#11219,#11220,#11221,
    #11222,#11223,#11224,#11225),.UNSPECIFIED.,.F.,.F.,(4,1,1,1,1,1,1,1,
    1,1,1,1,1,1,4),(0.,7.142857142857E-02,0.142857142857,0.214285714286,
    0.285714285714,0.357142857143,0.428571428571,0.5,0.571428571429,
    0.642857142857,0.714285714286,0.785714285714,0.857142857143,
    0.928571428571,1.),.UNSPECIFIED.);
#11209 = CARTESIAN_POINT('',(4.58082932,-0.64166466,-1.343882127816));
#11210 = CARTESIAN_POINT('',(4.570010012397,-0.652483967603,
    -1.351652309553));
#11211 = CARTESIAN_POINT('',(4.549211056244,-0.673282923756,
    -1.367897747774));
#11212 = CARTESIAN_POINT('',(4.520502195458,-0.701991784542,
    -1.394197143572));
#11213 = CARTESIAN_POINT('',(4.494566462844,-0.727927517156,
    -1.421919682466));
#11214 = CARTESIAN_POINT('',(4.471512780636,-0.750981199364,
    -1.450584883861));
#11215 = CARTESIAN_POINT('',(4.451292868932,-0.771201111068,
    -1.47981922664));
#11216 = CARTESIAN_POINT('',(4.433707294572,-0.788786685428,
    -1.509479530114));
#11217 = CARTESIAN_POINT('',(4.418620968783,-0.803873011217,
    -1.539370346945));
#11218 = CARTESIAN_POINT('',(4.405828919928,-0.816665060072,
    -1.56952616581));
#11219 = CARTESIAN_POINT('',(4.395318441145,-0.827175538855,
    -1.599554295688));
#11220 = CARTESIAN_POINT('',(4.386854721894,-0.835639258106,
    -1.629681470068));
#11221 = CARTESIAN_POINT('',(4.380373233651,-0.842120746349,
    -1.659840154975));
#11222 = CARTESIAN_POINT('',(4.375813859093,-0.846680120907,
    -1.689879906231));
#11223 = CARTESIAN_POINT('',(4.37309159369,-0.84940238631,
    -1.719995017655));
#11224 = CARTESIAN_POINT('',(4.37249398,-0.85,-1.740017863609));
#11225 = CARTESIAN_POINT('',(4.37249398,-0.85,-1.75));
#11226 = ORIENTED_EDGE('',*,*,#11227,.F.);
#11227 = EDGE_CURVE('',#11228,#11206,#11230,.T.);
#11228 = VERTEX_POINT('',#11229);
#11229 = CARTESIAN_POINT('',(4.589134833918,-0.633080196803,
    -1.337852450962));
#11230 = B_SPLINE_CURVE_WITH_KNOTS('',3,(#11231,#11232,#11233,#11234,
    #11235),.UNSPECIFIED.,.F.,.F.,(4,1,4),(0.,0.5,1.),
  .QUASI_UNIFORM_KNOTS.);
#11231 = CARTESIAN_POINT('',(4.589134833918,-0.633080196803,
    -1.337852450962));
#11232 = CARTESIAN_POINT('',(4.587783126422,-0.634524417713,
    -1.338844402365));
#11233 = CARTESIAN_POINT('',(4.585047417688,-0.637399601549,
    -1.340841544883));
#11234 = CARTESIAN_POINT('',(4.582246365712,-0.640247614288,
    -1.342864437672));
#11235 = CARTESIAN_POINT('',(4.58082932,-0.64166466,-1.343882127816));
#11236 = ORIENTED_EDGE('',*,*,#11237,.F.);
#11237 = EDGE_CURVE('',#11112,#11228,#11238,.T.);
#11238 = LINE('',#11239,#11240);
#11239 = CARTESIAN_POINT('',(2.410865166082,-0.633080196803,
    -1.337852450962));
#11240 = VECTOR('',#11241,1.);
#11241 = DIRECTION('',(1.,0.,0.));
#11242 = ORIENTED_EDGE('',*,*,#11122,.F.);
#11243 = ORIENTED_EDGE('',*,*,#11168,.F.);
#11244 = CYLINDRICAL_SURFACE('',#11245,0.5);
#11245 = AXIS2_PLACEMENT_3D('',#11246,#11247,#11248);
#11246 = CARTESIAN_POINT('',(1.9,-0.35,-1.75));
#11247 = DIRECTION('',(1.,0.,0.));
#11248 = DIRECTION('',(0.,0.,-1.));
#11249 = ADVANCED_FACE('',(#11250),#11281,.T.);
#11250 = FACE_BOUND('',#11251,.F.);
#11251 = EDGE_LOOP('',(#11252,#11253,#11254,#11262,#11271,#11280));
#11252 = ORIENTED_EDGE('',*,*,#11111,.F.);
#11253 = ORIENTED_EDGE('',*,*,#11065,.F.);
#11254 = ORIENTED_EDGE('',*,*,#11255,.T.);
#11255 = EDGE_CURVE('',#11048,#11256,#11258,.T.);
#11256 = VERTEX_POINT('',#11257);
#11257 = CARTESIAN_POINT('',(4.859105634411,6.323207872101E-02,
    -0.859596019615));
#11258 = LINE('',#11259,#11260);
#11259 = CARTESIAN_POINT('',(2.140894365589,6.323207872101E-02,
    -0.859596019615));
#11260 = VECTOR('',#11261,1.);
#11261 = DIRECTION('',(1.,0.,0.));
#11262 = ORIENTED_EDGE('',*,*,#11263,.F.);
#11263 = EDGE_CURVE('',#11264,#11256,#11266,.T.);
#11264 = VERTEX_POINT('',#11265);
#11265 = CARTESIAN_POINT('',(4.882203832632,-0.137984408277,
    -0.997799929531));
#11266 = B_SPLINE_CURVE_WITH_KNOTS('',3,(#11267,#11268,#11269,#11270),
  .UNSPECIFIED.,.F.,.F.,(4,4),(0.,1.),.PIECEWISE_BEZIER_KNOTS.);
#11267 = CARTESIAN_POINT('',(4.882203832632,-0.137984408277,
    -0.997799929531));
#11268 = CARTESIAN_POINT('',(4.874855924424,-7.088483031405E-02,
    -0.951713129356));
#11269 = CARTESIAN_POINT('',(4.867156658855,-3.812657542078E-03,
    -0.905645152214));
#11270 = CARTESIAN_POINT('',(4.859105634411,6.323207872101E-02,
    -0.859596019615));
#11271 = ORIENTED_EDGE('',*,*,#11272,.F.);
#11272 = EDGE_CURVE('',#11228,#11264,#11273,.T.);
#11273 = B_SPLINE_CURVE_WITH_KNOTS('',3,(#11274,#11275,#11276,#11277,
    #11278,#11279),.UNSPECIFIED.,.F.,.F.,(4,1,1,4),(0.,0.25,0.5,1.),
  .UNSPECIFIED.);
#11274 = CARTESIAN_POINT('',(4.589134833918,-0.633080196803,
    -1.337852450962));
#11275 = CARTESIAN_POINT('',(4.6237289809,-0.59611836105,-1.31246551426)
  );
#11276 = CARTESIAN_POINT('',(4.686317011324,-0.519406992786,
    -1.259776933979));
#11277 = CARTESIAN_POINT('',(4.790826497223,-0.357255492074,
    -1.148404492628));
#11278 = CARTESIAN_POINT('',(4.849824556364,-0.227454789197,
    -1.059251934033));
#11279 = CARTESIAN_POINT('',(4.882203832632,-0.137984408277,
    -0.997799929531));
#11280 = ORIENTED_EDGE('',*,*,#11237,.F.);
#11281 = PLANE('',#11282);
#11282 = AXIS2_PLACEMENT_3D('',#11283,#11284,#11285);
#11283 = CARTESIAN_POINT('',(1.9,6.323207872101E-02,-0.859596019615));
#11284 = DIRECTION('',(0.,-0.566160393605,0.824295098076));
#11285 = DIRECTION('',(0.,-0.824295098076,-0.566160393605));
#11286 = ADVANCED_FACE('',(#11287),#11315,.F.);
#11287 = FACE_BOUND('',#11288,.F.);
#11288 = EDGE_LOOP('',(#11289,#11290,#11291,#11299));
#11289 = ORIENTED_EDGE('',*,*,#11255,.F.);
#11290 = ORIENTED_EDGE('',*,*,#11047,.F.);
#11291 = ORIENTED_EDGE('',*,*,#11292,.T.);
#11292 = EDGE_CURVE('',#11040,#11293,#11295,.T.);
#11293 = VERTEX_POINT('',#11294);
#11294 = CARTESIAN_POINT('',(4.848487823651,0.15,-0.694737));
#11295 = LINE('',#11296,#11297);
#11296 = CARTESIAN_POINT('',(2.151512176349,0.15,-0.694737));
#11297 = VECTOR('',#11298,1.);
#11298 = DIRECTION('',(1.,0.,0.));
#11299 = ORIENTED_EDGE('',*,*,#11300,.F.);
#11300 = EDGE_CURVE('',#11256,#11293,#11301,.T.);
#11301 = B_SPLINE_CURVE_WITH_KNOTS('',3,(#11302,#11303,#11304,#11305,
    #11306,#11307,#11308,#11309,#11310,#11311,#11312,#11313,#11314),
  .UNSPECIFIED.,.F.,.F.,(4,1,1,1,1,1,1,1,1,1,4),(0.,0.1,0.2,0.3,0.4,0.5,
    0.6,0.7,0.8,0.9,1.),.QUASI_UNIFORM_KNOTS.);
#11302 = CARTESIAN_POINT('',(4.859105634411,6.323207872101E-02,
    -0.859596019615));
#11303 = CARTESIAN_POINT('',(4.858463508469,6.857936895564E-02,
    -0.855923276746));
#11304 = CARTESIAN_POINT('',(4.857223406586,7.886889122248E-02,
    -0.84809586823));
#11305 = CARTESIAN_POINT('',(4.855485803202,9.31929104169E-02,
    -0.834818348136));
#11306 = CARTESIAN_POINT('',(4.853911685351,0.106092411837,
    -0.82027511472));
#11307 = CARTESIAN_POINT('',(4.85251699317,0.117462044138,-0.80465277507
    ));
#11308 = CARTESIAN_POINT('',(4.851299819488,0.127339339651,
    -0.787889326793));
#11309 = CARTESIAN_POINT('',(4.850286299151,0.135532084694,
    -0.770252523041));
#11310 = CARTESIAN_POINT('',(4.849491982879,0.141932992184,
    -0.752058269546));
#11311 = CARTESIAN_POINT('',(4.848914286404,0.146577389736,
    -0.733250621576));
#11312 = CARTESIAN_POINT('',(4.848564856038,0.14938217014,
    -0.714012530412));
#11313 = CARTESIAN_POINT('',(4.848487823651,0.15,-0.70117902095));
#11314 = CARTESIAN_POINT('',(4.848487823651,0.15,-0.694737));
#11315 = CYLINDRICAL_SURFACE('',#11316,0.2);
#11316 = AXIS2_PLACEMENT_3D('',#11317,#11318,#11319);
#11317 = CARTESIAN_POINT('',(1.9,-5.E-02,-0.694737));
#11318 = DIRECTION('',(1.,0.,0.));
#11319 = DIRECTION('',(0.,0.,-1.));
#11320 = ADVANCED_FACE('',(#11321),#11339,.T.);
#11321 = FACE_BOUND('',#11322,.F.);
#11322 = EDGE_LOOP('',(#11323,#11331,#11337,#11338));
#11323 = ORIENTED_EDGE('',*,*,#11324,.T.);
#11324 = EDGE_CURVE('',#11016,#11325,#11327,.T.);
#11325 = VERTEX_POINT('',#11326);
#11326 = CARTESIAN_POINT('',(4.848487823651,0.15,-0.2));
#11327 = LINE('',#11328,#11329);
#11328 = CARTESIAN_POINT('',(2.151512176349,0.15,-0.2));
#11329 = VECTOR('',#11330,1.);
#11330 = DIRECTION('',(1.,0.,-4.330608706365E-14));
#11331 = ORIENTED_EDGE('',*,*,#11332,.F.);
#11332 = EDGE_CURVE('',#11293,#11325,#11333,.T.);
#11333 = LINE('',#11334,#11335);
#11334 = CARTESIAN_POINT('',(4.848487823651,0.15,-0.694737));
#11335 = VECTOR('',#11336,1.);
#11336 = DIRECTION('',(0.,0.,1.));
#11337 = ORIENTED_EDGE('',*,*,#11292,.F.);
#11338 = ORIENTED_EDGE('',*,*,#11039,.T.);
#11339 = PLANE('',#11340);
#11340 = AXIS2_PLACEMENT_3D('',#11341,#11342,#11343);
#11341 = CARTESIAN_POINT('',(1.9,0.15,-0.2));
#11342 = DIRECTION('',(0.,-1.,0.));
#11343 = DIRECTION('',(0.,0.,-1.));
#11344 = ADVANCED_FACE('',(#11345),#11372,.T.);
#11345 = FACE_BOUND('',#11346,.T.);
#11346 = EDGE_LOOP('',(#11347,#11369,#11370,#11371));
#11347 = ORIENTED_EDGE('',*,*,#11348,.T.);
#11348 = EDGE_CURVE('',#11325,#367,#11349,.T.);
#11349 = B_SPLINE_CURVE_WITH_KNOTS('',3,(#11350,#11351,#11352,#11353,
    #11354,#11355,#11356,#11357,#11358,#11359,#11360,#11361,#11362,
    #11363,#11364,#11365,#11366,#11367,#11368),.UNSPECIFIED.,.F.,.F.,(4,
    1,1,1,1,1,1,1,1,1,1,1,1,1,1,1,4),(0.,6.25E-02,0.125,0.1875,0.25,
    0.3125,0.375,0.4375,0.5,0.5625,0.625,0.6875,0.75,0.8125,0.875,0.9375
    ,1.),.QUASI_UNIFORM_KNOTS.);
#11350 = CARTESIAN_POINT('',(4.848487823651,0.15,-0.2));
#11351 = CARTESIAN_POINT('',(4.848487823651,0.15,-0.193493765048));
#11352 = CARTESIAN_POINT('',(4.848409282025,0.150630188697,
    -0.180524302422));
#11353 = CARTESIAN_POINT('',(4.848051490976,0.153498658259,
    -0.161057593717));
#11354 = CARTESIAN_POINT('',(4.847456518906,0.158260908192,
    -0.142002969818));
#11355 = CARTESIAN_POINT('',(4.846635577068,0.164816113018,
    -0.123623049344));
#11356 = CARTESIAN_POINT('',(4.845590920131,0.173131655501,
    -0.105948122299));
#11357 = CARTESIAN_POINT('',(4.844318692636,0.183219601809,
    -8.903159095259E-02));
#11358 = CARTESIAN_POINT('',(4.842835430452,0.194927161809,
    -7.31897989619E-02));
#11359 = CARTESIAN_POINT('',(4.841164815172,0.208045392824,
    -5.866327917162E-02));
#11360 = CARTESIAN_POINT('',(4.839310821019,0.222520822918,
    -4.547526217292E-02));
#11361 = CARTESIAN_POINT('',(4.837269633581,0.238358556427,
    -3.366665843632E-02));
#11362 = CARTESIAN_POINT('',(4.835071241505,0.255301410422,
    -2.347360177574E-02));
#11363 = CARTESIAN_POINT('',(4.832752347399,0.273047101006,
    -1.505061311621E-02));
#11364 = CARTESIAN_POINT('',(4.830320234017,0.29152384622,
    -8.401748604064E-03));
#11365 = CARTESIAN_POINT('',(4.82777450136,0.310718170768,
    -3.560862627132E-03));
#11366 = CARTESIAN_POINT('',(4.825151670769,0.330340648864,
    -6.426845829843E-04));
#11367 = CARTESIAN_POINT('',(4.823388426208,0.343430161417,0.));
#11368 = CARTESIAN_POINT('',(4.8225,0.35,0.));
#11369 = ORIENTED_EDGE('',*,*,#375,.F.);
#11370 = ORIENTED_EDGE('',*,*,#11015,.T.);
#11371 = ORIENTED_EDGE('',*,*,#11324,.T.);
#11372 = CYLINDRICAL_SURFACE('',#11373,0.2);
#11373 = AXIS2_PLACEMENT_3D('',#11374,#11375,#11376);
#11374 = CARTESIAN_POINT('',(1.9,0.35,-0.2));
#11375 = DIRECTION('',(1.,0.,0.));
#11376 = DIRECTION('',(0.,0.,-1.));
#11377 = ADVANCED_FACE('',(#11378),#11468,.F.);
#11378 = FACE_BOUND('',#11379,.F.);
#11379 = EDGE_LOOP('',(#11380,#11395,#11406,#11407,#11408,#11409,#11410,
    #11411,#11435,#11443,#11461));
#11380 = ORIENTED_EDGE('',*,*,#11381,.T.);
#11381 = EDGE_CURVE('',#11382,#11384,#11386,.T.);
#11382 = VERTEX_POINT('',#11383);
#11383 = CARTESIAN_POINT('',(4.882203832632,-4.362015591723,
    -0.997799929531));
#11384 = VERTEX_POINT('',#11385);
#11385 = CARTESIAN_POINT('',(4.9975,-2.25,-0.531646383449));
#11386 = B_SPLINE_CURVE_WITH_KNOTS('',3,(#11387,#11388,#11389,#11390,
    #11391,#11392,#11393,#11394),.UNSPECIFIED.,.F.,.F.,(4,1,1,1,1,4),(0.
    ,0.2,0.4,0.6,0.8,1.),.QUASI_UNIFORM_KNOTS.);
#11387 = CARTESIAN_POINT('',(4.882203832632,-4.362015591723,
    -0.997799929531));
#11388 = CARTESIAN_POINT('',(4.897233164827,-4.2247708387,
    -0.969276049565));
#11389 = CARTESIAN_POINT('',(4.924517543246,-3.948556200993,
    -0.910807731853));
#11390 = CARTESIAN_POINT('',(4.956852252523,-3.528784211697,
    -0.819367867265));
#11391 = CARTESIAN_POINT('',(4.980235862796,-3.104558423632,
    -0.725003916586));
#11392 = CARTESIAN_POINT('',(4.99436384333,-2.677330100302,
    -0.628662487125));
#11393 = CARTESIAN_POINT('',(4.9975,-2.392542769065,-0.564007562727));
#11394 = CARTESIAN_POINT('',(4.9975,-2.25,-0.531646383449));
#11395 = ORIENTED_EDGE('',*,*,#11396,.T.);
#11396 = EDGE_CURVE('',#11384,#11264,#11397,.T.);
#11397 = B_SPLINE_CURVE_WITH_KNOTS('',3,(#11398,#11399,#11400,#11401,
    #11402,#11403,#11404,#11405),.UNSPECIFIED.,.F.,.F.,(4,1,1,1,1,4),(0.
    ,0.2,0.4,0.6,0.8,1.),.QUASI_UNIFORM_KNOTS.);
#11398 = CARTESIAN_POINT('',(4.9975,-2.25,-0.531646383449));
#11399 = CARTESIAN_POINT('',(4.9975,-2.107456912869,-0.564007634936));
#11400 = CARTESIAN_POINT('',(4.994363830191,-1.822669144291,
    -0.62866265858));
#11401 = CARTESIAN_POINT('',(4.980235819766,-1.39544065692,
    -0.725004122401));
#11402 = CARTESIAN_POINT('',(4.956852230187,-0.971215510151,
    -0.819367927779));
#11403 = CARTESIAN_POINT('',(4.924517538156,-0.551443748817,
    -0.910807742385));
#11404 = CARTESIAN_POINT('',(4.897233165797,-0.275229170155,
    -0.969276047725));
#11405 = CARTESIAN_POINT('',(4.882203832632,-0.137984408277,
    -0.997799929531));
#11406 = ORIENTED_EDGE('',*,*,#11263,.T.);
#11407 = ORIENTED_EDGE('',*,*,#11300,.T.);
#11408 = ORIENTED_EDGE('',*,*,#11332,.T.);
#11409 = ORIENTED_EDGE('',*,*,#11348,.T.);
#11410 = ORIENTED_EDGE('',*,*,#366,.F.);
#11411 = ORIENTED_EDGE('',*,*,#11412,.T.);
#11412 = EDGE_CURVE('',#359,#11413,#11415,.T.);
#11413 = VERTEX_POINT('',#11414);
#11414 = CARTESIAN_POINT('',(4.848487823651,-4.65,-0.2));
#11415 = B_SPLINE_CURVE_WITH_KNOTS('',3,(#11416,#11417,#11418,#11419,
    #11420,#11421,#11422,#11423,#11424,#11425,#11426,#11427,#11428,
    #11429,#11430,#11431,#11432,#11433,#11434),.UNSPECIFIED.,.F.,.F.,(4,
    1,1,1,1,1,1,1,1,1,1,1,1,1,1,1,4),(0.,6.25E-02,0.125,0.1875,0.25,
    0.3125,0.375,0.4375,0.5,0.5625,0.625,0.6875,0.75,0.8125,0.875,0.9375
    ,1.),.QUASI_UNIFORM_KNOTS.);
#11416 = CARTESIAN_POINT('',(4.8225,-4.85,0.));
#11417 = CARTESIAN_POINT('',(4.823388510336,-4.843429539292,0.));
#11418 = CARTESIAN_POINT('',(4.82515175659,-4.830340005457,
    -6.427987299215E-04));
#11419 = CARTESIAN_POINT('',(4.827774197048,-4.810720444786,
    -3.560553097511E-03));
#11420 = CARTESIAN_POINT('',(4.830318867704,-4.791534152068,
    -8.399122297486E-03));
#11421 = CARTESIAN_POINT('',(4.832749630765,-4.773067825121,
    -1.504183857996E-02));
#11422 = CARTESIAN_POINT('',(4.835070680125,-4.755305752925,
    -2.347074463782E-02));
#11423 = CARTESIAN_POINT('',(4.837269344562,-4.738360786213,
    -3.366522492636E-02));
#11424 = CARTESIAN_POINT('',(4.839310205496,-4.722525599967,
    -4.547174655375E-02));
#11425 = CARTESIAN_POINT('',(4.841163351202,-4.708056857664,
    -5.865172254635E-02));
#11426 = CARTESIAN_POINT('',(4.842835177098,-4.69492917236,
    -7.318666804762E-02));
#11427 = CARTESIAN_POINT('',(4.844318834392,-4.683218479653,
    -8.903318461193E-02));
#11428 = CARTESIAN_POINT('',(4.845590877841,-4.673131986984,
    -0.105948104797));
#11429 = CARTESIAN_POINT('',(4.846635097541,-4.664819935896,
    -0.123613955944));
#11430 = CARTESIAN_POINT('',(4.847456527804,-4.658260840646,
    -0.14200164866));
#11431 = CARTESIAN_POINT('',(4.848051712425,-4.653496883926,
    -0.161066090273));
#11432 = CARTESIAN_POINT('',(4.848409323538,-4.650629855412,
    -0.180529481838));
#11433 = CARTESIAN_POINT('',(4.848487823651,-4.65,-0.193496053457));
#11434 = CARTESIAN_POINT('',(4.848487823651,-4.65,-0.2));
#11435 = ORIENTED_EDGE('',*,*,#11436,.F.);
#11436 = EDGE_CURVE('',#11437,#11413,#11439,.T.);
#11437 = VERTEX_POINT('',#11438);
#11438 = CARTESIAN_POINT('',(4.848487823651,-4.65,-0.694737));
#11439 = LINE('',#11440,#11441);
#11440 = CARTESIAN_POINT('',(4.848487823651,-4.65,-0.694737));
#11441 = VECTOR('',#11442,1.);
#11442 = DIRECTION('',(0.,0.,1.));
#11443 = ORIENTED_EDGE('',*,*,#11444,.T.);
#11444 = EDGE_CURVE('',#11437,#11445,#11447,.T.);
#11445 = VERTEX_POINT('',#11446);
#11446 = CARTESIAN_POINT('',(4.859105634411,-4.563232078721,
    -0.859596019615));
#11447 = B_SPLINE_CURVE_WITH_KNOTS('',3,(#11448,#11449,#11450,#11451,
    #11452,#11453,#11454,#11455,#11456,#11457,#11458,#11459,#11460),
  .UNSPECIFIED.,.F.,.F.,(4,1,1,1,1,1,1,1,1,1,4),(0.,0.1,0.2,0.3,0.4,0.5,
    0.6,0.7,0.8,0.9,1.),.QUASI_UNIFORM_KNOTS.);
#11448 = CARTESIAN_POINT('',(4.848487823651,-4.65,-0.694737));
#11449 = CARTESIAN_POINT('',(4.848487823651,-4.65,-0.701177155844));
#11450 = CARTESIAN_POINT('',(4.848564820206,-4.649382457217,
    -0.714008572384));
#11451 = CARTESIAN_POINT('',(4.848914162026,-4.646578389573,
    -0.733246565606));
#11452 = CARTESIAN_POINT('',(4.849492133948,-4.641931777208,
    -0.752062769176));
#11453 = CARTESIAN_POINT('',(4.850286364438,-4.635531555784,
    -0.770253279884));
#11454 = CARTESIAN_POINT('',(4.851299678445,-4.627340481213,
    -0.78788717593));
#11455 = CARTESIAN_POINT('',(4.852517074177,-4.617461391846,
    -0.804654177454));
#11456 = CARTESIAN_POINT('',(4.85391214838,-4.606088624255,
    -0.820279664475));
#11457 = CARTESIAN_POINT('',(4.855485621149,-4.593194398597,
    -0.834816541193));
#11458 = CARTESIAN_POINT('',(4.857223154257,-4.578870980193,
    -0.848094198287));
#11459 = CARTESIAN_POINT('',(4.858463375337,-4.56858047761,
    -0.855922515276));
#11460 = CARTESIAN_POINT('',(4.859105634411,-4.563232078721,
    -0.859596019615));
#11461 = ORIENTED_EDGE('',*,*,#11462,.T.);
#11462 = EDGE_CURVE('',#11445,#11382,#11463,.T.);
#11463 = B_SPLINE_CURVE_WITH_KNOTS('',3,(#11464,#11465,#11466,#11467),
  .UNSPECIFIED.,.F.,.F.,(4,4),(0.,1.),.PIECEWISE_BEZIER_KNOTS.);
#11464 = CARTESIAN_POINT('',(4.859105634411,-4.563232078721,
    -0.859596019615));
#11465 = CARTESIAN_POINT('',(4.867156658855,-4.496187342458,
    -0.905645152214));
#11466 = CARTESIAN_POINT('',(4.874855924424,-4.429115169686,
    -0.951713129356));
#11467 = CARTESIAN_POINT('',(4.882203832632,-4.362015591723,
    -0.997799929531));
#11468 = CYLINDRICAL_SURFACE('',#11469,19.40178571429);
#11469 = AXIS2_PLACEMENT_3D('',#11470,#11471,#11472);
#11470 = CARTESIAN_POINT('',(-14.40428571429,-2.25,0.));
#11471 = DIRECTION('',(0.,0.,1.));
#11472 = DIRECTION('',(1.,0.,-0.));
#11473 = ADVANCED_FACE('',(#11474),#11507,.F.);
#11474 = FACE_BOUND('',#11475,.F.);
#11475 = EDGE_LOOP('',(#11476,#11484,#11485,#11486,#11487,#11488,#11499)
  );
#11476 = ORIENTED_EDGE('',*,*,#11477,.T.);
#11477 = EDGE_CURVE('',#11478,#11206,#11480,.T.);
#11478 = VERTEX_POINT('',#11479);
#11479 = CARTESIAN_POINT('',(4.58082932,-3.85833534,-1.343882127816));
#11480 = LINE('',#11481,#11482);
#11481 = CARTESIAN_POINT('',(4.58082932,-3.85833534,-1.343882127816));
#11482 = VECTOR('',#11483,1.);
#11483 = DIRECTION('',(1.463421684314E-14,1.,1.104469195709E-14));
#11484 = ORIENTED_EDGE('',*,*,#11227,.F.);
#11485 = ORIENTED_EDGE('',*,*,#11272,.T.);
#11486 = ORIENTED_EDGE('',*,*,#11396,.F.);
#11487 = ORIENTED_EDGE('',*,*,#11381,.F.);
#11488 = ORIENTED_EDGE('',*,*,#11489,.F.);
#11489 = EDGE_CURVE('',#11490,#11382,#11492,.T.);
#11490 = VERTEX_POINT('',#11491);
#11491 = CARTESIAN_POINT('',(4.589134833918,-3.866919803197,
    -1.337852450962));
#11492 = B_SPLINE_CURVE_WITH_KNOTS('',3,(#11493,#11494,#11495,#11496,
    #11497,#11498),.UNSPECIFIED.,.F.,.F.,(4,1,1,4),(0.,0.25,0.5,1.),
  .UNSPECIFIED.);
#11493 = CARTESIAN_POINT('',(4.589134833918,-3.866919803197,
    -1.337852450962));
#11494 = CARTESIAN_POINT('',(4.6237289809,-3.90388163895,-1.31246551426)
  );
#11495 = CARTESIAN_POINT('',(4.686317011324,-3.980593007214,
    -1.259776933979));
#11496 = CARTESIAN_POINT('',(4.790826497223,-4.142744507926,
    -1.148404492628));
#11497 = CARTESIAN_POINT('',(4.849824556364,-4.272545210803,
    -1.059251934033));
#11498 = CARTESIAN_POINT('',(4.882203832632,-4.362015591723,
    -0.997799929531));
#11499 = ORIENTED_EDGE('',*,*,#11500,.F.);
#11500 = EDGE_CURVE('',#11478,#11490,#11501,.T.);
#11501 = B_SPLINE_CURVE_WITH_KNOTS('',3,(#11502,#11503,#11504,#11505,
    #11506),.UNSPECIFIED.,.F.,.F.,(4,1,4),(0.,0.5,1.),
  .QUASI_UNIFORM_KNOTS.);
#11502 = CARTESIAN_POINT('',(4.58082932,-3.85833534,-1.343882127816));
#11503 = CARTESIAN_POINT('',(4.58224637661,-3.85975239661,
    -1.342864429845));
#11504 = CARTESIAN_POINT('',(4.585047439149,-3.862600420635,
    -1.340841529299));
#11505 = CARTESIAN_POINT('',(4.587783136981,-3.865475593568,
    -1.338844394616));
#11506 = CARTESIAN_POINT('',(4.589134833918,-3.866919803197,
    -1.337852450962));
#11507 = CYLINDRICAL_SURFACE('',#11508,1.);
#11508 = AXIS2_PLACEMENT_3D('',#11509,#11510,#11511);
#11509 = CARTESIAN_POINT('',(3.9975,-6.3,-0.531646383449));
#11510 = DIRECTION('',(0.,-1.,0.));
#11511 = DIRECTION('',(1.,0.,0.));
#11512 = ADVANCED_FACE('',(#11513),#11545,.T.);
#11513 = FACE_BOUND('',#11514,.T.);
#11514 = EDGE_LOOP('',(#11515,#11516,#11524,#11544));
#11515 = ORIENTED_EDGE('',*,*,#11205,.T.);
#11516 = ORIENTED_EDGE('',*,*,#11517,.T.);
#11517 = EDGE_CURVE('',#11198,#11518,#11520,.T.);
#11518 = VERTEX_POINT('',#11519);
#11519 = CARTESIAN_POINT('',(4.37249398,-3.65,-1.75));
#11520 = LINE('',#11521,#11522);
#11521 = CARTESIAN_POINT('',(4.37249398,-0.85,-1.75));
#11522 = VECTOR('',#11523,1.);
#11523 = DIRECTION('',(0.,-1.,0.));
#11524 = ORIENTED_EDGE('',*,*,#11525,.T.);
#11525 = EDGE_CURVE('',#11518,#11478,#11526,.T.);
#11526 = B_SPLINE_CURVE_WITH_KNOTS('',3,(#11527,#11528,#11529,#11530,
    #11531,#11532,#11533,#11534,#11535,#11536,#11537,#11538,#11539,
    #11540,#11541,#11542,#11543),.UNSPECIFIED.,.F.,.F.,(4,1,1,1,1,1,1,1,
    1,1,1,1,1,1,4),(0.,7.142857142857E-02,0.142857142857,0.214285714286,
    0.285714285714,0.357142857143,0.428571428571,0.5,0.571428571429,
    0.642857142857,0.714285714286,0.785714285714,0.857142857143,
    0.928571428571,1.),.UNSPECIFIED.);
#11527 = CARTESIAN_POINT('',(4.37249398,-3.65,-1.75));
#11528 = CARTESIAN_POINT('',(4.37249398,-3.65,-1.740017246061));
#11529 = CARTESIAN_POINT('',(4.373091676542,-3.650597696542,
    -1.719993365025));
#11530 = CARTESIAN_POINT('',(4.37581409748,-3.65332011748,
    -1.689877832105));
#11531 = CARTESIAN_POINT('',(4.380373756496,-3.657879776496,
    -1.659837227937));
#11532 = CARTESIAN_POINT('',(4.386855505017,-3.664361525017,
    -1.629678276282));
#11533 = CARTESIAN_POINT('',(4.395319597208,-3.672825617208,
    -1.599550590343));
#11534 = CARTESIAN_POINT('',(4.405830497397,-3.683336517397,
    -1.569522040532));
#11535 = CARTESIAN_POINT('',(4.418623148682,-3.696129168682,
    -1.539365635004));
#11536 = CARTESIAN_POINT('',(4.433709690118,-3.711215710118,
    -1.509475170284));
#11537 = CARTESIAN_POINT('',(4.451295511874,-3.728801531874,
    -1.479815119563));
#11538 = CARTESIAN_POINT('',(4.471515619406,-3.749021639406,
    -1.450581050422));
#11539 = CARTESIAN_POINT('',(4.494570592761,-3.772076612761,
    -1.421914867258));
#11540 = CARTESIAN_POINT('',(4.52050719599,-3.79801321599,
    -1.394192200456));
#11541 = CARTESIAN_POINT('',(4.549215418053,-3.826721438053,
    -1.367894165407));
#11542 = CARTESIAN_POINT('',(4.570011801002,-3.847517821002,
    -1.351651025017));
#11543 = CARTESIAN_POINT('',(4.58082932,-3.85833534,-1.343882127816));
#11544 = ORIENTED_EDGE('',*,*,#11477,.T.);
#11545 = CYLINDRICAL_SURFACE('',#11546,0.5);
#11546 = AXIS2_PLACEMENT_3D('',#11547,#11548,#11549);
#11547 = CARTESIAN_POINT('',(4.87249398,-6.3,-1.75));
#11548 = DIRECTION('',(0.,-1.,0.));
#11549 = DIRECTION('',(1.,0.,0.));
#11550 = ADVANCED_FACE('',(#11551),#11569,.T.);
#11551 = FACE_BOUND('',#11552,.T.);
#11552 = EDGE_LOOP('',(#11553,#11554,#11560,#11561,#11562,#11568));
#11553 = ORIENTED_EDGE('',*,*,#11090,.F.);
#11554 = ORIENTED_EDGE('',*,*,#11555,.T.);
#11555 = EDGE_CURVE('',#11091,#11490,#11556,.T.);
#11556 = LINE('',#11557,#11558);
#11557 = CARTESIAN_POINT('',(2.410865166082,-3.866919803197,
    -1.337852450962));
#11558 = VECTOR('',#11559,1.);
#11559 = DIRECTION('',(1.,0.,0.));
#11560 = ORIENTED_EDGE('',*,*,#11500,.F.);
#11561 = ORIENTED_EDGE('',*,*,#11525,.F.);
#11562 = ORIENTED_EDGE('',*,*,#11563,.F.);
#11563 = EDGE_CURVE('',#11139,#11518,#11564,.T.);
#11564 = LINE('',#11565,#11566);
#11565 = CARTESIAN_POINT('',(2.62750602,-3.65,-1.75));
#11566 = VECTOR('',#11567,1.);
#11567 = DIRECTION('',(1.,0.,0.));
#11568 = ORIENTED_EDGE('',*,*,#11138,.F.);
#11569 = CYLINDRICAL_SURFACE('',#11570,0.5);
#11570 = AXIS2_PLACEMENT_3D('',#11571,#11572,#11573);
#11571 = CARTESIAN_POINT('',(1.9,-4.15,-1.75));
#11572 = DIRECTION('',(1.,0.,0.));
#11573 = DIRECTION('',(0.,0.,-1.));
#11574 = ADVANCED_FACE('',(#11575),#11581,.T.);
#11575 = FACE_BOUND('',#11576,.F.);
#11576 = EDGE_LOOP('',(#11577,#11578,#11579,#11580));
#11577 = ORIENTED_EDGE('',*,*,#11160,.F.);
#11578 = ORIENTED_EDGE('',*,*,#11197,.T.);
#11579 = ORIENTED_EDGE('',*,*,#11517,.T.);
#11580 = ORIENTED_EDGE('',*,*,#11563,.F.);
#11581 = PLANE('',#11582);
#11582 = AXIS2_PLACEMENT_3D('',#11583,#11584,#11585);
#11583 = CARTESIAN_POINT('',(5.25,0.,-1.75));
#11584 = DIRECTION('',(0.,0.,1.));
#11585 = DIRECTION('',(1.,0.,-0.));
#11586 = ADVANCED_FACE('',(#11587),#11600,.T.);
#11587 = FACE_BOUND('',#11588,.F.);
#11588 = EDGE_LOOP('',(#11589,#11590,#11591,#11592,#11593,#11599));
#11589 = ORIENTED_EDGE('',*,*,#11100,.T.);
#11590 = ORIENTED_EDGE('',*,*,#11555,.T.);
#11591 = ORIENTED_EDGE('',*,*,#11489,.T.);
#11592 = ORIENTED_EDGE('',*,*,#11462,.F.);
#11593 = ORIENTED_EDGE('',*,*,#11594,.F.);
#11594 = EDGE_CURVE('',#10958,#11445,#11595,.T.);
#11595 = LINE('',#11596,#11597);
#11596 = CARTESIAN_POINT('',(2.140894365589,-4.563232078721,
    -0.859596019615));
#11597 = VECTOR('',#11598,1.);
#11598 = DIRECTION('',(1.,0.,0.));
#11599 = ORIENTED_EDGE('',*,*,#10957,.F.);
#11600 = PLANE('',#11601);
#11601 = AXIS2_PLACEMENT_3D('',#11602,#11603,#11604);
#11602 = CARTESIAN_POINT('',(1.9,-3.866919803197,-1.337852450962));
#11603 = DIRECTION('',(0.,0.566160393605,0.824295098076));
#11604 = DIRECTION('',(0.,-0.824295098076,0.566160393605));
#11605 = ADVANCED_FACE('',(#11606),#11617,.F.);
#11606 = FACE_BOUND('',#11607,.F.);
#11607 = EDGE_LOOP('',(#11608,#11614,#11615,#11616));
#11608 = ORIENTED_EDGE('',*,*,#11609,.F.);
#11609 = EDGE_CURVE('',#10967,#11437,#11610,.T.);
#11610 = LINE('',#11611,#11612);
#11611 = CARTESIAN_POINT('',(2.151512176349,-4.65,-0.694737));
#11612 = VECTOR('',#11613,1.);
#11613 = DIRECTION('',(1.,0.,0.));
#11614 = ORIENTED_EDGE('',*,*,#10966,.F.);
#11615 = ORIENTED_EDGE('',*,*,#11594,.T.);
#11616 = ORIENTED_EDGE('',*,*,#11444,.F.);
#11617 = CYLINDRICAL_SURFACE('',#11618,0.2);
#11618 = AXIS2_PLACEMENT_3D('',#11619,#11620,#11621);
#11619 = CARTESIAN_POINT('',(1.9,-4.45,-0.694737));
#11620 = DIRECTION('',(1.,0.,0.));
#11621 = DIRECTION('',(0.,0.,-1.));
#11622 = ADVANCED_FACE('',(#11623),#11634,.T.);
#11623 = FACE_BOUND('',#11624,.F.);
#11624 = EDGE_LOOP('',(#11625,#11626,#11627,#11633));
#11625 = ORIENTED_EDGE('',*,*,#11609,.T.);
#11626 = ORIENTED_EDGE('',*,*,#11436,.T.);
#11627 = ORIENTED_EDGE('',*,*,#11628,.F.);
#11628 = EDGE_CURVE('',#10985,#11413,#11629,.T.);
#11629 = LINE('',#11630,#11631);
#11630 = CARTESIAN_POINT('',(2.151512176349,-4.65,-0.2));
#11631 = VECTOR('',#11632,1.);
#11632 = DIRECTION('',(1.,0.,0.));
#11633 = ORIENTED_EDGE('',*,*,#10984,.F.);
#11634 = PLANE('',#11635);
#11635 = AXIS2_PLACEMENT_3D('',#11636,#11637,#11638);
#11636 = CARTESIAN_POINT('',(1.9,-4.65,-0.694737));
#11637 = DIRECTION('',(0.,1.,0.));
#11638 = DIRECTION('',(0.,-0.,1.));
#11639 = ADVANCED_FACE('',(#11640),#11646,.T.);
#11640 = FACE_BOUND('',#11641,.T.);
#11641 = EDGE_LOOP('',(#11642,#11643,#11644,#11645));
#11642 = ORIENTED_EDGE('',*,*,#10992,.T.);
#11643 = ORIENTED_EDGE('',*,*,#358,.T.);
#11644 = ORIENTED_EDGE('',*,*,#11412,.T.);
#11645 = ORIENTED_EDGE('',*,*,#11628,.F.);
#11646 = CYLINDRICAL_SURFACE('',#11647,0.2);
#11647 = AXIS2_PLACEMENT_3D('',#11648,#11649,#11650);
#11648 = CARTESIAN_POINT('',(1.9,-4.85,-0.2));
#11649 = DIRECTION('',(1.,0.,0.));
#11650 = DIRECTION('',(0.,0.,-1.));
#11651 = ADVANCED_FACE('',(#11652),#11797,.F.);
#11652 = FACE_BOUND('',#11653,.F.);
#11653 = EDGE_LOOP('',(#11654,#11669,#11682,#11691,#11709,#11717,#11739,
    #11740,#11764,#11772,#11790));
#11654 = ORIENTED_EDGE('',*,*,#11655,.T.);
#11655 = EDGE_CURVE('',#11656,#11658,#11660,.T.);
#11656 = VERTEX_POINT('',#11657);
#11657 = CARTESIAN_POINT('',(-1.382203832632,-0.137984408277,
    -0.997799929531));
#11658 = VERTEX_POINT('',#11659);
#11659 = CARTESIAN_POINT('',(-1.4975,-2.25,-0.531646383449));
#11660 = B_SPLINE_CURVE_WITH_KNOTS('',3,(#11661,#11662,#11663,#11664,
    #11665,#11666,#11667,#11668),.UNSPECIFIED.,.F.,.F.,(4,1,1,1,1,4),(0.
    ,0.2,0.4,0.6,0.8,1.),.QUASI_UNIFORM_KNOTS.);
#11661 = CARTESIAN_POINT('',(-1.382203832632,-0.137984408277,
    -0.997799929531));
#11662 = CARTESIAN_POINT('',(-1.397233085003,-0.275228432362,
    -0.969276201062));
#11663 = CARTESIAN_POINT('',(-1.424517413159,-0.55144221434,
    -0.910808075263));
#11664 = CARTESIAN_POINT('',(-1.456852350439,-0.971216996085,
    -0.819367604726));
#11665 = CARTESIAN_POINT('',(-1.480235900508,-1.395442863545,
    -0.725003625264));
#11666 = CARTESIAN_POINT('',(-1.49436379023,-1.822667983887,
    -0.628662920347));
#11667 = CARTESIAN_POINT('',(-1.4975,-2.107456360393,-0.564007760364));
#11668 = CARTESIAN_POINT('',(-1.4975,-2.25,-0.531646383449));
#11669 = ORIENTED_EDGE('',*,*,#11670,.T.);
#11670 = EDGE_CURVE('',#11658,#11671,#11673,.T.);
#11671 = VERTEX_POINT('',#11672);
#11672 = CARTESIAN_POINT('',(-1.382203832632,-4.362015591723,
    -0.997799929531));
#11673 = B_SPLINE_CURVE_WITH_KNOTS('',3,(#11674,#11675,#11676,#11677,
    #11678,#11679,#11680,#11681),.UNSPECIFIED.,.F.,.F.,(4,1,1,1,1,4),(0.
    ,0.2,0.4,0.6,0.8,1.),.QUASI_UNIFORM_KNOTS.);
#11674 = CARTESIAN_POINT('',(-1.4975,-2.25,-0.531646383449));
#11675 = CARTESIAN_POINT('',(-1.4975,-2.392543956504,-0.564007832309));
#11676 = CARTESIAN_POINT('',(-1.494363777142,-2.677332769213,
    -0.628663091279));
#11677 = CARTESIAN_POINT('',(-1.480235857522,-3.104558055803,
    -0.725003831062));
#11678 = CARTESIAN_POINT('',(-1.456852327778,-3.528783287123,
    -0.819367666355));
#11679 = CARTESIAN_POINT('',(-1.424517407879,-3.948557837719,
    -0.910808086191));
#11680 = CARTESIAN_POINT('',(-1.397233085883,-4.224771559596,
    -0.969276199391));
#11681 = CARTESIAN_POINT('',(-1.382203832632,-4.362015591723,
    -0.997799929531));
#11682 = ORIENTED_EDGE('',*,*,#11683,.T.);
#11683 = EDGE_CURVE('',#11671,#11684,#11686,.T.);
#11684 = VERTEX_POINT('',#11685);
#11685 = CARTESIAN_POINT('',(-1.359105634411,-4.563232078721,
    -0.859596019615));
#11686 = B_SPLINE_CURVE_WITH_KNOTS('',3,(#11687,#11688,#11689,#11690),
  .UNSPECIFIED.,.F.,.F.,(4,4),(0.,1.),.PIECEWISE_BEZIER_KNOTS.);
#11687 = CARTESIAN_POINT('',(-1.382203832632,-4.362015591723,
    -0.997799929531));
#11688 = CARTESIAN_POINT('',(-1.374855924424,-4.429115169686,
    -0.951713129356));
#11689 = CARTESIAN_POINT('',(-1.367156658855,-4.496187342458,
    -0.905645152214));
#11690 = CARTESIAN_POINT('',(-1.359105634411,-4.563232078721,
    -0.859596019615));
#11691 = ORIENTED_EDGE('',*,*,#11692,.T.);
#11692 = EDGE_CURVE('',#11684,#11693,#11695,.T.);
#11693 = VERTEX_POINT('',#11694);
#11694 = CARTESIAN_POINT('',(-1.348487823651,-4.65,-0.694737));
#11695 = B_SPLINE_CURVE_WITH_KNOTS('',3,(#11696,#11697,#11698,#11699,
    #11700,#11701,#11702,#11703,#11704,#11705,#11706,#11707,#11708),
  .UNSPECIFIED.,.F.,.F.,(4,1,1,1,1,1,1,1,1,1,4),(0.,0.1,0.2,0.3,0.4,0.5,
    0.6,0.7,0.8,0.9,1.),.QUASI_UNIFORM_KNOTS.);
#11696 = CARTESIAN_POINT('',(-1.359105634411,-4.563232078721,
    -0.859596019615));
#11697 = CARTESIAN_POINT('',(-1.358463375337,-4.56858047761,
    -0.855922515276));
#11698 = CARTESIAN_POINT('',(-1.357223154257,-4.578870980193,
    -0.848094198287));
#11699 = CARTESIAN_POINT('',(-1.355485621149,-4.593194398597,
    -0.834816541193));
#11700 = CARTESIAN_POINT('',(-1.35391214838,-4.606088624255,
    -0.820279664475));
#11701 = CARTESIAN_POINT('',(-1.352517074177,-4.617461391846,
    -0.804654177454));
#11702 = CARTESIAN_POINT('',(-1.351299678445,-4.627340481213,
    -0.78788717593));
#11703 = CARTESIAN_POINT('',(-1.350286364438,-4.635531555784,
    -0.770253279884));
#11704 = CARTESIAN_POINT('',(-1.349492133948,-4.641931777208,
    -0.752062769176));
#11705 = CARTESIAN_POINT('',(-1.348914162026,-4.646578389572,
    -0.733246565606));
#11706 = CARTESIAN_POINT('',(-1.348564820206,-4.649382457217,
    -0.714008572384));
#11707 = CARTESIAN_POINT('',(-1.348487823651,-4.65,-0.701177155844));
#11708 = CARTESIAN_POINT('',(-1.348487823651,-4.65,-0.694737));
#11709 = ORIENTED_EDGE('',*,*,#11710,.T.);
#11710 = EDGE_CURVE('',#11693,#11711,#11713,.T.);
#11711 = VERTEX_POINT('',#11712);
#11712 = CARTESIAN_POINT('',(-1.348487823651,-4.65,-0.2));
#11713 = LINE('',#11714,#11715);
#11714 = CARTESIAN_POINT('',(-1.348487823651,-4.65,-0.694737));
#11715 = VECTOR('',#11716,1.);
#11716 = DIRECTION('',(0.,0.,1.));
#11717 = ORIENTED_EDGE('',*,*,#11718,.T.);
#11718 = EDGE_CURVE('',#11711,#386,#11719,.T.);
#11719 = B_SPLINE_CURVE_WITH_KNOTS('',3,(#11720,#11721,#11722,#11723,
    #11724,#11725,#11726,#11727,#11728,#11729,#11730,#11731,#11732,
    #11733,#11734,#11735,#11736,#11737,#11738),.UNSPECIFIED.,.F.,.F.,(4,
    1,1,1,1,1,1,1,1,1,1,1,1,1,1,1,4),(0.,6.25E-02,0.125,0.1875,0.25,
    0.3125,0.375,0.4375,0.5,0.5625,0.625,0.6875,0.75,0.8125,0.875,0.9375
    ,1.),.QUASI_UNIFORM_KNOTS.);
#11720 = CARTESIAN_POINT('',(-1.348487823651,-4.65,-0.2));
#11721 = CARTESIAN_POINT('',(-1.348487823651,-4.65,-0.193495963316));
#11722 = CARTESIAN_POINT('',(-1.348409321924,-4.650629868391,
    -0.180529237466));
#11723 = CARTESIAN_POINT('',(-1.348051699904,-4.653496984193,
    -0.16106559151));
#11724 = CARTESIAN_POINT('',(-1.347456512417,-4.658260963894,
    -0.142001176061));
#11725 = CARTESIAN_POINT('',(-1.346635034681,-4.664820437091,
    -0.123612725532));
#11726 = CARTESIAN_POINT('',(-1.345590823301,-4.673132420566,
    -0.105947289092));
#11727 = CARTESIAN_POINT('',(-1.344318739281,-4.683219231837,
    -8.903206130824E-02));
#11728 = CARTESIAN_POINT('',(-1.342835093594,-4.694929831217,
    -7.31858131163E-02));
#11729 = CARTESIAN_POINT('',(-1.341163115153,-4.708058705985,
    -5.86498616879E-02));
#11730 = CARTESIAN_POINT('',(-1.3393100645,-4.722526697318,
    -4.547085680955E-02));
#11731 = CARTESIAN_POINT('',(-1.337269108774,-4.738362609487,
    -3.366399712405E-02));
#11732 = CARTESIAN_POINT('',(-1.335070469838,-4.755307371082,
    -2.346982844902E-02));
#11733 = CARTESIAN_POINT('',(-1.332749148066,-4.773071505684,
    -1.504030530856E-02));
#11734 = CARTESIAN_POINT('',(-1.330318612535,-4.791536080922,
    -8.398572126275E-03));
#11735 = CARTESIAN_POINT('',(-1.327773881766,-4.810722811917,
    -3.560089446307E-03));
#11736 = CARTESIAN_POINT('',(-1.325151662155,-4.830340704991,
    -6.427852067923E-04));
#11737 = CARTESIAN_POINT('',(-1.323388478036,-4.843429778146,0.));
#11738 = CARTESIAN_POINT('',(-1.3225,-4.85,0.));
#11739 = ORIENTED_EDGE('',*,*,#383,.F.);
#11740 = ORIENTED_EDGE('',*,*,#11741,.T.);
#11741 = EDGE_CURVE('',#384,#11742,#11744,.T.);
#11742 = VERTEX_POINT('',#11743);
#11743 = CARTESIAN_POINT('',(-1.348487823651,0.15,-0.2));
#11744 = B_SPLINE_CURVE_WITH_KNOTS('',3,(#11745,#11746,#11747,#11748,
    #11749,#11750,#11751,#11752,#11753,#11754,#11755,#11756,#11757,
    #11758,#11759,#11760,#11761,#11762,#11763),.UNSPECIFIED.,.F.,.F.,(4,
    1,1,1,1,1,1,1,1,1,1,1,1,1,1,1,4),(0.,6.25E-02,0.125,0.1875,0.25,
    0.3125,0.375,0.4375,0.5,0.5625,0.625,0.6875,0.75,0.8125,0.875,0.9375
    ,1.),.QUASI_UNIFORM_KNOTS.);
#11745 = CARTESIAN_POINT('',(-1.3225,0.35,0.));
#11746 = CARTESIAN_POINT('',(-1.323388429225,0.343430139105,0.));
#11747 = CARTESIAN_POINT('',(-1.325151679801,0.330340581978,
    -6.426855444841E-04));
#11748 = CARTESIAN_POINT('',(-1.327774533061,0.310717932757,
    -3.560909195484E-03));
#11749 = CARTESIAN_POINT('',(-1.330320260507,0.291523646021,
    -8.401805112969E-03));
#11750 = CARTESIAN_POINT('',(-1.332752399209,0.273046705944,
    -1.505077792683E-02));
#11751 = CARTESIAN_POINT('',(-1.335071262438,0.255301249293,
    -2.347369388171E-02));
#11752 = CARTESIAN_POINT('',(-1.337269657344,0.238358372698,
    -3.366678162271E-02));
#11753 = CARTESIAN_POINT('',(-1.33931083651,0.222520702369,
    -4.547535963023E-02));
#11754 = CARTESIAN_POINT('',(-1.341164840371,0.2080451955,
    -5.866347810813E-02));
#11755 = CARTESIAN_POINT('',(-1.342835439504,0.194927090401,
    -7.318989128407E-02));
#11756 = CARTESIAN_POINT('',(-1.344318703284,0.183219517597,
    -8.903171644838E-02));
#11757 = CARTESIAN_POINT('',(-1.345590926334,0.17313160618,
    -0.105948215705));
#11758 = CARTESIAN_POINT('',(-1.346635583586,0.164816061052,
    -0.123623177106));
#11759 = CARTESIAN_POINT('',(-1.347456520721,0.158260893663,
    -0.142003024135));
#11760 = CARTESIAN_POINT('',(-1.348051492364,0.153498647135,
    -0.161057649546));
#11761 = CARTESIAN_POINT('',(-1.348409282222,0.150630187117,
    -0.180524330629));
#11762 = CARTESIAN_POINT('',(-1.348487823651,0.15,-0.193493775461));
#11763 = CARTESIAN_POINT('',(-1.348487823651,0.15,-0.2));
#11764 = ORIENTED_EDGE('',*,*,#11765,.F.);
#11765 = EDGE_CURVE('',#11766,#11742,#11768,.T.);
#11766 = VERTEX_POINT('',#11767);
#11767 = CARTESIAN_POINT('',(-1.348487823651,0.15,-0.694737));
#11768 = LINE('',#11769,#11770);
#11769 = CARTESIAN_POINT('',(-1.348487823651,0.15,-0.694737));
#11770 = VECTOR('',#11771,1.);
#11771 = DIRECTION('',(0.,0.,1.));
#11772 = ORIENTED_EDGE('',*,*,#11773,.T.);
#11773 = EDGE_CURVE('',#11766,#11774,#11776,.T.);
#11774 = VERTEX_POINT('',#11775);
#11775 = CARTESIAN_POINT('',(-1.359105634411,6.323207872101E-02,
    -0.859596019615));
#11776 = B_SPLINE_CURVE_WITH_KNOTS('',3,(#11777,#11778,#11779,#11780,
    #11781,#11782,#11783,#11784,#11785,#11786,#11787,#11788,#11789),
  .UNSPECIFIED.,.F.,.F.,(4,1,1,1,1,1,1,1,1,1,4),(0.,0.1,0.2,0.3,0.4,0.5,
    0.6,0.7,0.8,0.9,1.),.QUASI_UNIFORM_KNOTS.);
#11777 = CARTESIAN_POINT('',(-1.348487823651,0.15,-0.694737));
#11778 = CARTESIAN_POINT('',(-1.348487823651,0.15,-0.70117902095));
#11779 = CARTESIAN_POINT('',(-1.348564856038,0.14938217014,
    -0.714012530412));
#11780 = CARTESIAN_POINT('',(-1.348914286404,0.146577389736,
    -0.733250621576));
#11781 = CARTESIAN_POINT('',(-1.349491982879,0.141932992184,
    -0.752058269546));
#11782 = CARTESIAN_POINT('',(-1.350286299151,0.135532084694,
    -0.770252523041));
#11783 = CARTESIAN_POINT('',(-1.351299819488,0.127339339651,
    -0.787889326793));
#11784 = CARTESIAN_POINT('',(-1.35251699317,0.117462044138,
    -0.80465277507));
#11785 = CARTESIAN_POINT('',(-1.353911685351,0.106092411837,
    -0.82027511472));
#11786 = CARTESIAN_POINT('',(-1.355485803202,9.31929104169E-02,
    -0.834818348136));
#11787 = CARTESIAN_POINT('',(-1.357223406586,7.886889122245E-02,
    -0.84809586823));
#11788 = CARTESIAN_POINT('',(-1.358463508469,6.857936895562E-02,
    -0.855923276746));
#11789 = CARTESIAN_POINT('',(-1.359105634411,6.323207872101E-02,
    -0.859596019615));
#11790 = ORIENTED_EDGE('',*,*,#11791,.T.);
#11791 = EDGE_CURVE('',#11774,#11656,#11792,.T.);
#11792 = B_SPLINE_CURVE_WITH_KNOTS('',3,(#11793,#11794,#11795,#11796),
  .UNSPECIFIED.,.F.,.F.,(4,4),(0.,1.),.PIECEWISE_BEZIER_KNOTS.);
#11793 = CARTESIAN_POINT('',(-1.359105634411,6.323207872101E-02,
    -0.859596019615));
#11794 = CARTESIAN_POINT('',(-1.367156658855,-3.812657542079E-03,
    -0.905645152214));
#11795 = CARTESIAN_POINT('',(-1.374855924424,-7.088483031405E-02,
    -0.951713129356));
#11796 = CARTESIAN_POINT('',(-1.382203832632,-0.137984408277,
    -0.997799929531));
#11797 = CYLINDRICAL_SURFACE('',#11798,19.40178571429);
#11798 = AXIS2_PLACEMENT_3D('',#11799,#11800,#11801);
#11799 = CARTESIAN_POINT('',(17.90428571429,-2.25,0.));
#11800 = DIRECTION('',(0.,0.,1.));
#11801 = DIRECTION('',(1.,0.,-0.));
#11802 = ADVANCED_FACE('',(#11803),#11855,.F.);
#11803 = FACE_BOUND('',#11804,.F.);
#11804 = EDGE_LOOP('',(#11805,#11815,#11825,#11834,#11835,#11836,#11847)
  );
#11805 = ORIENTED_EDGE('',*,*,#11806,.F.);
#11806 = EDGE_CURVE('',#11807,#11809,#11811,.T.);
#11807 = VERTEX_POINT('',#11808);
#11808 = CARTESIAN_POINT('',(-1.08082932,-3.85833534,-1.343882127816));
#11809 = VERTEX_POINT('',#11810);
#11810 = CARTESIAN_POINT('',(-1.08082932,-0.64166466,-1.343882127816));
#11811 = LINE('',#11812,#11813);
#11812 = CARTESIAN_POINT('',(-1.08082932,-3.85833534,-1.343882127816));
#11813 = VECTOR('',#11814,1.);
#11814 = DIRECTION('',(0.,1.,0.));
#11815 = ORIENTED_EDGE('',*,*,#11816,.F.);
#11816 = EDGE_CURVE('',#11817,#11807,#11819,.T.);
#11817 = VERTEX_POINT('',#11818);
#11818 = CARTESIAN_POINT('',(-1.089134833918,-3.866919803197,
    -1.337852450962));
#11819 = B_SPLINE_CURVE_WITH_KNOTS('',3,(#11820,#11821,#11822,#11823,
    #11824),.UNSPECIFIED.,.F.,.F.,(4,1,4),(0.,0.5,1.),
  .QUASI_UNIFORM_KNOTS.);
#11820 = CARTESIAN_POINT('',(-1.089134833918,-3.866919803197,
    -1.337852450962));
#11821 = CARTESIAN_POINT('',(-1.08778319406,-3.865475654554,
    -1.338844352729));
#11822 = CARTESIAN_POINT('',(-1.085047555168,-3.862600540559,
    -1.340841445053));
#11823 = CARTESIAN_POINT('',(-1.082246435524,-3.859752455524,
    -1.342864387535));
#11824 = CARTESIAN_POINT('',(-1.08082932,-3.85833534,-1.343882127816));
#11825 = ORIENTED_EDGE('',*,*,#11826,.F.);
#11826 = EDGE_CURVE('',#11671,#11817,#11827,.T.);
#11827 = B_SPLINE_CURVE_WITH_KNOTS('',3,(#11828,#11829,#11830,#11831,
    #11832,#11833),.UNSPECIFIED.,.F.,.F.,(4,1,1,4),(0.,0.5,0.75,1.),
  .UNSPECIFIED.);
#11828 = CARTESIAN_POINT('',(-1.382203832632,-4.362015591723,
    -0.997799929531));
#11829 = CARTESIAN_POINT('',(-1.349824556364,-4.272545210803,
    -1.059251934033));
#11830 = CARTESIAN_POINT('',(-1.290826497223,-4.142744507926,
    -1.148404492628));
#11831 = CARTESIAN_POINT('',(-1.186317011324,-3.980593007214,
    -1.259776933979));
#11832 = CARTESIAN_POINT('',(-1.1237289809,-3.90388163895,-1.31246551426
    ));
#11833 = CARTESIAN_POINT('',(-1.089134833918,-3.866919803197,
    -1.337852450962));
#11834 = ORIENTED_EDGE('',*,*,#11670,.F.);
#11835 = ORIENTED_EDGE('',*,*,#11655,.F.);
#11836 = ORIENTED_EDGE('',*,*,#11837,.T.);
#11837 = EDGE_CURVE('',#11656,#11838,#11840,.T.);
#11838 = VERTEX_POINT('',#11839);
#11839 = CARTESIAN_POINT('',(-1.089134833918,-0.633080196803,
    -1.337852450962));
#11840 = B_SPLINE_CURVE_WITH_KNOTS('',3,(#11841,#11842,#11843,#11844,
    #11845,#11846),.UNSPECIFIED.,.F.,.F.,(4,1,1,4),(0.,0.5,0.75,1.),
  .UNSPECIFIED.);
#11841 = CARTESIAN_POINT('',(-1.382203832632,-0.137984408277,
    -0.997799929531));
#11842 = CARTESIAN_POINT('',(-1.349824556364,-0.227454789197,
    -1.059251934033));
#11843 = CARTESIAN_POINT('',(-1.290826497223,-0.357255492074,
    -1.148404492628));
#11844 = CARTESIAN_POINT('',(-1.186317011324,-0.519406992786,
    -1.259776933979));
#11845 = CARTESIAN_POINT('',(-1.1237289809,-0.59611836105,-1.31246551426
    ));
#11846 = CARTESIAN_POINT('',(-1.089134833918,-0.633080196803,
    -1.337852450962));
#11847 = ORIENTED_EDGE('',*,*,#11848,.F.);
#11848 = EDGE_CURVE('',#11809,#11838,#11849,.T.);
#11849 = B_SPLINE_CURVE_WITH_KNOTS('',3,(#11850,#11851,#11852,#11853,
    #11854),.UNSPECIFIED.,.F.,.F.,(4,1,4),(0.,0.5,1.),
  .QUASI_UNIFORM_KNOTS.);
#11850 = CARTESIAN_POINT('',(-1.08082932,-0.64166466,-1.343882127816));
#11851 = CARTESIAN_POINT('',(-1.082246424815,-0.640247555185,
    -1.342864395226));
#11852 = CARTESIAN_POINT('',(-1.085047534079,-0.637399481239,
    -1.340841460366));
#11853 = CARTESIAN_POINT('',(-1.087783183684,-0.634524356531,
    -1.338844360343));
#11854 = CARTESIAN_POINT('',(-1.089134833918,-0.633080196803,
    -1.337852450962));
#11855 = CYLINDRICAL_SURFACE('',#11856,1.);
#11856 = AXIS2_PLACEMENT_3D('',#11857,#11858,#11859);
#11857 = CARTESIAN_POINT('',(-0.4975,-6.3,-0.531646383449));
#11858 = DIRECTION('',(0.,-1.,0.));
#11859 = DIRECTION('',(1.,0.,0.));
#11860 = ADVANCED_FACE('',(#11861),#11914,.T.);
#11861 = FACE_BOUND('',#11862,.T.);
#11862 = EDGE_LOOP('',(#11863,#11885,#11893,#11913));
#11863 = ORIENTED_EDGE('',*,*,#11864,.T.);
#11864 = EDGE_CURVE('',#11807,#11865,#11867,.T.);
#11865 = VERTEX_POINT('',#11866);
#11866 = CARTESIAN_POINT('',(-0.87249398,-3.65,-1.75));
#11867 = B_SPLINE_CURVE_WITH_KNOTS('',3,(#11868,#11869,#11870,#11871,
    #11872,#11873,#11874,#11875,#11876,#11877,#11878,#11879,#11880,
    #11881,#11882,#11883,#11884),.UNSPECIFIED.,.F.,.F.,(4,1,1,1,1,1,1,1,
    1,1,1,1,1,1,4),(0.,7.142857142857E-02,0.142857142857,0.214285714286,
    0.285714285714,0.357142857143,0.428571428571,0.5,0.571428571429,
    0.642857142857,0.714285714286,0.785714285714,0.857142857143,
    0.928571428571,1.),.UNSPECIFIED.);
#11868 = CARTESIAN_POINT('',(-1.08082932,-3.85833534,-1.343882127816));
#11869 = CARTESIAN_POINT('',(-1.070017829034,-3.847523849034,
    -1.351646695821));
#11870 = CARTESIAN_POINT('',(-1.049229171381,-3.826735191381,
    -1.367882653171));
#11871 = CARTESIAN_POINT('',(-1.020516022246,-3.798022042246,
    -1.394183170088));
#11872 = CARTESIAN_POINT('',(-0.994574172124,-3.772080192124,
    -1.42191046342));
#11873 = CARTESIAN_POINT('',(-0.971515460149,-3.749021480149,
    -1.45058124148));
#11874 = CARTESIAN_POINT('',(-0.9512978948,-3.7288039148,-1.479811633813
    ));
#11875 = CARTESIAN_POINT('',(-0.933713271119,-3.711219291119,
    -1.50946874467));
#11876 = CARTESIAN_POINT('',(-0.918626937698,-3.696132957698,
    -1.539357463056));
#11877 = CARTESIAN_POINT('',(-0.905833372148,-3.683339392148,
    -1.569514615696));
#11878 = CARTESIAN_POINT('',(-0.895321936016,-3.672827956016,
    -1.599542927413));
#11879 = CARTESIAN_POINT('',(-0.886855983308,-3.664362003308,
    -1.629676071893));
#11880 = CARTESIAN_POINT('',(-0.880374354315,-3.657880374315,
    -1.65983414661));
#11881 = CARTESIAN_POINT('',(-0.875814326453,-3.653320346453,
    -1.689875464531));
#11882 = CARTESIAN_POINT('',(-0.873091600739,-3.650597620739,
    -1.719994042883));
#11883 = CARTESIAN_POINT('',(-0.87249398,-3.65,-1.740017645532));
#11884 = CARTESIAN_POINT('',(-0.87249398,-3.65,-1.75));
#11885 = ORIENTED_EDGE('',*,*,#11886,.F.);
#11886 = EDGE_CURVE('',#11887,#11865,#11889,.T.);
#11887 = VERTEX_POINT('',#11888);
#11888 = CARTESIAN_POINT('',(-0.87249398,-0.85,-1.75));
#11889 = LINE('',#11890,#11891);
#11890 = CARTESIAN_POINT('',(-0.87249398,-0.85,-1.75));
#11891 = VECTOR('',#11892,1.);
#11892 = DIRECTION('',(0.,-1.,0.));
#11893 = ORIENTED_EDGE('',*,*,#11894,.T.);
#11894 = EDGE_CURVE('',#11887,#11809,#11895,.T.);
#11895 = B_SPLINE_CURVE_WITH_KNOTS('',3,(#11896,#11897,#11898,#11899,
    #11900,#11901,#11902,#11903,#11904,#11905,#11906,#11907,#11908,
    #11909,#11910,#11911,#11912),.UNSPECIFIED.,.F.,.F.,(4,1,1,1,1,1,1,1,
    1,1,1,1,1,1,4),(0.,7.142857142857E-02,0.142857142857,0.214285714286,
    0.285714285714,0.357142857143,0.428571428571,0.5,0.571428571429,
    0.642857142857,0.714285714286,0.785714285714,0.857142857143,
    0.928571428571,1.),.UNSPECIFIED.);
#11896 = CARTESIAN_POINT('',(-0.87249398,-0.85,-1.75));
#11897 = CARTESIAN_POINT('',(-0.87249398,-0.85,-1.740017640727));
#11898 = CARTESIAN_POINT('',(-0.873091602522,-0.849402377478,
    -1.719994068103));
#11899 = CARTESIAN_POINT('',(-0.875814300614,-0.846679679386,
    -1.689875709302));
#11900 = CARTESIAN_POINT('',(-0.880374278115,-0.842119701885,
    -1.659834610272));
#11901 = CARTESIAN_POINT('',(-0.886855787292,-0.835638192709,
    -1.629676844445));
#11902 = CARTESIAN_POINT('',(-0.895321796652,-0.827172183348,
    -1.599543405548));
#11903 = CARTESIAN_POINT('',(-0.905832682715,-0.816661297285,
    -1.56951650403));
#11904 = CARTESIAN_POINT('',(-0.918625657146,-0.803868322854,
    -1.53936022323));
#11905 = CARTESIAN_POINT('',(-0.933711995015,-0.788781984985,
    -1.509471077948));
#11906 = CARTESIAN_POINT('',(-0.951296172501,-0.771197807499,
    -1.479814318362));
#11907 = CARTESIAN_POINT('',(-0.97151364409,-0.75098033591,
    -1.450583717916));
#11908 = CARTESIAN_POINT('',(-0.99457069729,-0.72792328271,
    -1.421914546873));
#11909 = CARTESIAN_POINT('',(-1.020511516756,-0.701982463244,
    -1.39418763366));
#11910 = CARTESIAN_POINT('',(-1.049225019126,-0.673268960874,
    -1.367886071714));
#11911 = CARTESIAN_POINT('',(-1.070016108119,-0.65247787188,
    -1.351647931743));
#11912 = CARTESIAN_POINT('',(-1.08082932,-0.64166466,-1.343882127816));
#11913 = ORIENTED_EDGE('',*,*,#11806,.F.);
#11914 = CYLINDRICAL_SURFACE('',#11915,0.5);
#11915 = AXIS2_PLACEMENT_3D('',#11916,#11917,#11918);
#11916 = CARTESIAN_POINT('',(-1.37249398,-6.3,-1.75));
#11917 = DIRECTION('',(0.,-1.,0.));
#11918 = DIRECTION('',(1.,0.,0.));
#11919 = ADVANCED_FACE('',(#11920),#11970,.T.);
#11920 = FACE_BOUND('',#11921,.T.);
#11921 = EDGE_LOOP('',(#11922,#11930,#11952,#11962,#11968,#11969));
#11922 = ORIENTED_EDGE('',*,*,#11923,.T.);
#11923 = EDGE_CURVE('',#11887,#11924,#11926,.T.);
#11924 = VERTEX_POINT('',#11925);
#11925 = CARTESIAN_POINT('',(0.87249398,-0.85,-1.75));
#11926 = LINE('',#11927,#11928);
#11927 = CARTESIAN_POINT('',(-0.87249398,-0.85,-1.75));
#11928 = VECTOR('',#11929,1.);
#11929 = DIRECTION('',(1.,0.,0.));
#11930 = ORIENTED_EDGE('',*,*,#11931,.F.);
#11931 = EDGE_CURVE('',#11932,#11924,#11934,.T.);
#11932 = VERTEX_POINT('',#11933);
#11933 = CARTESIAN_POINT('',(1.08082932,-0.64166466,-1.343882127816));
#11934 = B_SPLINE_CURVE_WITH_KNOTS('',3,(#11935,#11936,#11937,#11938,
    #11939,#11940,#11941,#11942,#11943,#11944,#11945,#11946,#11947,
    #11948,#11949,#11950,#11951),.UNSPECIFIED.,.F.,.F.,(4,1,1,1,1,1,1,1,
    1,1,1,1,1,1,4),(0.,7.142857142857E-02,0.142857142857,0.214285714286,
    0.285714285714,0.357142857143,0.428571428571,0.5,0.571428571429,
    0.642857142857,0.714285714286,0.785714285714,0.857142857143,
    0.928571428571,1.),.UNSPECIFIED.);
#11935 = CARTESIAN_POINT('',(1.08082932,-0.64166466,-1.343882127816));
#11936 = CARTESIAN_POINT('',(1.070010012397,-0.652483967603,
    -1.351652309553));
#11937 = CARTESIAN_POINT('',(1.049211056244,-0.673282923756,
    -1.367897747774));
#11938 = CARTESIAN_POINT('',(1.020502195458,-0.701991784542,
    -1.394197143572));
#11939 = CARTESIAN_POINT('',(0.994566462844,-0.727927517156,
    -1.421919682466));
#11940 = CARTESIAN_POINT('',(0.971512780636,-0.750981199364,
    -1.450584883861));
#11941 = CARTESIAN_POINT('',(0.951292868932,-0.771201111068,
    -1.47981922664));
#11942 = CARTESIAN_POINT('',(0.933707294572,-0.788786685428,
    -1.509479530114));
#11943 = CARTESIAN_POINT('',(0.918620968783,-0.803873011217,
    -1.539370346945));
#11944 = CARTESIAN_POINT('',(0.905828919928,-0.816665060072,
    -1.56952616581));
#11945 = CARTESIAN_POINT('',(0.895318441145,-0.827175538855,
    -1.599554295688));
#11946 = CARTESIAN_POINT('',(0.886854721894,-0.835639258106,
    -1.629681470068));
#11947 = CARTESIAN_POINT('',(0.880373233651,-0.842120746349,
    -1.659840154975));
#11948 = CARTESIAN_POINT('',(0.875813859093,-0.846680120907,
    -1.689879906231));
#11949 = CARTESIAN_POINT('',(0.87309159369,-0.84940238631,
    -1.719995017655));
#11950 = CARTESIAN_POINT('',(0.87249398,-0.85,-1.740017863609));
#11951 = CARTESIAN_POINT('',(0.87249398,-0.85,-1.75));
#11952 = ORIENTED_EDGE('',*,*,#11953,.F.);
#11953 = EDGE_CURVE('',#11954,#11932,#11956,.T.);
#11954 = VERTEX_POINT('',#11955);
#11955 = CARTESIAN_POINT('',(1.089134833918,-0.633080196803,
    -1.337852450962));
#11956 = B_SPLINE_CURVE_WITH_KNOTS('',3,(#11957,#11958,#11959,#11960,
    #11961),.UNSPECIFIED.,.F.,.F.,(4,1,4),(0.,0.5,1.),
  .QUASI_UNIFORM_KNOTS.);
#11957 = CARTESIAN_POINT('',(1.089134833918,-0.633080196803,
    -1.337852450962));
#11958 = CARTESIAN_POINT('',(1.087783126422,-0.634524417713,
    -1.338844402365));
#11959 = CARTESIAN_POINT('',(1.085047417688,-0.637399601549,
    -1.340841544883));
#11960 = CARTESIAN_POINT('',(1.082246365712,-0.640247614288,
    -1.342864437672));
#11961 = CARTESIAN_POINT('',(1.08082932,-0.64166466,-1.343882127816));
#11962 = ORIENTED_EDGE('',*,*,#11963,.F.);
#11963 = EDGE_CURVE('',#11838,#11954,#11964,.T.);
#11964 = LINE('',#11965,#11966);
#11965 = CARTESIAN_POINT('',(-1.089134833918,-0.633080196803,
    -1.337852450962));
#11966 = VECTOR('',#11967,1.);
#11967 = DIRECTION('',(1.,0.,0.));
#11968 = ORIENTED_EDGE('',*,*,#11848,.F.);
#11969 = ORIENTED_EDGE('',*,*,#11894,.F.);
#11970 = CYLINDRICAL_SURFACE('',#11971,0.5);
#11971 = AXIS2_PLACEMENT_3D('',#11972,#11973,#11974);
#11972 = CARTESIAN_POINT('',(-1.6,-0.35,-1.75));
#11973 = DIRECTION('',(1.,0.,0.));
#11974 = DIRECTION('',(0.,0.,-1.));
#11975 = ADVANCED_FACE('',(#11976),#12007,.T.);
#11976 = FACE_BOUND('',#11977,.F.);
#11977 = EDGE_LOOP('',(#11978,#11979,#11980,#11988,#11997,#12006));
#11978 = ORIENTED_EDGE('',*,*,#11837,.F.);
#11979 = ORIENTED_EDGE('',*,*,#11791,.F.);
#11980 = ORIENTED_EDGE('',*,*,#11981,.T.);
#11981 = EDGE_CURVE('',#11774,#11982,#11984,.T.);
#11982 = VERTEX_POINT('',#11983);
#11983 = CARTESIAN_POINT('',(1.359105634411,6.323207872101E-02,
    -0.859596019615));
#11984 = LINE('',#11985,#11986);
#11985 = CARTESIAN_POINT('',(-1.359105634411,6.323207872101E-02,
    -0.859596019615));
#11986 = VECTOR('',#11987,1.);
#11987 = DIRECTION('',(1.,0.,0.));
#11988 = ORIENTED_EDGE('',*,*,#11989,.F.);
#11989 = EDGE_CURVE('',#11990,#11982,#11992,.T.);
#11990 = VERTEX_POINT('',#11991);
#11991 = CARTESIAN_POINT('',(1.382203832632,-0.137984408277,
    -0.997799929531));
#11992 = B_SPLINE_CURVE_WITH_KNOTS('',3,(#11993,#11994,#11995,#11996),
  .UNSPECIFIED.,.F.,.F.,(4,4),(0.,1.),.PIECEWISE_BEZIER_KNOTS.);
#11993 = CARTESIAN_POINT('',(1.382203832632,-0.137984408277,
    -0.997799929531));
#11994 = CARTESIAN_POINT('',(1.374855924424,-7.088483031405E-02,
    -0.951713129356));
#11995 = CARTESIAN_POINT('',(1.367156658855,-3.812657542078E-03,
    -0.905645152214));
#11996 = CARTESIAN_POINT('',(1.359105634411,6.323207872101E-02,
    -0.859596019615));
#11997 = ORIENTED_EDGE('',*,*,#11998,.F.);
#11998 = EDGE_CURVE('',#11954,#11990,#11999,.T.);
#11999 = B_SPLINE_CURVE_WITH_KNOTS('',3,(#12000,#12001,#12002,#12003,
    #12004,#12005),.UNSPECIFIED.,.F.,.F.,(4,1,1,4),(0.,0.25,0.5,1.),
  .UNSPECIFIED.);
#12000 = CARTESIAN_POINT('',(1.089134833918,-0.633080196803,
    -1.337852450962));
#12001 = CARTESIAN_POINT('',(1.1237289809,-0.59611836105,-1.31246551426)
  );
#12002 = CARTESIAN_POINT('',(1.186317011324,-0.519406992786,
    -1.259776933979));
#12003 = CARTESIAN_POINT('',(1.290826497223,-0.357255492074,
    -1.148404492628));
#12004 = CARTESIAN_POINT('',(1.349824556364,-0.227454789197,
    -1.059251934033));
#12005 = CARTESIAN_POINT('',(1.382203832632,-0.137984408277,
    -0.997799929531));
#12006 = ORIENTED_EDGE('',*,*,#11963,.F.);
#12007 = PLANE('',#12008);
#12008 = AXIS2_PLACEMENT_3D('',#12009,#12010,#12011);
#12009 = CARTESIAN_POINT('',(-1.6,6.323207872101E-02,-0.859596019615));
#12010 = DIRECTION('',(0.,-0.566160393605,0.824295098076));
#12011 = DIRECTION('',(0.,-0.824295098076,-0.566160393605));
#12012 = ADVANCED_FACE('',(#12013),#12041,.F.);
#12013 = FACE_BOUND('',#12014,.F.);
#12014 = EDGE_LOOP('',(#12015,#12016,#12017,#12025));
#12015 = ORIENTED_EDGE('',*,*,#11981,.F.);
#12016 = ORIENTED_EDGE('',*,*,#11773,.F.);
#12017 = ORIENTED_EDGE('',*,*,#12018,.T.);
#12018 = EDGE_CURVE('',#11766,#12019,#12021,.T.);
#12019 = VERTEX_POINT('',#12020);
#12020 = CARTESIAN_POINT('',(1.348487823651,0.15,-0.694737));
#12021 = LINE('',#12022,#12023);
#12022 = CARTESIAN_POINT('',(-1.348487823651,0.15,-0.694737));
#12023 = VECTOR('',#12024,1.);
#12024 = DIRECTION('',(1.,0.,0.));
#12025 = ORIENTED_EDGE('',*,*,#12026,.F.);
#12026 = EDGE_CURVE('',#11982,#12019,#12027,.T.);
#12027 = B_SPLINE_CURVE_WITH_KNOTS('',3,(#12028,#12029,#12030,#12031,
    #12032,#12033,#12034,#12035,#12036,#12037,#12038,#12039,#12040),
  .UNSPECIFIED.,.F.,.F.,(4,1,1,1,1,1,1,1,1,1,4),(0.,0.1,0.2,0.3,0.4,0.5,
    0.6,0.7,0.8,0.9,1.),.QUASI_UNIFORM_KNOTS.);
#12028 = CARTESIAN_POINT('',(1.359105634411,6.323207872101E-02,
    -0.859596019615));
#12029 = CARTESIAN_POINT('',(1.358463508469,6.857936895564E-02,
    -0.855923276746));
#12030 = CARTESIAN_POINT('',(1.357223406586,7.886889122248E-02,
    -0.84809586823));
#12031 = CARTESIAN_POINT('',(1.355485803202,9.31929104169E-02,
    -0.834818348136));
#12032 = CARTESIAN_POINT('',(1.353911685351,0.106092411837,
    -0.82027511472));
#12033 = CARTESIAN_POINT('',(1.35251699317,0.117462044138,-0.80465277507
    ));
#12034 = CARTESIAN_POINT('',(1.351299819488,0.127339339651,
    -0.787889326793));
#12035 = CARTESIAN_POINT('',(1.350286299151,0.135532084694,
    -0.770252523041));
#12036 = CARTESIAN_POINT('',(1.349491982879,0.141932992184,
    -0.752058269546));
#12037 = CARTESIAN_POINT('',(1.348914286404,0.146577389736,
    -0.733250621576));
#12038 = CARTESIAN_POINT('',(1.348564856038,0.14938217014,
    -0.714012530412));
#12039 = CARTESIAN_POINT('',(1.348487823651,0.15,-0.70117902095));
#12040 = CARTESIAN_POINT('',(1.348487823651,0.15,-0.694737));
#12041 = CYLINDRICAL_SURFACE('',#12042,0.2);
#12042 = AXIS2_PLACEMENT_3D('',#12043,#12044,#12045);
#12043 = CARTESIAN_POINT('',(-1.6,-5.E-02,-0.694737));
#12044 = DIRECTION('',(1.,0.,0.));
#12045 = DIRECTION('',(0.,0.,-1.));
#12046 = ADVANCED_FACE('',(#12047),#12065,.T.);
#12047 = FACE_BOUND('',#12048,.F.);
#12048 = EDGE_LOOP('',(#12049,#12057,#12063,#12064));
#12049 = ORIENTED_EDGE('',*,*,#12050,.T.);
#12050 = EDGE_CURVE('',#11742,#12051,#12053,.T.);
#12051 = VERTEX_POINT('',#12052);
#12052 = CARTESIAN_POINT('',(1.348487823651,0.15,-0.2));
#12053 = LINE('',#12054,#12055);
#12054 = CARTESIAN_POINT('',(-1.348487823651,0.15,-0.2));
#12055 = VECTOR('',#12056,1.);
#12056 = DIRECTION('',(1.,0.,-4.330608706365E-14));
#12057 = ORIENTED_EDGE('',*,*,#12058,.F.);
#12058 = EDGE_CURVE('',#12019,#12051,#12059,.T.);
#12059 = LINE('',#12060,#12061);
#12060 = CARTESIAN_POINT('',(1.348487823651,0.15,-0.694737));
#12061 = VECTOR('',#12062,1.);
#12062 = DIRECTION('',(0.,0.,1.));
#12063 = ORIENTED_EDGE('',*,*,#12018,.F.);
#12064 = ORIENTED_EDGE('',*,*,#11765,.T.);
#12065 = PLANE('',#12066);
#12066 = AXIS2_PLACEMENT_3D('',#12067,#12068,#12069);
#12067 = CARTESIAN_POINT('',(-1.6,0.15,-0.2));
#12068 = DIRECTION('',(0.,-1.,0.));
#12069 = DIRECTION('',(0.,0.,-1.));
#12070 = ADVANCED_FACE('',(#12071),#12098,.T.);
#12071 = FACE_BOUND('',#12072,.T.);
#12072 = EDGE_LOOP('',(#12073,#12095,#12096,#12097));
#12073 = ORIENTED_EDGE('',*,*,#12074,.T.);
#12074 = EDGE_CURVE('',#12051,#403,#12075,.T.);
#12075 = B_SPLINE_CURVE_WITH_KNOTS('',3,(#12076,#12077,#12078,#12079,
    #12080,#12081,#12082,#12083,#12084,#12085,#12086,#12087,#12088,
    #12089,#12090,#12091,#12092,#12093,#12094),.UNSPECIFIED.,.F.,.F.,(4,
    1,1,1,1,1,1,1,1,1,1,1,1,1,1,1,4),(0.,6.25E-02,0.125,0.1875,0.25,
    0.3125,0.375,0.4375,0.5,0.5625,0.625,0.6875,0.75,0.8125,0.875,0.9375
    ,1.),.QUASI_UNIFORM_KNOTS.);
#12076 = CARTESIAN_POINT('',(1.348487823651,0.15,-0.2));
#12077 = CARTESIAN_POINT('',(1.348487823651,0.15,-0.193493765048));
#12078 = CARTESIAN_POINT('',(1.348409282025,0.150630188697,
    -0.180524302422));
#12079 = CARTESIAN_POINT('',(1.348051490976,0.153498658259,
    -0.161057593717));
#12080 = CARTESIAN_POINT('',(1.347456518906,0.158260908192,
    -0.142002969818));
#12081 = CARTESIAN_POINT('',(1.346635577068,0.164816113018,
    -0.123623049344));
#12082 = CARTESIAN_POINT('',(1.345590920131,0.173131655501,
    -0.105948122299));
#12083 = CARTESIAN_POINT('',(1.344318692636,0.183219601809,
    -8.903159095259E-02));
#12084 = CARTESIAN_POINT('',(1.342835430452,0.194927161809,
    -7.31897989619E-02));
#12085 = CARTESIAN_POINT('',(1.341164815172,0.208045392824,
    -5.866327917162E-02));
#12086 = CARTESIAN_POINT('',(1.339310821019,0.222520822918,
    -4.547526217292E-02));
#12087 = CARTESIAN_POINT('',(1.337269633581,0.238358556427,
    -3.366665843632E-02));
#12088 = CARTESIAN_POINT('',(1.335071241505,0.255301410422,
    -2.347360177574E-02));
#12089 = CARTESIAN_POINT('',(1.332752347399,0.273047101006,
    -1.505061311621E-02));
#12090 = CARTESIAN_POINT('',(1.330320234017,0.29152384622,
    -8.401748604064E-03));
#12091 = CARTESIAN_POINT('',(1.32777450136,0.310718170768,
    -3.560862627132E-03));
#12092 = CARTESIAN_POINT('',(1.325151670769,0.330340648864,
    -6.426845829843E-04));
#12093 = CARTESIAN_POINT('',(1.323388426208,0.343430161417,0.));
#12094 = CARTESIAN_POINT('',(1.3225,0.35,0.));
#12095 = ORIENTED_EDGE('',*,*,#411,.F.);
#12096 = ORIENTED_EDGE('',*,*,#11741,.T.);
#12097 = ORIENTED_EDGE('',*,*,#12050,.T.);
#12098 = CYLINDRICAL_SURFACE('',#12099,0.2);
#12099 = AXIS2_PLACEMENT_3D('',#12100,#12101,#12102);
#12100 = CARTESIAN_POINT('',(-1.6,0.35,-0.2));
#12101 = DIRECTION('',(1.,0.,0.));
#12102 = DIRECTION('',(0.,0.,-1.));
#12103 = ADVANCED_FACE('',(#12104),#12194,.F.);
#12104 = FACE_BOUND('',#12105,.F.);
#12105 = EDGE_LOOP('',(#12106,#12121,#12132,#12133,#12134,#12135,#12136,
    #12137,#12161,#12169,#12187));
#12106 = ORIENTED_EDGE('',*,*,#12107,.T.);
#12107 = EDGE_CURVE('',#12108,#12110,#12112,.T.);
#12108 = VERTEX_POINT('',#12109);
#12109 = CARTESIAN_POINT('',(1.382203832632,-4.362015591723,
    -0.997799929531));
#12110 = VERTEX_POINT('',#12111);
#12111 = CARTESIAN_POINT('',(1.4975,-2.25,-0.531646383449));
#12112 = B_SPLINE_CURVE_WITH_KNOTS('',3,(#12113,#12114,#12115,#12116,
    #12117,#12118,#12119,#12120),.UNSPECIFIED.,.F.,.F.,(4,1,1,1,1,4),(0.
    ,0.2,0.4,0.6,0.8,1.),.QUASI_UNIFORM_KNOTS.);
#12113 = CARTESIAN_POINT('',(1.382203832632,-4.362015591723,
    -0.997799929531));
#12114 = CARTESIAN_POINT('',(1.397233164827,-4.2247708387,
    -0.969276049565));
#12115 = CARTESIAN_POINT('',(1.424517543246,-3.948556200993,
    -0.910807731853));
#12116 = CARTESIAN_POINT('',(1.456852252523,-3.528784211697,
    -0.819367867265));
#12117 = CARTESIAN_POINT('',(1.480235862796,-3.104558423632,
    -0.725003916586));
#12118 = CARTESIAN_POINT('',(1.49436384333,-2.677330100302,
    -0.628662487125));
#12119 = CARTESIAN_POINT('',(1.4975,-2.392542769065,-0.564007562727));
#12120 = CARTESIAN_POINT('',(1.4975,-2.25,-0.531646383449));
#12121 = ORIENTED_EDGE('',*,*,#12122,.T.);
#12122 = EDGE_CURVE('',#12110,#11990,#12123,.T.);
#12123 = B_SPLINE_CURVE_WITH_KNOTS('',3,(#12124,#12125,#12126,#12127,
    #12128,#12129,#12130,#12131),.UNSPECIFIED.,.F.,.F.,(4,1,1,1,1,4),(0.
    ,0.2,0.4,0.6,0.8,1.),.QUASI_UNIFORM_KNOTS.);
#12124 = CARTESIAN_POINT('',(1.4975,-2.25,-0.531646383449));
#12125 = CARTESIAN_POINT('',(1.4975,-2.107456912869,-0.564007634936));
#12126 = CARTESIAN_POINT('',(1.494363830191,-1.822669144291,
    -0.62866265858));
#12127 = CARTESIAN_POINT('',(1.480235819766,-1.39544065692,
    -0.725004122401));
#12128 = CARTESIAN_POINT('',(1.456852230187,-0.971215510151,
    -0.819367927779));
#12129 = CARTESIAN_POINT('',(1.424517538156,-0.551443748817,
    -0.910807742385));
#12130 = CARTESIAN_POINT('',(1.397233165797,-0.275229170155,
    -0.969276047725));
#12131 = CARTESIAN_POINT('',(1.382203832632,-0.137984408277,
    -0.997799929531));
#12132 = ORIENTED_EDGE('',*,*,#11989,.T.);
#12133 = ORIENTED_EDGE('',*,*,#12026,.T.);
#12134 = ORIENTED_EDGE('',*,*,#12058,.T.);
#12135 = ORIENTED_EDGE('',*,*,#12074,.T.);
#12136 = ORIENTED_EDGE('',*,*,#402,.F.);
#12137 = ORIENTED_EDGE('',*,*,#12138,.T.);
#12138 = EDGE_CURVE('',#395,#12139,#12141,.T.);
#12139 = VERTEX_POINT('',#12140);
#12140 = CARTESIAN_POINT('',(1.348487823651,-4.65,-0.2));
#12141 = B_SPLINE_CURVE_WITH_KNOTS('',3,(#12142,#12143,#12144,#12145,
    #12146,#12147,#12148,#12149,#12150,#12151,#12152,#12153,#12154,
    #12155,#12156,#12157,#12158,#12159,#12160),.UNSPECIFIED.,.F.,.F.,(4,
    1,1,1,1,1,1,1,1,1,1,1,1,1,1,1,4),(0.,6.25E-02,0.125,0.1875,0.25,
    0.3125,0.375,0.4375,0.5,0.5625,0.625,0.6875,0.75,0.8125,0.875,0.9375
    ,1.),.QUASI_UNIFORM_KNOTS.);
#12142 = CARTESIAN_POINT('',(1.3225,-4.85,0.));
#12143 = CARTESIAN_POINT('',(1.323388510336,-4.843429539292,0.));
#12144 = CARTESIAN_POINT('',(1.32515175659,-4.830340005457,
    -6.427987299216E-04));
#12145 = CARTESIAN_POINT('',(1.327774197048,-4.810720444786,
    -3.560553097511E-03));
#12146 = CARTESIAN_POINT('',(1.330318867704,-4.791534152068,
    -8.399122297486E-03));
#12147 = CARTESIAN_POINT('',(1.332749630765,-4.773067825121,
    -1.504183857996E-02));
#12148 = CARTESIAN_POINT('',(1.335070680125,-4.755305752925,
    -2.347074463782E-02));
#12149 = CARTESIAN_POINT('',(1.337269344562,-4.738360786213,
    -3.366522492636E-02));
#12150 = CARTESIAN_POINT('',(1.339310205496,-4.722525599967,
    -4.547174655375E-02));
#12151 = CARTESIAN_POINT('',(1.341163351202,-4.708056857664,
    -5.865172254635E-02));
#12152 = CARTESIAN_POINT('',(1.342835177098,-4.69492917236,
    -7.318666804762E-02));
#12153 = CARTESIAN_POINT('',(1.344318834392,-4.683218479653,
    -8.903318461193E-02));
#12154 = CARTESIAN_POINT('',(1.345590877841,-4.673131986984,
    -0.105948104797));
#12155 = CARTESIAN_POINT('',(1.346635097541,-4.664819935896,
    -0.123613955944));
#12156 = CARTESIAN_POINT('',(1.347456527804,-4.658260840646,
    -0.14200164866));
#12157 = CARTESIAN_POINT('',(1.348051712425,-4.653496883926,
    -0.161066090273));
#12158 = CARTESIAN_POINT('',(1.348409323538,-4.650629855412,
    -0.180529481838));
#12159 = CARTESIAN_POINT('',(1.348487823651,-4.65,-0.193496053457));
#12160 = CARTESIAN_POINT('',(1.348487823651,-4.65,-0.2));
#12161 = ORIENTED_EDGE('',*,*,#12162,.F.);
#12162 = EDGE_CURVE('',#12163,#12139,#12165,.T.);
#12163 = VERTEX_POINT('',#12164);
#12164 = CARTESIAN_POINT('',(1.348487823651,-4.65,-0.694737));
#12165 = LINE('',#12166,#12167);
#12166 = CARTESIAN_POINT('',(1.348487823651,-4.65,-0.694737));
#12167 = VECTOR('',#12168,1.);
#12168 = DIRECTION('',(0.,0.,1.));
#12169 = ORIENTED_EDGE('',*,*,#12170,.T.);
#12170 = EDGE_CURVE('',#12163,#12171,#12173,.T.);
#12171 = VERTEX_POINT('',#12172);
#12172 = CARTESIAN_POINT('',(1.359105634411,-4.563232078721,
    -0.859596019615));
#12173 = B_SPLINE_CURVE_WITH_KNOTS('',3,(#12174,#12175,#12176,#12177,
    #12178,#12179,#12180,#12181,#12182,#12183,#12184,#12185,#12186),
  .UNSPECIFIED.,.F.,.F.,(4,1,1,1,1,1,1,1,1,1,4),(0.,0.1,0.2,0.3,0.4,0.5,
    0.6,0.7,0.8,0.9,1.),.QUASI_UNIFORM_KNOTS.);
#12174 = CARTESIAN_POINT('',(1.348487823651,-4.65,-0.694737));
#12175 = CARTESIAN_POINT('',(1.348487823651,-4.65,-0.701177155844));
#12176 = CARTESIAN_POINT('',(1.348564820206,-4.649382457217,
    -0.714008572384));
#12177 = CARTESIAN_POINT('',(1.348914162026,-4.646578389573,
    -0.733246565606));
#12178 = CARTESIAN_POINT('',(1.349492133948,-4.641931777208,
    -0.752062769176));
#12179 = CARTESIAN_POINT('',(1.350286364438,-4.635531555784,
    -0.770253279884));
#12180 = CARTESIAN_POINT('',(1.351299678445,-4.627340481213,
    -0.78788717593));
#12181 = CARTESIAN_POINT('',(1.352517074177,-4.617461391846,
    -0.804654177454));
#12182 = CARTESIAN_POINT('',(1.35391214838,-4.606088624255,
    -0.820279664475));
#12183 = CARTESIAN_POINT('',(1.355485621149,-4.593194398597,
    -0.834816541193));
#12184 = CARTESIAN_POINT('',(1.357223154257,-4.578870980193,
    -0.848094198287));
#12185 = CARTESIAN_POINT('',(1.358463375337,-4.56858047761,
    -0.855922515276));
#12186 = CARTESIAN_POINT('',(1.359105634411,-4.563232078721,
    -0.859596019615));
#12187 = ORIENTED_EDGE('',*,*,#12188,.T.);
#12188 = EDGE_CURVE('',#12171,#12108,#12189,.T.);
#12189 = B_SPLINE_CURVE_WITH_KNOTS('',3,(#12190,#12191,#12192,#12193),
  .UNSPECIFIED.,.F.,.F.,(4,4),(0.,1.),.PIECEWISE_BEZIER_KNOTS.);
#12190 = CARTESIAN_POINT('',(1.359105634411,-4.563232078721,
    -0.859596019615));
#12191 = CARTESIAN_POINT('',(1.367156658855,-4.496187342458,
    -0.905645152214));
#12192 = CARTESIAN_POINT('',(1.374855924424,-4.429115169686,
    -0.951713129356));
#12193 = CARTESIAN_POINT('',(1.382203832632,-4.362015591723,
    -0.997799929531));
#12194 = CYLINDRICAL_SURFACE('',#12195,19.40178571429);
#12195 = AXIS2_PLACEMENT_3D('',#12196,#12197,#12198);
#12196 = CARTESIAN_POINT('',(-17.90428571429,-2.25,0.));
#12197 = DIRECTION('',(0.,0.,1.));
#12198 = DIRECTION('',(1.,0.,-0.));
#12199 = ADVANCED_FACE('',(#12200),#12233,.F.);
#12200 = FACE_BOUND('',#12201,.F.);
#12201 = EDGE_LOOP('',(#12202,#12210,#12211,#12212,#12213,#12214,#12225)
  );
#12202 = ORIENTED_EDGE('',*,*,#12203,.T.);
#12203 = EDGE_CURVE('',#12204,#11932,#12206,.T.);
#12204 = VERTEX_POINT('',#12205);
#12205 = CARTESIAN_POINT('',(1.08082932,-3.85833534,-1.343882127816));
#12206 = LINE('',#12207,#12208);
#12207 = CARTESIAN_POINT('',(1.08082932,-3.85833534,-1.343882127816));
#12208 = VECTOR('',#12209,1.);
#12209 = DIRECTION('',(0.,1.,0.));
#12210 = ORIENTED_EDGE('',*,*,#11953,.F.);
#12211 = ORIENTED_EDGE('',*,*,#11998,.T.);
#12212 = ORIENTED_EDGE('',*,*,#12122,.F.);
#12213 = ORIENTED_EDGE('',*,*,#12107,.F.);
#12214 = ORIENTED_EDGE('',*,*,#12215,.F.);
#12215 = EDGE_CURVE('',#12216,#12108,#12218,.T.);
#12216 = VERTEX_POINT('',#12217);
#12217 = CARTESIAN_POINT('',(1.089134833918,-3.866919803197,
    -1.337852450962));
#12218 = B_SPLINE_CURVE_WITH_KNOTS('',3,(#12219,#12220,#12221,#12222,
    #12223,#12224),.UNSPECIFIED.,.F.,.F.,(4,1,1,4),(0.,0.25,0.5,1.),
  .UNSPECIFIED.);
#12219 = CARTESIAN_POINT('',(1.089134833918,-3.866919803197,
    -1.337852450962));
#12220 = CARTESIAN_POINT('',(1.1237289809,-3.90388163895,-1.31246551426)
  );
#12221 = CARTESIAN_POINT('',(1.186317011324,-3.980593007214,
    -1.259776933979));
#12222 = CARTESIAN_POINT('',(1.290826497223,-4.142744507926,
    -1.148404492628));
#12223 = CARTESIAN_POINT('',(1.349824556364,-4.272545210803,
    -1.059251934033));
#12224 = CARTESIAN_POINT('',(1.382203832632,-4.362015591723,
    -0.997799929531));
#12225 = ORIENTED_EDGE('',*,*,#12226,.F.);
#12226 = EDGE_CURVE('',#12204,#12216,#12227,.T.);
#12227 = B_SPLINE_CURVE_WITH_KNOTS('',3,(#12228,#12229,#12230,#12231,
    #12232),.UNSPECIFIED.,.F.,.F.,(4,1,4),(0.,0.5,1.),
  .QUASI_UNIFORM_KNOTS.);
#12228 = CARTESIAN_POINT('',(1.08082932,-3.85833534,-1.343882127816));
#12229 = CARTESIAN_POINT('',(1.08224637661,-3.85975239661,
    -1.342864429845));
#12230 = CARTESIAN_POINT('',(1.085047439149,-3.862600420635,
    -1.340841529299));
#12231 = CARTESIAN_POINT('',(1.087783136981,-3.865475593568,
    -1.338844394616));
#12232 = CARTESIAN_POINT('',(1.089134833918,-3.866919803197,
    -1.337852450962));
#12233 = CYLINDRICAL_SURFACE('',#12234,1.);
#12234 = AXIS2_PLACEMENT_3D('',#12235,#12236,#12237);
#12235 = CARTESIAN_POINT('',(0.4975,-6.3,-0.531646383449));
#12236 = DIRECTION('',(0.,-1.,0.));
#12237 = DIRECTION('',(1.,0.,0.));
#12238 = ADVANCED_FACE('',(#12239),#12271,.T.);
#12239 = FACE_BOUND('',#12240,.T.);
#12240 = EDGE_LOOP('',(#12241,#12242,#12250,#12270));
#12241 = ORIENTED_EDGE('',*,*,#11931,.T.);
#12242 = ORIENTED_EDGE('',*,*,#12243,.T.);
#12243 = EDGE_CURVE('',#11924,#12244,#12246,.T.);
#12244 = VERTEX_POINT('',#12245);
#12245 = CARTESIAN_POINT('',(0.87249398,-3.65,-1.75));
#12246 = LINE('',#12247,#12248);
#12247 = CARTESIAN_POINT('',(0.87249398,-0.85,-1.75));
#12248 = VECTOR('',#12249,1.);
#12249 = DIRECTION('',(0.,-1.,0.));
#12250 = ORIENTED_EDGE('',*,*,#12251,.T.);
#12251 = EDGE_CURVE('',#12244,#12204,#12252,.T.);
#12252 = B_SPLINE_CURVE_WITH_KNOTS('',3,(#12253,#12254,#12255,#12256,
    #12257,#12258,#12259,#12260,#12261,#12262,#12263,#12264,#12265,
    #12266,#12267,#12268,#12269),.UNSPECIFIED.,.F.,.F.,(4,1,1,1,1,1,1,1,
    1,1,1,1,1,1,4),(0.,7.142857142857E-02,0.142857142857,0.214285714286,
    0.285714285714,0.357142857143,0.428571428571,0.5,0.571428571429,
    0.642857142857,0.714285714286,0.785714285714,0.857142857143,
    0.928571428571,1.),.UNSPECIFIED.);
#12253 = CARTESIAN_POINT('',(0.87249398,-3.65,-1.75));
#12254 = CARTESIAN_POINT('',(0.87249398,-3.65,-1.740017246061));
#12255 = CARTESIAN_POINT('',(0.873091676542,-3.650597696542,
    -1.719993365025));
#12256 = CARTESIAN_POINT('',(0.87581409748,-3.65332011748,
    -1.689877832105));
#12257 = CARTESIAN_POINT('',(0.880373756496,-3.657879776496,
    -1.659837227937));
#12258 = CARTESIAN_POINT('',(0.886855505017,-3.664361525017,
    -1.629678276282));
#12259 = CARTESIAN_POINT('',(0.895319597208,-3.672825617208,
    -1.599550590343));
#12260 = CARTESIAN_POINT('',(0.905830497397,-3.683336517397,
    -1.569522040532));
#12261 = CARTESIAN_POINT('',(0.918623148682,-3.696129168682,
    -1.539365635004));
#12262 = CARTESIAN_POINT('',(0.933709690119,-3.711215710118,
    -1.509475170284));
#12263 = CARTESIAN_POINT('',(0.951295511874,-3.728801531874,
    -1.479815119563));
#12264 = CARTESIAN_POINT('',(0.971515619406,-3.749021639406,
    -1.450581050422));
#12265 = CARTESIAN_POINT('',(0.994570592761,-3.772076612761,
    -1.421914867258));
#12266 = CARTESIAN_POINT('',(1.02050719599,-3.79801321599,
    -1.394192200456));
#12267 = CARTESIAN_POINT('',(1.049215418053,-3.826721438053,
    -1.367894165407));
#12268 = CARTESIAN_POINT('',(1.070011801002,-3.847517821002,
    -1.351651025017));
#12269 = CARTESIAN_POINT('',(1.08082932,-3.85833534,-1.343882127816));
#12270 = ORIENTED_EDGE('',*,*,#12203,.T.);
#12271 = CYLINDRICAL_SURFACE('',#12272,0.5);
#12272 = AXIS2_PLACEMENT_3D('',#12273,#12274,#12275);
#12273 = CARTESIAN_POINT('',(1.37249398,-6.3,-1.75));
#12274 = DIRECTION('',(0.,-1.,0.));
#12275 = DIRECTION('',(1.,0.,0.));
#12276 = ADVANCED_FACE('',(#12277),#12295,.T.);
#12277 = FACE_BOUND('',#12278,.T.);
#12278 = EDGE_LOOP('',(#12279,#12280,#12286,#12287,#12288,#12294));
#12279 = ORIENTED_EDGE('',*,*,#11816,.F.);
#12280 = ORIENTED_EDGE('',*,*,#12281,.T.);
#12281 = EDGE_CURVE('',#11817,#12216,#12282,.T.);
#12282 = LINE('',#12283,#12284);
#12283 = CARTESIAN_POINT('',(-1.089134833918,-3.866919803197,
    -1.337852450962));
#12284 = VECTOR('',#12285,1.);
#12285 = DIRECTION('',(1.,0.,0.));
#12286 = ORIENTED_EDGE('',*,*,#12226,.F.);
#12287 = ORIENTED_EDGE('',*,*,#12251,.F.);
#12288 = ORIENTED_EDGE('',*,*,#12289,.F.);
#12289 = EDGE_CURVE('',#11865,#12244,#12290,.T.);
#12290 = LINE('',#12291,#12292);
#12291 = CARTESIAN_POINT('',(-0.87249398,-3.65,-1.75));
#12292 = VECTOR('',#12293,1.);
#12293 = DIRECTION('',(1.,0.,0.));
#12294 = ORIENTED_EDGE('',*,*,#11864,.F.);
#12295 = CYLINDRICAL_SURFACE('',#12296,0.5);
#12296 = AXIS2_PLACEMENT_3D('',#12297,#12298,#12299);
#12297 = CARTESIAN_POINT('',(-1.6,-4.15,-1.75));
#12298 = DIRECTION('',(1.,0.,0.));
#12299 = DIRECTION('',(0.,0.,-1.));
#12300 = ADVANCED_FACE('',(#12301),#12307,.T.);
#12301 = FACE_BOUND('',#12302,.F.);
#12302 = EDGE_LOOP('',(#12303,#12304,#12305,#12306));
#12303 = ORIENTED_EDGE('',*,*,#11886,.F.);
#12304 = ORIENTED_EDGE('',*,*,#11923,.T.);
#12305 = ORIENTED_EDGE('',*,*,#12243,.T.);
#12306 = ORIENTED_EDGE('',*,*,#12289,.F.);
#12307 = PLANE('',#12308);
#12308 = AXIS2_PLACEMENT_3D('',#12309,#12310,#12311);
#12309 = CARTESIAN_POINT('',(1.75,0.,-1.75));
#12310 = DIRECTION('',(0.,0.,1.));
#12311 = DIRECTION('',(1.,0.,-0.));
#12312 = ADVANCED_FACE('',(#12313),#12326,.T.);
#12313 = FACE_BOUND('',#12314,.F.);
#12314 = EDGE_LOOP('',(#12315,#12316,#12317,#12318,#12319,#12325));
#12315 = ORIENTED_EDGE('',*,*,#11826,.T.);
#12316 = ORIENTED_EDGE('',*,*,#12281,.T.);
#12317 = ORIENTED_EDGE('',*,*,#12215,.T.);
#12318 = ORIENTED_EDGE('',*,*,#12188,.F.);
#12319 = ORIENTED_EDGE('',*,*,#12320,.F.);
#12320 = EDGE_CURVE('',#11684,#12171,#12321,.T.);
#12321 = LINE('',#12322,#12323);
#12322 = CARTESIAN_POINT('',(-1.359105634411,-4.563232078721,
    -0.859596019615));
#12323 = VECTOR('',#12324,1.);
#12324 = DIRECTION('',(1.,0.,0.));
#12325 = ORIENTED_EDGE('',*,*,#11683,.F.);
#12326 = PLANE('',#12327);
#12327 = AXIS2_PLACEMENT_3D('',#12328,#12329,#12330);
#12328 = CARTESIAN_POINT('',(-1.6,-3.866919803197,-1.337852450962));
#12329 = DIRECTION('',(0.,0.566160393605,0.824295098076));
#12330 = DIRECTION('',(0.,-0.824295098076,0.566160393605));
#12331 = ADVANCED_FACE('',(#12332),#12343,.F.);
#12332 = FACE_BOUND('',#12333,.F.);
#12333 = EDGE_LOOP('',(#12334,#12340,#12341,#12342));
#12334 = ORIENTED_EDGE('',*,*,#12335,.F.);
#12335 = EDGE_CURVE('',#11693,#12163,#12336,.T.);
#12336 = LINE('',#12337,#12338);
#12337 = CARTESIAN_POINT('',(-1.348487823651,-4.65,-0.694737));
#12338 = VECTOR('',#12339,1.);
#12339 = DIRECTION('',(1.,0.,0.));
#12340 = ORIENTED_EDGE('',*,*,#11692,.F.);
#12341 = ORIENTED_EDGE('',*,*,#12320,.T.);
#12342 = ORIENTED_EDGE('',*,*,#12170,.F.);
#12343 = CYLINDRICAL_SURFACE('',#12344,0.2);
#12344 = AXIS2_PLACEMENT_3D('',#12345,#12346,#12347);
#12345 = CARTESIAN_POINT('',(-1.6,-4.45,-0.694737));
#12346 = DIRECTION('',(1.,0.,0.));
#12347 = DIRECTION('',(0.,0.,-1.));
#12348 = ADVANCED_FACE('',(#12349),#12360,.T.);
#12349 = FACE_BOUND('',#12350,.F.);
#12350 = EDGE_LOOP('',(#12351,#12352,#12353,#12359));
#12351 = ORIENTED_EDGE('',*,*,#12335,.T.);
#12352 = ORIENTED_EDGE('',*,*,#12162,.T.);
#12353 = ORIENTED_EDGE('',*,*,#12354,.F.);
#12354 = EDGE_CURVE('',#11711,#12139,#12355,.T.);
#12355 = LINE('',#12356,#12357);
#12356 = CARTESIAN_POINT('',(-1.348487823651,-4.65,-0.2));
#12357 = VECTOR('',#12358,1.);
#12358 = DIRECTION('',(1.,0.,0.));
#12359 = ORIENTED_EDGE('',*,*,#11710,.F.);
#12360 = PLANE('',#12361);
#12361 = AXIS2_PLACEMENT_3D('',#12362,#12363,#12364);
#12362 = CARTESIAN_POINT('',(-1.6,-4.65,-0.694737));
#12363 = DIRECTION('',(0.,1.,0.));
#12364 = DIRECTION('',(0.,-0.,1.));
#12365 = ADVANCED_FACE('',(#12366),#12372,.T.);
#12366 = FACE_BOUND('',#12367,.T.);
#12367 = EDGE_LOOP('',(#12368,#12369,#12370,#12371));
#12368 = ORIENTED_EDGE('',*,*,#11718,.T.);
#12369 = ORIENTED_EDGE('',*,*,#394,.T.);
#12370 = ORIENTED_EDGE('',*,*,#12138,.T.);
#12371 = ORIENTED_EDGE('',*,*,#12354,.F.);
#12372 = CYLINDRICAL_SURFACE('',#12373,0.2);
#12373 = AXIS2_PLACEMENT_3D('',#12374,#12375,#12376);
#12374 = CARTESIAN_POINT('',(-1.6,-4.85,-0.2));
#12375 = DIRECTION('',(1.,0.,0.));
#12376 = DIRECTION('',(0.,0.,-1.));
#12377 = ADVANCED_FACE('',(#12378),#12523,.F.);
#12378 = FACE_BOUND('',#12379,.F.);
#12379 = EDGE_LOOP('',(#12380,#12395,#12408,#12417,#12435,#12443,#12465,
    #12466,#12490,#12498,#12516));
#12380 = ORIENTED_EDGE('',*,*,#12381,.T.);
#12381 = EDGE_CURVE('',#12382,#12384,#12386,.T.);
#12382 = VERTEX_POINT('',#12383);
#12383 = CARTESIAN_POINT('',(-4.882203832632,-0.137984408277,
    -0.997799929531));
#12384 = VERTEX_POINT('',#12385);
#12385 = CARTESIAN_POINT('',(-4.9975,-2.25,-0.531646383449));
#12386 = B_SPLINE_CURVE_WITH_KNOTS('',3,(#12387,#12388,#12389,#12390,
    #12391,#12392,#12393,#12394),.UNSPECIFIED.,.F.,.F.,(4,1,1,1,1,4),(0.
    ,0.2,0.4,0.6,0.8,1.),.QUASI_UNIFORM_KNOTS.);
#12387 = CARTESIAN_POINT('',(-4.882203832632,-0.137984408277,
    -0.997799929531));
#12388 = CARTESIAN_POINT('',(-4.897233085003,-0.275228432362,
    -0.969276201062));
#12389 = CARTESIAN_POINT('',(-4.924517413159,-0.55144221434,
    -0.910808075263));
#12390 = CARTESIAN_POINT('',(-4.956852350439,-0.971216996084,
    -0.819367604726));
#12391 = CARTESIAN_POINT('',(-4.980235900508,-1.395442863544,
    -0.725003625264));
#12392 = CARTESIAN_POINT('',(-4.99436379023,-1.822667983886,
    -0.628662920347));
#12393 = CARTESIAN_POINT('',(-4.9975,-2.107456360392,-0.564007760364));
#12394 = CARTESIAN_POINT('',(-4.9975,-2.25,-0.531646383449));
#12395 = ORIENTED_EDGE('',*,*,#12396,.T.);
#12396 = EDGE_CURVE('',#12384,#12397,#12399,.T.);
#12397 = VERTEX_POINT('',#12398);
#12398 = CARTESIAN_POINT('',(-4.882203832632,-4.362015591723,
    -0.997799929531));
#12399 = B_SPLINE_CURVE_WITH_KNOTS('',3,(#12400,#12401,#12402,#12403,
    #12404,#12405,#12406,#12407),.UNSPECIFIED.,.F.,.F.,(4,1,1,1,1,4),(0.
    ,0.2,0.4,0.6,0.8,1.),.QUASI_UNIFORM_KNOTS.);
#12400 = CARTESIAN_POINT('',(-4.9975,-2.25,-0.531646383449));
#12401 = CARTESIAN_POINT('',(-4.9975,-2.392543956504,-0.564007832309));
#12402 = CARTESIAN_POINT('',(-4.994363777142,-2.677332769212,
    -0.628663091279));
#12403 = CARTESIAN_POINT('',(-4.980235857522,-3.104558055803,
    -0.725003831062));
#12404 = CARTESIAN_POINT('',(-4.956852327778,-3.528783287123,
    -0.819367666355));
#12405 = CARTESIAN_POINT('',(-4.924517407879,-3.948557837719,
    -0.910808086191));
#12406 = CARTESIAN_POINT('',(-4.897233085883,-4.224771559596,
    -0.969276199391));
#12407 = CARTESIAN_POINT('',(-4.882203832632,-4.362015591723,
    -0.997799929531));
#12408 = ORIENTED_EDGE('',*,*,#12409,.T.);
#12409 = EDGE_CURVE('',#12397,#12410,#12412,.T.);
#12410 = VERTEX_POINT('',#12411);
#12411 = CARTESIAN_POINT('',(-4.859105634411,-4.563232078721,
    -0.859596019615));
#12412 = B_SPLINE_CURVE_WITH_KNOTS('',3,(#12413,#12414,#12415,#12416),
  .UNSPECIFIED.,.F.,.F.,(4,4),(0.,1.),.PIECEWISE_BEZIER_KNOTS.);
#12413 = CARTESIAN_POINT('',(-4.882203832632,-4.362015591723,
    -0.997799929531));
#12414 = CARTESIAN_POINT('',(-4.874855924424,-4.429115169686,
    -0.951713129356));
#12415 = CARTESIAN_POINT('',(-4.867156658855,-4.496187342458,
    -0.905645152214));
#12416 = CARTESIAN_POINT('',(-4.859105634411,-4.563232078721,
    -0.859596019615));
#12417 = ORIENTED_EDGE('',*,*,#12418,.T.);
#12418 = EDGE_CURVE('',#12410,#12419,#12421,.T.);
#12419 = VERTEX_POINT('',#12420);
#12420 = CARTESIAN_POINT('',(-4.848487823651,-4.65,-0.694737));
#12421 = B_SPLINE_CURVE_WITH_KNOTS('',3,(#12422,#12423,#12424,#12425,
    #12426,#12427,#12428,#12429,#12430,#12431,#12432,#12433,#12434),
  .UNSPECIFIED.,.F.,.F.,(4,1,1,1,1,1,1,1,1,1,4),(0.,0.1,0.2,0.3,0.4,0.5,
    0.6,0.7,0.8,0.9,1.),.QUASI_UNIFORM_KNOTS.);
#12422 = CARTESIAN_POINT('',(-4.859105634411,-4.563232078721,
    -0.859596019615));
#12423 = CARTESIAN_POINT('',(-4.858463375337,-4.56858047761,
    -0.855922515276));
#12424 = CARTESIAN_POINT('',(-4.857223154257,-4.578870980193,
    -0.848094198287));
#12425 = CARTESIAN_POINT('',(-4.855485621149,-4.593194398597,
    -0.834816541193));
#12426 = CARTESIAN_POINT('',(-4.85391214838,-4.606088624255,
    -0.820279664475));
#12427 = CARTESIAN_POINT('',(-4.852517074177,-4.617461391846,
    -0.804654177454));
#12428 = CARTESIAN_POINT('',(-4.851299678445,-4.627340481213,
    -0.78788717593));
#12429 = CARTESIAN_POINT('',(-4.850286364438,-4.635531555784,
    -0.770253279884));
#12430 = CARTESIAN_POINT('',(-4.849492133948,-4.641931777208,
    -0.752062769176));
#12431 = CARTESIAN_POINT('',(-4.848914162026,-4.646578389572,
    -0.733246565606));
#12432 = CARTESIAN_POINT('',(-4.848564820206,-4.649382457217,
    -0.714008572384));
#12433 = CARTESIAN_POINT('',(-4.848487823651,-4.65,-0.701177155844));
#12434 = CARTESIAN_POINT('',(-4.848487823651,-4.65,-0.694737));
#12435 = ORIENTED_EDGE('',*,*,#12436,.T.);
#12436 = EDGE_CURVE('',#12419,#12437,#12439,.T.);
#12437 = VERTEX_POINT('',#12438);
#12438 = CARTESIAN_POINT('',(-4.848487823651,-4.65,-0.2));
#12439 = LINE('',#12440,#12441);
#12440 = CARTESIAN_POINT('',(-4.848487823651,-4.65,-0.694737));
#12441 = VECTOR('',#12442,1.);
#12442 = DIRECTION('',(0.,0.,1.));
#12443 = ORIENTED_EDGE('',*,*,#12444,.T.);
#12444 = EDGE_CURVE('',#12437,#422,#12445,.T.);
#12445 = B_SPLINE_CURVE_WITH_KNOTS('',3,(#12446,#12447,#12448,#12449,
    #12450,#12451,#12452,#12453,#12454,#12455,#12456,#12457,#12458,
    #12459,#12460,#12461,#12462,#12463,#12464),.UNSPECIFIED.,.F.,.F.,(4,
    1,1,1,1,1,1,1,1,1,1,1,1,1,1,1,4),(0.,6.25E-02,0.125,0.1875,0.25,
    0.3125,0.375,0.4375,0.5,0.5625,0.625,0.6875,0.75,0.8125,0.875,0.9375
    ,1.),.QUASI_UNIFORM_KNOTS.);
#12446 = CARTESIAN_POINT('',(-4.848487823651,-4.65,-0.2));
#12447 = CARTESIAN_POINT('',(-4.848487823651,-4.65,-0.193495963316));
#12448 = CARTESIAN_POINT('',(-4.848409321924,-4.650629868391,
    -0.180529237466));
#12449 = CARTESIAN_POINT('',(-4.848051699904,-4.653496984193,
    -0.16106559151));
#12450 = CARTESIAN_POINT('',(-4.847456512417,-4.658260963894,
    -0.142001176061));
#12451 = CARTESIAN_POINT('',(-4.846635034681,-4.664820437091,
    -0.123612725532));
#12452 = CARTESIAN_POINT('',(-4.845590823301,-4.673132420566,
    -0.105947289092));
#12453 = CARTESIAN_POINT('',(-4.844318739281,-4.683219231837,
    -8.903206130824E-02));
#12454 = CARTESIAN_POINT('',(-4.842835093594,-4.694929831217,
    -7.31858131163E-02));
#12455 = CARTESIAN_POINT('',(-4.841163115153,-4.708058705985,
    -5.86498616879E-02));
#12456 = CARTESIAN_POINT('',(-4.8393100645,-4.722526697318,
    -4.547085680956E-02));
#12457 = CARTESIAN_POINT('',(-4.837269108774,-4.738362609487,
    -3.366399712406E-02));
#12458 = CARTESIAN_POINT('',(-4.835070469838,-4.755307371082,
    -2.346982844902E-02));
#12459 = CARTESIAN_POINT('',(-4.832749148066,-4.773071505684,
    -1.504030530855E-02));
#12460 = CARTESIAN_POINT('',(-4.830318612535,-4.791536080922,
    -8.398572126273E-03));
#12461 = CARTESIAN_POINT('',(-4.827773881766,-4.810722811917,
    -3.560089446308E-03));
#12462 = CARTESIAN_POINT('',(-4.825151662155,-4.830340704991,
    -6.427852067909E-04));
#12463 = CARTESIAN_POINT('',(-4.823388478036,-4.843429778146,0.));
#12464 = CARTESIAN_POINT('',(-4.8225,-4.85,0.));
#12465 = ORIENTED_EDGE('',*,*,#419,.F.);
#12466 = ORIENTED_EDGE('',*,*,#12467,.T.);
#12467 = EDGE_CURVE('',#420,#12468,#12470,.T.);
#12468 = VERTEX_POINT('',#12469);
#12469 = CARTESIAN_POINT('',(-4.848487823651,0.15,-0.2));
#12470 = B_SPLINE_CURVE_WITH_KNOTS('',3,(#12471,#12472,#12473,#12474,
    #12475,#12476,#12477,#12478,#12479,#12480,#12481,#12482,#12483,
    #12484,#12485,#12486,#12487,#12488,#12489),.UNSPECIFIED.,.F.,.F.,(4,
    1,1,1,1,1,1,1,1,1,1,1,1,1,1,1,4),(0.,6.25E-02,0.125,0.1875,0.25,
    0.3125,0.375,0.4375,0.5,0.5625,0.625,0.6875,0.75,0.8125,0.875,0.9375
    ,1.),.QUASI_UNIFORM_KNOTS.);
#12471 = CARTESIAN_POINT('',(-4.8225,0.35,0.));
#12472 = CARTESIAN_POINT('',(-4.823388429225,0.343430139105,0.));
#12473 = CARTESIAN_POINT('',(-4.825151679801,0.330340581978,
    -6.426855444827E-04));
#12474 = CARTESIAN_POINT('',(-4.827774533061,0.310717932757,
    -3.560909195484E-03));
#12475 = CARTESIAN_POINT('',(-4.830320260507,0.291523646021,
    -8.401805112971E-03));
#12476 = CARTESIAN_POINT('',(-4.832752399209,0.273046705944,
    -1.505077792682E-02));
#12477 = CARTESIAN_POINT('',(-4.835071262438,0.255301249293,
    -2.347369388172E-02));
#12478 = CARTESIAN_POINT('',(-4.837269657344,0.238358372698,
    -3.36667816227E-02));
#12479 = CARTESIAN_POINT('',(-4.83931083651,0.222520702369,
    -4.547535963024E-02));
#12480 = CARTESIAN_POINT('',(-4.841164840371,0.2080451955,
    -5.866347810812E-02));
#12481 = CARTESIAN_POINT('',(-4.842835439504,0.194927090401,
    -7.318989128407E-02));
#12482 = CARTESIAN_POINT('',(-4.844318703284,0.183219517597,
    -8.903171644838E-02));
#12483 = CARTESIAN_POINT('',(-4.845590926334,0.17313160618,
    -0.105948215705));
#12484 = CARTESIAN_POINT('',(-4.846635583586,0.164816061052,
    -0.123623177106));
#12485 = CARTESIAN_POINT('',(-4.847456520721,0.158260893663,
    -0.142003024135));
#12486 = CARTESIAN_POINT('',(-4.848051492364,0.153498647135,
    -0.161057649546));
#12487 = CARTESIAN_POINT('',(-4.848409282222,0.150630187117,
    -0.180524330629));
#12488 = CARTESIAN_POINT('',(-4.848487823651,0.15,-0.193493775461));
#12489 = CARTESIAN_POINT('',(-4.848487823651,0.15,-0.2));
#12490 = ORIENTED_EDGE('',*,*,#12491,.F.);
#12491 = EDGE_CURVE('',#12492,#12468,#12494,.T.);
#12492 = VERTEX_POINT('',#12493);
#12493 = CARTESIAN_POINT('',(-4.848487823651,0.15,-0.694737));
#12494 = LINE('',#12495,#12496);
#12495 = CARTESIAN_POINT('',(-4.848487823651,0.15,-0.694737));
#12496 = VECTOR('',#12497,1.);
#12497 = DIRECTION('',(0.,0.,1.));
#12498 = ORIENTED_EDGE('',*,*,#12499,.T.);
#12499 = EDGE_CURVE('',#12492,#12500,#12502,.T.);
#12500 = VERTEX_POINT('',#12501);
#12501 = CARTESIAN_POINT('',(-4.859105634411,6.323207872101E-02,
    -0.859596019615));
#12502 = B_SPLINE_CURVE_WITH_KNOTS('',3,(#12503,#12504,#12505,#12506,
    #12507,#12508,#12509,#12510,#12511,#12512,#12513,#12514,#12515),
  .UNSPECIFIED.,.F.,.F.,(4,1,1,1,1,1,1,1,1,1,4),(0.,0.1,0.2,0.3,0.4,0.5,
    0.6,0.7,0.8,0.9,1.),.QUASI_UNIFORM_KNOTS.);
#12503 = CARTESIAN_POINT('',(-4.848487823651,0.15,-0.694737));
#12504 = CARTESIAN_POINT('',(-4.848487823651,0.15,-0.70117902095));
#12505 = CARTESIAN_POINT('',(-4.848564856038,0.14938217014,
    -0.714012530412));
#12506 = CARTESIAN_POINT('',(-4.848914286404,0.146577389736,
    -0.733250621576));
#12507 = CARTESIAN_POINT('',(-4.849491982879,0.141932992184,
    -0.752058269546));
#12508 = CARTESIAN_POINT('',(-4.850286299151,0.135532084694,
    -0.770252523041));
#12509 = CARTESIAN_POINT('',(-4.851299819488,0.127339339651,
    -0.787889326793));
#12510 = CARTESIAN_POINT('',(-4.85251699317,0.117462044138,
    -0.80465277507));
#12511 = CARTESIAN_POINT('',(-4.853911685351,0.106092411837,
    -0.82027511472));
#12512 = CARTESIAN_POINT('',(-4.855485803202,9.31929104169E-02,
    -0.834818348136));
#12513 = CARTESIAN_POINT('',(-4.857223406586,7.886889122245E-02,
    -0.84809586823));
#12514 = CARTESIAN_POINT('',(-4.858463508469,6.857936895562E-02,
    -0.855923276746));
#12515 = CARTESIAN_POINT('',(-4.859105634411,6.323207872101E-02,
    -0.859596019615));
#12516 = ORIENTED_EDGE('',*,*,#12517,.T.);
#12517 = EDGE_CURVE('',#12500,#12382,#12518,.T.);
#12518 = B_SPLINE_CURVE_WITH_KNOTS('',3,(#12519,#12520,#12521,#12522),
  .UNSPECIFIED.,.F.,.F.,(4,4),(0.,1.),.PIECEWISE_BEZIER_KNOTS.);
#12519 = CARTESIAN_POINT('',(-4.859105634411,6.323207872101E-02,
    -0.859596019615));
#12520 = CARTESIAN_POINT('',(-4.867156658855,-3.81265754208E-03,
    -0.905645152214));
#12521 = CARTESIAN_POINT('',(-4.874855924424,-7.088483031405E-02,
    -0.951713129356));
#12522 = CARTESIAN_POINT('',(-4.882203832632,-0.137984408277,
    -0.997799929531));
#12523 = CYLINDRICAL_SURFACE('',#12524,19.40178571429);
#12524 = AXIS2_PLACEMENT_3D('',#12525,#12526,#12527);
#12525 = CARTESIAN_POINT('',(14.40428571429,-2.25,0.));
#12526 = DIRECTION('',(0.,0.,1.));
#12527 = DIRECTION('',(1.,0.,-0.));
#12528 = ADVANCED_FACE('',(#12529),#12581,.F.);
#12529 = FACE_BOUND('',#12530,.F.);
#12530 = EDGE_LOOP('',(#12531,#12541,#12551,#12560,#12561,#12562,#12573)
  );
#12531 = ORIENTED_EDGE('',*,*,#12532,.F.);
#12532 = EDGE_CURVE('',#12533,#12535,#12537,.T.);
#12533 = VERTEX_POINT('',#12534);
#12534 = CARTESIAN_POINT('',(-4.58082932,-3.85833534,-1.343882127816));
#12535 = VERTEX_POINT('',#12536);
#12536 = CARTESIAN_POINT('',(-4.58082932,-0.64166466,-1.343882127816));
#12537 = LINE('',#12538,#12539);
#12538 = CARTESIAN_POINT('',(-4.58082932,-3.85833534,-1.343882127816));
#12539 = VECTOR('',#12540,1.);
#12540 = DIRECTION('',(0.,1.,0.));
#12541 = ORIENTED_EDGE('',*,*,#12542,.F.);
#12542 = EDGE_CURVE('',#12543,#12533,#12545,.T.);
#12543 = VERTEX_POINT('',#12544);
#12544 = CARTESIAN_POINT('',(-4.589134833918,-3.866919803197,
    -1.337852450962));
#12545 = B_SPLINE_CURVE_WITH_KNOTS('',3,(#12546,#12547,#12548,#12549,
    #12550),.UNSPECIFIED.,.F.,.F.,(4,1,4),(0.,0.5,1.),
  .QUASI_UNIFORM_KNOTS.);
#12546 = CARTESIAN_POINT('',(-4.589134833918,-3.866919803197,
    -1.337852450962));
#12547 = CARTESIAN_POINT('',(-4.58778319406,-3.865475654554,
    -1.338844352729));
#12548 = CARTESIAN_POINT('',(-4.585047555168,-3.862600540559,
    -1.340841445053));
#12549 = CARTESIAN_POINT('',(-4.582246435524,-3.859752455524,
    -1.342864387535));
#12550 = CARTESIAN_POINT('',(-4.58082932,-3.85833534,-1.343882127816));
#12551 = ORIENTED_EDGE('',*,*,#12552,.F.);
#12552 = EDGE_CURVE('',#12397,#12543,#12553,.T.);
#12553 = B_SPLINE_CURVE_WITH_KNOTS('',3,(#12554,#12555,#12556,#12557,
    #12558,#12559),.UNSPECIFIED.,.F.,.F.,(4,1,1,4),(0.,0.5,0.75,1.),
  .UNSPECIFIED.);
#12554 = CARTESIAN_POINT('',(-4.882203832632,-4.362015591723,
    -0.997799929531));
#12555 = CARTESIAN_POINT('',(-4.849824556364,-4.272545210803,
    -1.059251934033));
#12556 = CARTESIAN_POINT('',(-4.790826497223,-4.142744507926,
    -1.148404492628));
#12557 = CARTESIAN_POINT('',(-4.686317011324,-3.980593007214,
    -1.259776933979));
#12558 = CARTESIAN_POINT('',(-4.6237289809,-3.90388163895,-1.31246551426
    ));
#12559 = CARTESIAN_POINT('',(-4.589134833918,-3.866919803197,
    -1.337852450962));
#12560 = ORIENTED_EDGE('',*,*,#12396,.F.);
#12561 = ORIENTED_EDGE('',*,*,#12381,.F.);
#12562 = ORIENTED_EDGE('',*,*,#12563,.T.);
#12563 = EDGE_CURVE('',#12382,#12564,#12566,.T.);
#12564 = VERTEX_POINT('',#12565);
#12565 = CARTESIAN_POINT('',(-4.589134833918,-0.633080196803,
    -1.337852450962));
#12566 = B_SPLINE_CURVE_WITH_KNOTS('',3,(#12567,#12568,#12569,#12570,
    #12571,#12572),.UNSPECIFIED.,.F.,.F.,(4,1,1,4),(0.,0.5,0.75,1.),
  .UNSPECIFIED.);
#12567 = CARTESIAN_POINT('',(-4.882203832632,-0.137984408277,
    -0.997799929531));
#12568 = CARTESIAN_POINT('',(-4.849824556364,-0.227454789197,
    -1.059251934033));
#12569 = CARTESIAN_POINT('',(-4.790826497223,-0.357255492074,
    -1.148404492628));
#12570 = CARTESIAN_POINT('',(-4.686317011324,-0.519406992786,
    -1.259776933979));
#12571 = CARTESIAN_POINT('',(-4.6237289809,-0.59611836105,-1.31246551426
    ));
#12572 = CARTESIAN_POINT('',(-4.589134833918,-0.633080196803,
    -1.337852450962));
#12573 = ORIENTED_EDGE('',*,*,#12574,.F.);
#12574 = EDGE_CURVE('',#12535,#12564,#12575,.T.);
#12575 = B_SPLINE_CURVE_WITH_KNOTS('',3,(#12576,#12577,#12578,#12579,
    #12580),.UNSPECIFIED.,.F.,.F.,(4,1,4),(0.,0.5,1.),
  .QUASI_UNIFORM_KNOTS.);
#12576 = CARTESIAN_POINT('',(-4.58082932,-0.64166466,-1.343882127816));
#12577 = CARTESIAN_POINT('',(-4.582246424815,-0.640247555185,
    -1.342864395226));
#12578 = CARTESIAN_POINT('',(-4.585047534079,-0.637399481239,
    -1.340841460366));
#12579 = CARTESIAN_POINT('',(-4.587783183684,-0.634524356531,
    -1.338844360343));
#12580 = CARTESIAN_POINT('',(-4.589134833918,-0.633080196803,
    -1.337852450962));
#12581 = CYLINDRICAL_SURFACE('',#12582,1.);
#12582 = AXIS2_PLACEMENT_3D('',#12583,#12584,#12585);
#12583 = CARTESIAN_POINT('',(-3.9975,-6.3,-0.531646383449));
#12584 = DIRECTION('',(0.,-1.,0.));
#12585 = DIRECTION('',(1.,0.,0.));
#12586 = ADVANCED_FACE('',(#12587),#12640,.T.);
#12587 = FACE_BOUND('',#12588,.T.);
#12588 = EDGE_LOOP('',(#12589,#12611,#12619,#12639));
#12589 = ORIENTED_EDGE('',*,*,#12590,.T.);
#12590 = EDGE_CURVE('',#12533,#12591,#12593,.T.);
#12591 = VERTEX_POINT('',#12592);
#12592 = CARTESIAN_POINT('',(-4.37249398,-3.65,-1.75));
#12593 = B_SPLINE_CURVE_WITH_KNOTS('',3,(#12594,#12595,#12596,#12597,
    #12598,#12599,#12600,#12601,#12602,#12603,#12604,#12605,#12606,
    #12607,#12608,#12609,#12610),.UNSPECIFIED.,.F.,.F.,(4,1,1,1,1,1,1,1,
    1,1,1,1,1,1,4),(0.,7.142857142857E-02,0.142857142857,0.214285714286,
    0.285714285714,0.357142857143,0.428571428571,0.5,0.571428571429,
    0.642857142857,0.714285714286,0.785714285714,0.857142857143,
    0.928571428571,1.),.UNSPECIFIED.);
#12594 = CARTESIAN_POINT('',(-4.58082932,-3.85833534,-1.343882127816));
#12595 = CARTESIAN_POINT('',(-4.570017829034,-3.847523849034,
    -1.351646695821));
#12596 = CARTESIAN_POINT('',(-4.549229171381,-3.826735191381,
    -1.367882653171));
#12597 = CARTESIAN_POINT('',(-4.520516022246,-3.798022042246,
    -1.394183170088));
#12598 = CARTESIAN_POINT('',(-4.494574172124,-3.772080192124,
    -1.42191046342));
#12599 = CARTESIAN_POINT('',(-4.471515460149,-3.749021480149,
    -1.45058124148));
#12600 = CARTESIAN_POINT('',(-4.4512978948,-3.7288039148,-1.479811633813
    ));
#12601 = CARTESIAN_POINT('',(-4.433713271119,-3.711219291119,
    -1.50946874467));
#12602 = CARTESIAN_POINT('',(-4.418626937698,-3.696132957698,
    -1.539357463056));
#12603 = CARTESIAN_POINT('',(-4.405833372148,-3.683339392148,
    -1.569514615696));
#12604 = CARTESIAN_POINT('',(-4.395321936016,-3.672827956016,
    -1.599542927413));
#12605 = CARTESIAN_POINT('',(-4.386855983308,-3.664362003308,
    -1.629676071893));
#12606 = CARTESIAN_POINT('',(-4.380374354315,-3.657880374315,
    -1.65983414661));
#12607 = CARTESIAN_POINT('',(-4.375814326453,-3.653320346453,
    -1.689875464531));
#12608 = CARTESIAN_POINT('',(-4.373091600739,-3.650597620739,
    -1.719994042883));
#12609 = CARTESIAN_POINT('',(-4.37249398,-3.65,-1.740017645532));
#12610 = CARTESIAN_POINT('',(-4.37249398,-3.65,-1.75));
#12611 = ORIENTED_EDGE('',*,*,#12612,.F.);
#12612 = EDGE_CURVE('',#12613,#12591,#12615,.T.);
#12613 = VERTEX_POINT('',#12614);
#12614 = CARTESIAN_POINT('',(-4.37249398,-0.85,-1.75));
#12615 = LINE('',#12616,#12617);
#12616 = CARTESIAN_POINT('',(-4.37249398,-0.85,-1.75));
#12617 = VECTOR('',#12618,1.);
#12618 = DIRECTION('',(0.,-1.,0.));
#12619 = ORIENTED_EDGE('',*,*,#12620,.T.);
#12620 = EDGE_CURVE('',#12613,#12535,#12621,.T.);
#12621 = B_SPLINE_CURVE_WITH_KNOTS('',3,(#12622,#12623,#12624,#12625,
    #12626,#12627,#12628,#12629,#12630,#12631,#12632,#12633,#12634,
    #12635,#12636,#12637,#12638),.UNSPECIFIED.,.F.,.F.,(4,1,1,1,1,1,1,1,
    1,1,1,1,1,1,4),(0.,7.142857142857E-02,0.142857142857,0.214285714286,
    0.285714285714,0.357142857143,0.428571428571,0.5,0.571428571429,
    0.642857142857,0.714285714286,0.785714285714,0.857142857143,
    0.928571428571,1.),.UNSPECIFIED.);
#12622 = CARTESIAN_POINT('',(-4.37249398,-0.85,-1.75));
#12623 = CARTESIAN_POINT('',(-4.37249398,-0.85,-1.740017640727));
#12624 = CARTESIAN_POINT('',(-4.373091602522,-0.849402377478,
    -1.719994068103));
#12625 = CARTESIAN_POINT('',(-4.375814300614,-0.846679679386,
    -1.689875709302));
#12626 = CARTESIAN_POINT('',(-4.380374278116,-0.842119701885,
    -1.659834610272));
#12627 = CARTESIAN_POINT('',(-4.386855787291,-0.835638192709,
    -1.629676844445));
#12628 = CARTESIAN_POINT('',(-4.395321796652,-0.827172183348,
    -1.599543405548));
#12629 = CARTESIAN_POINT('',(-4.405832682715,-0.816661297285,
    -1.56951650403));
#12630 = CARTESIAN_POINT('',(-4.418625657146,-0.803868322854,
    -1.53936022323));
#12631 = CARTESIAN_POINT('',(-4.433711995015,-0.788781984985,
    -1.509471077948));
#12632 = CARTESIAN_POINT('',(-4.4512961725,-0.771197807499,
    -1.479814318362));
#12633 = CARTESIAN_POINT('',(-4.47151364409,-0.75098033591,
    -1.450583717916));
#12634 = CARTESIAN_POINT('',(-4.49457069729,-0.72792328271,
    -1.421914546873));
#12635 = CARTESIAN_POINT('',(-4.520511516756,-0.701982463244,
    -1.39418763366));
#12636 = CARTESIAN_POINT('',(-4.549225019126,-0.673268960874,
    -1.367886071714));
#12637 = CARTESIAN_POINT('',(-4.570016108119,-0.65247787188,
    -1.351647931743));
#12638 = CARTESIAN_POINT('',(-4.58082932,-0.64166466,-1.343882127816));
#12639 = ORIENTED_EDGE('',*,*,#12532,.F.);
#12640 = CYLINDRICAL_SURFACE('',#12641,0.5);
#12641 = AXIS2_PLACEMENT_3D('',#12642,#12643,#12644);
#12642 = CARTESIAN_POINT('',(-4.87249398,-6.3,-1.75));
#12643 = DIRECTION('',(0.,-1.,0.));
#12644 = DIRECTION('',(1.,0.,0.));
#12645 = ADVANCED_FACE('',(#12646),#12696,.T.);
#12646 = FACE_BOUND('',#12647,.T.);
#12647 = EDGE_LOOP('',(#12648,#12656,#12678,#12688,#12694,#12695));
#12648 = ORIENTED_EDGE('',*,*,#12649,.T.);
#12649 = EDGE_CURVE('',#12613,#12650,#12652,.T.);
#12650 = VERTEX_POINT('',#12651);
#12651 = CARTESIAN_POINT('',(-2.62750602,-0.85,-1.75));
#12652 = LINE('',#12653,#12654);
#12653 = CARTESIAN_POINT('',(-4.37249398,-0.85,-1.75));
#12654 = VECTOR('',#12655,1.);
#12655 = DIRECTION('',(1.,0.,0.));
#12656 = ORIENTED_EDGE('',*,*,#12657,.F.);
#12657 = EDGE_CURVE('',#12658,#12650,#12660,.T.);
#12658 = VERTEX_POINT('',#12659);
#12659 = CARTESIAN_POINT('',(-2.41917068,-0.64166466,-1.343882127816));
#12660 = B_SPLINE_CURVE_WITH_KNOTS('',3,(#12661,#12662,#12663,#12664,
    #12665,#12666,#12667,#12668,#12669,#12670,#12671,#12672,#12673,
    #12674,#12675,#12676,#12677),.UNSPECIFIED.,.F.,.F.,(4,1,1,1,1,1,1,1,
    1,1,1,1,1,1,4),(0.,7.142857142857E-02,0.142857142857,0.214285714286,
    0.285714285714,0.357142857143,0.428571428571,0.5,0.571428571429,
    0.642857142857,0.714285714286,0.785714285714,0.857142857143,
    0.928571428571,1.),.UNSPECIFIED.);
#12661 = CARTESIAN_POINT('',(-2.41917068,-0.64166466,-1.343882127816));
#12662 = CARTESIAN_POINT('',(-2.429989987603,-0.652483967603,
    -1.351652309553));
#12663 = CARTESIAN_POINT('',(-2.450788943756,-0.673282923756,
    -1.367897747774));
#12664 = CARTESIAN_POINT('',(-2.479497804542,-0.701991784542,
    -1.394197143572));
#12665 = CARTESIAN_POINT('',(-2.505433537156,-0.727927517156,
    -1.421919682466));
#12666 = CARTESIAN_POINT('',(-2.528487219364,-0.750981199364,
    -1.450584883861));
#12667 = CARTESIAN_POINT('',(-2.548707131068,-0.771201111068,
    -1.47981922664));
#12668 = CARTESIAN_POINT('',(-2.566292705428,-0.788786685428,
    -1.509479530114));
#12669 = CARTESIAN_POINT('',(-2.581379031217,-0.803873011217,
    -1.539370346945));
#12670 = CARTESIAN_POINT('',(-2.594171080072,-0.816665060072,
    -1.56952616581));
#12671 = CARTESIAN_POINT('',(-2.604681558855,-0.827175538855,
    -1.599554295688));
#12672 = CARTESIAN_POINT('',(-2.613145278106,-0.835639258106,
    -1.629681470068));
#12673 = CARTESIAN_POINT('',(-2.619626766349,-0.842120746349,
    -1.659840154975));
#12674 = CARTESIAN_POINT('',(-2.624186140907,-0.846680120907,
    -1.689879906231));
#12675 = CARTESIAN_POINT('',(-2.62690840631,-0.84940238631,
    -1.719995017655));
#12676 = CARTESIAN_POINT('',(-2.62750602,-0.85,-1.740017863609));
#12677 = CARTESIAN_POINT('',(-2.62750602,-0.85,-1.75));
#12678 = ORIENTED_EDGE('',*,*,#12679,.F.);
#12679 = EDGE_CURVE('',#12680,#12658,#12682,.T.);
#12680 = VERTEX_POINT('',#12681);
#12681 = CARTESIAN_POINT('',(-2.410865166082,-0.633080196803,
    -1.337852450962));
#12682 = B_SPLINE_CURVE_WITH_KNOTS('',3,(#12683,#12684,#12685,#12686,
    #12687),.UNSPECIFIED.,.F.,.F.,(4,1,4),(0.,0.5,1.),
  .QUASI_UNIFORM_KNOTS.);
#12683 = CARTESIAN_POINT('',(-2.410865166082,-0.633080196803,
    -1.337852450962));
#12684 = CARTESIAN_POINT('',(-2.412216873578,-0.634524417713,
    -1.338844402365));
#12685 = CARTESIAN_POINT('',(-2.414952582312,-0.637399601549,
    -1.340841544883));
#12686 = CARTESIAN_POINT('',(-2.417753634288,-0.640247614288,
    -1.342864437672));
#12687 = CARTESIAN_POINT('',(-2.41917068,-0.64166466,-1.343882127816));
#12688 = ORIENTED_EDGE('',*,*,#12689,.F.);
#12689 = EDGE_CURVE('',#12564,#12680,#12690,.T.);
#12690 = LINE('',#12691,#12692);
#12691 = CARTESIAN_POINT('',(-4.589134833918,-0.633080196803,
    -1.337852450962));
#12692 = VECTOR('',#12693,1.);
#12693 = DIRECTION('',(1.,0.,0.));
#12694 = ORIENTED_EDGE('',*,*,#12574,.F.);
#12695 = ORIENTED_EDGE('',*,*,#12620,.F.);
#12696 = CYLINDRICAL_SURFACE('',#12697,0.5);
#12697 = AXIS2_PLACEMENT_3D('',#12698,#12699,#12700);
#12698 = CARTESIAN_POINT('',(-5.1,-0.35,-1.75));
#12699 = DIRECTION('',(1.,0.,0.));
#12700 = DIRECTION('',(0.,0.,-1.));
#12701 = ADVANCED_FACE('',(#12702),#12733,.T.);
#12702 = FACE_BOUND('',#12703,.F.);
#12703 = EDGE_LOOP('',(#12704,#12705,#12706,#12714,#12723,#12732));
#12704 = ORIENTED_EDGE('',*,*,#12563,.F.);
#12705 = ORIENTED_EDGE('',*,*,#12517,.F.);
#12706 = ORIENTED_EDGE('',*,*,#12707,.T.);
#12707 = EDGE_CURVE('',#12500,#12708,#12710,.T.);
#12708 = VERTEX_POINT('',#12709);
#12709 = CARTESIAN_POINT('',(-2.140894365589,6.323207872101E-02,
    -0.859596019615));
#12710 = LINE('',#12711,#12712);
#12711 = CARTESIAN_POINT('',(-4.859105634411,6.323207872101E-02,
    -0.859596019615));
#12712 = VECTOR('',#12713,1.);
#12713 = DIRECTION('',(1.,0.,0.));
#12714 = ORIENTED_EDGE('',*,*,#12715,.F.);
#12715 = EDGE_CURVE('',#12716,#12708,#12718,.T.);
#12716 = VERTEX_POINT('',#12717);
#12717 = CARTESIAN_POINT('',(-2.117796167368,-0.137984408277,
    -0.997799929531));
#12718 = B_SPLINE_CURVE_WITH_KNOTS('',3,(#12719,#12720,#12721,#12722),
  .UNSPECIFIED.,.F.,.F.,(4,4),(0.,1.),.PIECEWISE_BEZIER_KNOTS.);
#12719 = CARTESIAN_POINT('',(-2.117796167368,-0.137984408277,
    -0.997799929531));
#12720 = CARTESIAN_POINT('',(-2.125144075576,-7.088483031405E-02,
    -0.951713129356));
#12721 = CARTESIAN_POINT('',(-2.132843341145,-3.812657542078E-03,
    -0.905645152214));
#12722 = CARTESIAN_POINT('',(-2.140894365589,6.323207872101E-02,
    -0.859596019615));
#12723 = ORIENTED_EDGE('',*,*,#12724,.F.);
#12724 = EDGE_CURVE('',#12680,#12716,#12725,.T.);
#12725 = B_SPLINE_CURVE_WITH_KNOTS('',3,(#12726,#12727,#12728,#12729,
    #12730,#12731),.UNSPECIFIED.,.F.,.F.,(4,1,1,4),(0.,0.25,0.5,1.),
  .UNSPECIFIED.);
#12726 = CARTESIAN_POINT('',(-2.410865166082,-0.633080196803,
    -1.337852450962));
#12727 = CARTESIAN_POINT('',(-2.3762710191,-0.59611836105,-1.31246551426
    ));
#12728 = CARTESIAN_POINT('',(-2.313682988676,-0.519406992786,
    -1.259776933979));
#12729 = CARTESIAN_POINT('',(-2.209173502777,-0.357255492074,
    -1.148404492628));
#12730 = CARTESIAN_POINT('',(-2.150175443636,-0.227454789197,
    -1.059251934033));
#12731 = CARTESIAN_POINT('',(-2.117796167368,-0.137984408277,
    -0.997799929531));
#12732 = ORIENTED_EDGE('',*,*,#12689,.F.);
#12733 = PLANE('',#12734);
#12734 = AXIS2_PLACEMENT_3D('',#12735,#12736,#12737);
#12735 = CARTESIAN_POINT('',(-5.1,6.323207872101E-02,-0.859596019615));
#12736 = DIRECTION('',(0.,-0.566160393605,0.824295098076));
#12737 = DIRECTION('',(0.,-0.824295098076,-0.566160393605));
#12738 = ADVANCED_FACE('',(#12739),#12767,.F.);
#12739 = FACE_BOUND('',#12740,.F.);
#12740 = EDGE_LOOP('',(#12741,#12742,#12743,#12751));
#12741 = ORIENTED_EDGE('',*,*,#12707,.F.);
#12742 = ORIENTED_EDGE('',*,*,#12499,.F.);
#12743 = ORIENTED_EDGE('',*,*,#12744,.T.);
#12744 = EDGE_CURVE('',#12492,#12745,#12747,.T.);
#12745 = VERTEX_POINT('',#12746);
#12746 = CARTESIAN_POINT('',(-2.151512176349,0.15,-0.694737));
#12747 = LINE('',#12748,#12749);
#12748 = CARTESIAN_POINT('',(-4.848487823651,0.15,-0.694737));
#12749 = VECTOR('',#12750,1.);
#12750 = DIRECTION('',(1.,0.,0.));
#12751 = ORIENTED_EDGE('',*,*,#12752,.F.);
#12752 = EDGE_CURVE('',#12708,#12745,#12753,.T.);
#12753 = B_SPLINE_CURVE_WITH_KNOTS('',3,(#12754,#12755,#12756,#12757,
    #12758,#12759,#12760,#12761,#12762,#12763,#12764,#12765,#12766),
  .UNSPECIFIED.,.F.,.F.,(4,1,1,1,1,1,1,1,1,1,4),(0.,0.1,0.2,0.3,0.4,0.5,
    0.6,0.7,0.8,0.9,1.),.QUASI_UNIFORM_KNOTS.);
#12754 = CARTESIAN_POINT('',(-2.140894365589,6.323207872101E-02,
    -0.859596019615));
#12755 = CARTESIAN_POINT('',(-2.141536491531,6.857936895564E-02,
    -0.855923276746));
#12756 = CARTESIAN_POINT('',(-2.142776593414,7.886889122248E-02,
    -0.84809586823));
#12757 = CARTESIAN_POINT('',(-2.144514196798,9.31929104169E-02,
    -0.834818348136));
#12758 = CARTESIAN_POINT('',(-2.146088314649,0.106092411837,
    -0.82027511472));
#12759 = CARTESIAN_POINT('',(-2.14748300683,0.117462044138,
    -0.80465277507));
#12760 = CARTESIAN_POINT('',(-2.148700180512,0.127339339651,
    -0.787889326793));
#12761 = CARTESIAN_POINT('',(-2.149713700849,0.135532084694,
    -0.770252523041));
#12762 = CARTESIAN_POINT('',(-2.150508017121,0.141932992184,
    -0.752058269546));
#12763 = CARTESIAN_POINT('',(-2.151085713596,0.146577389736,
    -0.733250621576));
#12764 = CARTESIAN_POINT('',(-2.151435143962,0.14938217014,
    -0.714012530412));
#12765 = CARTESIAN_POINT('',(-2.151512176349,0.15,-0.70117902095));
#12766 = CARTESIAN_POINT('',(-2.151512176349,0.15,-0.694737));
#12767 = CYLINDRICAL_SURFACE('',#12768,0.2);
#12768 = AXIS2_PLACEMENT_3D('',#12769,#12770,#12771);
#12769 = CARTESIAN_POINT('',(-5.1,-5.E-02,-0.694737));
#12770 = DIRECTION('',(1.,0.,0.));
#12771 = DIRECTION('',(0.,0.,-1.));
#12772 = ADVANCED_FACE('',(#12773),#12791,.T.);
#12773 = FACE_BOUND('',#12774,.F.);
#12774 = EDGE_LOOP('',(#12775,#12783,#12789,#12790));
#12775 = ORIENTED_EDGE('',*,*,#12776,.T.);
#12776 = EDGE_CURVE('',#12468,#12777,#12779,.T.);
#12777 = VERTEX_POINT('',#12778);
#12778 = CARTESIAN_POINT('',(-2.151512176349,0.15,-0.2));
#12779 = LINE('',#12780,#12781);
#12780 = CARTESIAN_POINT('',(-4.848487823651,0.15,-0.2));
#12781 = VECTOR('',#12782,1.);
#12782 = DIRECTION('',(1.,0.,-4.330608706365E-14));
#12783 = ORIENTED_EDGE('',*,*,#12784,.F.);
#12784 = EDGE_CURVE('',#12745,#12777,#12785,.T.);
#12785 = LINE('',#12786,#12787);
#12786 = CARTESIAN_POINT('',(-2.151512176349,0.15,-0.694737));
#12787 = VECTOR('',#12788,1.);
#12788 = DIRECTION('',(0.,0.,1.));
#12789 = ORIENTED_EDGE('',*,*,#12744,.F.);
#12790 = ORIENTED_EDGE('',*,*,#12491,.T.);
#12791 = PLANE('',#12792);
#12792 = AXIS2_PLACEMENT_3D('',#12793,#12794,#12795);
#12793 = CARTESIAN_POINT('',(-5.1,0.15,-0.2));
#12794 = DIRECTION('',(0.,-1.,0.));
#12795 = DIRECTION('',(0.,0.,-1.));
#12796 = ADVANCED_FACE('',(#12797),#12824,.T.);
#12797 = FACE_BOUND('',#12798,.T.);
#12798 = EDGE_LOOP('',(#12799,#12821,#12822,#12823));
#12799 = ORIENTED_EDGE('',*,*,#12800,.T.);
#12800 = EDGE_CURVE('',#12777,#439,#12801,.T.);
#12801 = B_SPLINE_CURVE_WITH_KNOTS('',3,(#12802,#12803,#12804,#12805,
    #12806,#12807,#12808,#12809,#12810,#12811,#12812,#12813,#12814,
    #12815,#12816,#12817,#12818,#12819,#12820),.UNSPECIFIED.,.F.,.F.,(4,
    1,1,1,1,1,1,1,1,1,1,1,1,1,1,1,4),(0.,6.25E-02,0.125,0.1875,0.25,
    0.3125,0.375,0.4375,0.5,0.5625,0.625,0.6875,0.75,0.8125,0.875,0.9375
    ,1.),.QUASI_UNIFORM_KNOTS.);
#12802 = CARTESIAN_POINT('',(-2.151512176349,0.15,-0.2));
#12803 = CARTESIAN_POINT('',(-2.151512176349,0.15,-0.193493765048));
#12804 = CARTESIAN_POINT('',(-2.151590717975,0.150630188697,
    -0.180524302422));
#12805 = CARTESIAN_POINT('',(-2.151948509024,0.153498658259,
    -0.161057593717));
#12806 = CARTESIAN_POINT('',(-2.152543481094,0.158260908192,
    -0.142002969818));
#12807 = CARTESIAN_POINT('',(-2.153364422932,0.164816113018,
    -0.123623049344));
#12808 = CARTESIAN_POINT('',(-2.154409079869,0.173131655501,
    -0.105948122299));
#12809 = CARTESIAN_POINT('',(-2.155681307364,0.183219601809,
    -8.903159095259E-02));
#12810 = CARTESIAN_POINT('',(-2.157164569548,0.194927161809,
    -7.31897989619E-02));
#12811 = CARTESIAN_POINT('',(-2.158835184828,0.208045392824,
    -5.866327917162E-02));
#12812 = CARTESIAN_POINT('',(-2.160689178981,0.222520822918,
    -4.547526217292E-02));
#12813 = CARTESIAN_POINT('',(-2.162730366419,0.238358556427,
    -3.366665843632E-02));
#12814 = CARTESIAN_POINT('',(-2.164928758495,0.255301410422,
    -2.347360177574E-02));
#12815 = CARTESIAN_POINT('',(-2.167247652601,0.273047101006,
    -1.505061311621E-02));
#12816 = CARTESIAN_POINT('',(-2.169679765983,0.29152384622,
    -8.401748604064E-03));
#12817 = CARTESIAN_POINT('',(-2.17222549864,0.310718170768,
    -3.560862627132E-03));
#12818 = CARTESIAN_POINT('',(-2.174848329231,0.330340648864,
    -6.426845829843E-04));
#12819 = CARTESIAN_POINT('',(-2.176611573792,0.343430161417,0.));
#12820 = CARTESIAN_POINT('',(-2.1775,0.35,0.));
#12821 = ORIENTED_EDGE('',*,*,#447,.F.);
#12822 = ORIENTED_EDGE('',*,*,#12467,.T.);
#12823 = ORIENTED_EDGE('',*,*,#12776,.T.);
#12824 = CYLINDRICAL_SURFACE('',#12825,0.2);
#12825 = AXIS2_PLACEMENT_3D('',#12826,#12827,#12828);
#12826 = CARTESIAN_POINT('',(-5.1,0.35,-0.2));
#12827 = DIRECTION('',(1.,0.,0.));
#12828 = DIRECTION('',(0.,0.,-1.));
#12829 = ADVANCED_FACE('',(#12830),#12920,.F.);
#12830 = FACE_BOUND('',#12831,.F.);
#12831 = EDGE_LOOP('',(#12832,#12847,#12858,#12859,#12860,#12861,#12862,
    #12863,#12887,#12895,#12913));
#12832 = ORIENTED_EDGE('',*,*,#12833,.T.);
#12833 = EDGE_CURVE('',#12834,#12836,#12838,.T.);
#12834 = VERTEX_POINT('',#12835);
#12835 = CARTESIAN_POINT('',(-2.117796167368,-4.362015591723,
    -0.997799929531));
#12836 = VERTEX_POINT('',#12837);
#12837 = CARTESIAN_POINT('',(-2.0025,-2.25,-0.531646383449));
#12838 = B_SPLINE_CURVE_WITH_KNOTS('',3,(#12839,#12840,#12841,#12842,
    #12843,#12844,#12845,#12846),.UNSPECIFIED.,.F.,.F.,(4,1,1,1,1,4),(0.
    ,0.2,0.4,0.6,0.8,1.),.QUASI_UNIFORM_KNOTS.);
#12839 = CARTESIAN_POINT('',(-2.117796167368,-4.362015591723,
    -0.997799929531));
#12840 = CARTESIAN_POINT('',(-2.102766835173,-4.2247708387,
    -0.969276049565));
#12841 = CARTESIAN_POINT('',(-2.075482456754,-3.948556200993,
    -0.910807731853));
#12842 = CARTESIAN_POINT('',(-2.043147747477,-3.528784211697,
    -0.819367867265));
#12843 = CARTESIAN_POINT('',(-2.019764137204,-3.104558423632,
    -0.725003916586));
#12844 = CARTESIAN_POINT('',(-2.00563615667,-2.677330100302,
    -0.628662487125));
#12845 = CARTESIAN_POINT('',(-2.0025,-2.392542769065,-0.564007562727));
#12846 = CARTESIAN_POINT('',(-2.0025,-2.25,-0.531646383449));
#12847 = ORIENTED_EDGE('',*,*,#12848,.T.);
#12848 = EDGE_CURVE('',#12836,#12716,#12849,.T.);
#12849 = B_SPLINE_CURVE_WITH_KNOTS('',3,(#12850,#12851,#12852,#12853,
    #12854,#12855,#12856,#12857),.UNSPECIFIED.,.F.,.F.,(4,1,1,1,1,4),(0.
    ,0.2,0.4,0.6,0.8,1.),.QUASI_UNIFORM_KNOTS.);
#12850 = CARTESIAN_POINT('',(-2.0025,-2.25,-0.531646383449));
#12851 = CARTESIAN_POINT('',(-2.0025,-2.107456912869,-0.564007634936));
#12852 = CARTESIAN_POINT('',(-2.005636169809,-1.822669144291,
    -0.62866265858));
#12853 = CARTESIAN_POINT('',(-2.019764180234,-1.39544065692,
    -0.725004122401));
#12854 = CARTESIAN_POINT('',(-2.043147769813,-0.971215510151,
    -0.819367927779));
#12855 = CARTESIAN_POINT('',(-2.075482461844,-0.551443748817,
    -0.910807742385));
#12856 = CARTESIAN_POINT('',(-2.102766834203,-0.275229170155,
    -0.969276047725));
#12857 = CARTESIAN_POINT('',(-2.117796167368,-0.137984408277,
    -0.997799929531));
#12858 = ORIENTED_EDGE('',*,*,#12715,.T.);
#12859 = ORIENTED_EDGE('',*,*,#12752,.T.);
#12860 = ORIENTED_EDGE('',*,*,#12784,.T.);
#12861 = ORIENTED_EDGE('',*,*,#12800,.T.);
#12862 = ORIENTED_EDGE('',*,*,#438,.F.);
#12863 = ORIENTED_EDGE('',*,*,#12864,.T.);
#12864 = EDGE_CURVE('',#431,#12865,#12867,.T.);
#12865 = VERTEX_POINT('',#12866);
#12866 = CARTESIAN_POINT('',(-2.151512176349,-4.65,-0.2));
#12867 = B_SPLINE_CURVE_WITH_KNOTS('',3,(#12868,#12869,#12870,#12871,
    #12872,#12873,#12874,#12875,#12876,#12877,#12878,#12879,#12880,
    #12881,#12882,#12883,#12884,#12885,#12886),.UNSPECIFIED.,.F.,.F.,(4,
    1,1,1,1,1,1,1,1,1,1,1,1,1,1,1,4),(0.,6.25E-02,0.125,0.1875,0.25,
    0.3125,0.375,0.4375,0.5,0.5625,0.625,0.6875,0.75,0.8125,0.875,0.9375
    ,1.),.QUASI_UNIFORM_KNOTS.);
#12868 = CARTESIAN_POINT('',(-2.1775,-4.85,0.));
#12869 = CARTESIAN_POINT('',(-2.176611489664,-4.843429539292,0.));
#12870 = CARTESIAN_POINT('',(-2.17484824341,-4.830340005457,
    -6.427987299215E-04));
#12871 = CARTESIAN_POINT('',(-2.172225802952,-4.810720444786,
    -3.560553097511E-03));
#12872 = CARTESIAN_POINT('',(-2.169681132296,-4.791534152068,
    -8.399122297486E-03));
#12873 = CARTESIAN_POINT('',(-2.167250369235,-4.773067825121,
    -1.504183857996E-02));
#12874 = CARTESIAN_POINT('',(-2.164929319875,-4.755305752925,
    -2.347074463782E-02));
#12875 = CARTESIAN_POINT('',(-2.162730655438,-4.738360786213,
    -3.366522492636E-02));
#12876 = CARTESIAN_POINT('',(-2.160689794504,-4.722525599967,
    -4.547174655375E-02));
#12877 = CARTESIAN_POINT('',(-2.158836648798,-4.708056857664,
    -5.865172254635E-02));
#12878 = CARTESIAN_POINT('',(-2.157164822902,-4.69492917236,
    -7.318666804762E-02));
#12879 = CARTESIAN_POINT('',(-2.155681165608,-4.683218479653,
    -8.903318461193E-02));
#12880 = CARTESIAN_POINT('',(-2.154409122159,-4.673131986984,
    -0.105948104797));
#12881 = CARTESIAN_POINT('',(-2.153364902459,-4.664819935896,
    -0.123613955944));
#12882 = CARTESIAN_POINT('',(-2.152543472196,-4.658260840646,
    -0.14200164866));
#12883 = CARTESIAN_POINT('',(-2.151948287575,-4.653496883926,
    -0.161066090273));
#12884 = CARTESIAN_POINT('',(-2.151590676462,-4.650629855412,
    -0.180529481838));
#12885 = CARTESIAN_POINT('',(-2.151512176349,-4.65,-0.193496053457));
#12886 = CARTESIAN_POINT('',(-2.151512176349,-4.65,-0.2));
#12887 = ORIENTED_EDGE('',*,*,#12888,.F.);
#12888 = EDGE_CURVE('',#12889,#12865,#12891,.T.);
#12889 = VERTEX_POINT('',#12890);
#12890 = CARTESIAN_POINT('',(-2.151512176349,-4.65,-0.694737));
#12891 = LINE('',#12892,#12893);
#12892 = CARTESIAN_POINT('',(-2.151512176349,-4.65,-0.694737));
#12893 = VECTOR('',#12894,1.);
#12894 = DIRECTION('',(0.,0.,1.));
#12895 = ORIENTED_EDGE('',*,*,#12896,.T.);
#12896 = EDGE_CURVE('',#12889,#12897,#12899,.T.);
#12897 = VERTEX_POINT('',#12898);
#12898 = CARTESIAN_POINT('',(-2.140894365589,-4.563232078721,
    -0.859596019615));
#12899 = B_SPLINE_CURVE_WITH_KNOTS('',3,(#12900,#12901,#12902,#12903,
    #12904,#12905,#12906,#12907,#12908,#12909,#12910,#12911,#12912),
  .UNSPECIFIED.,.F.,.F.,(4,1,1,1,1,1,1,1,1,1,4),(0.,0.1,0.2,0.3,0.4,0.5,
    0.6,0.7,0.8,0.9,1.),.QUASI_UNIFORM_KNOTS.);
#12900 = CARTESIAN_POINT('',(-2.151512176349,-4.65,-0.694737));
#12901 = CARTESIAN_POINT('',(-2.151512176349,-4.65,-0.701177155844));
#12902 = CARTESIAN_POINT('',(-2.151435179794,-4.649382457217,
    -0.714008572384));
#12903 = CARTESIAN_POINT('',(-2.151085837974,-4.646578389573,
    -0.733246565606));
#12904 = CARTESIAN_POINT('',(-2.150507866052,-4.641931777208,
    -0.752062769176));
#12905 = CARTESIAN_POINT('',(-2.149713635562,-4.635531555784,
    -0.770253279884));
#12906 = CARTESIAN_POINT('',(-2.148700321555,-4.627340481213,
    -0.78788717593));
#12907 = CARTESIAN_POINT('',(-2.147482925823,-4.617461391846,
    -0.804654177454));
#12908 = CARTESIAN_POINT('',(-2.14608785162,-4.606088624255,
    -0.820279664475));
#12909 = CARTESIAN_POINT('',(-2.144514378851,-4.593194398597,
    -0.834816541193));
#12910 = CARTESIAN_POINT('',(-2.142776845743,-4.578870980193,
    -0.848094198287));
#12911 = CARTESIAN_POINT('',(-2.141536624663,-4.56858047761,
    -0.855922515276));
#12912 = CARTESIAN_POINT('',(-2.140894365589,-4.563232078721,
    -0.859596019615));
#12913 = ORIENTED_EDGE('',*,*,#12914,.T.);
#12914 = EDGE_CURVE('',#12897,#12834,#12915,.T.);
#12915 = B_SPLINE_CURVE_WITH_KNOTS('',3,(#12916,#12917,#12918,#12919),
  .UNSPECIFIED.,.F.,.F.,(4,4),(0.,1.),.PIECEWISE_BEZIER_KNOTS.);
#12916 = CARTESIAN_POINT('',(-2.140894365589,-4.563232078721,
    -0.859596019615));
#12917 = CARTESIAN_POINT('',(-2.132843341145,-4.496187342458,
    -0.905645152214));
#12918 = CARTESIAN_POINT('',(-2.125144075576,-4.429115169686,
    -0.951713129356));
#12919 = CARTESIAN_POINT('',(-2.117796167368,-4.362015591723,
    -0.997799929531));
#12920 = CYLINDRICAL_SURFACE('',#12921,19.40178571429);
#12921 = AXIS2_PLACEMENT_3D('',#12922,#12923,#12924);
#12922 = CARTESIAN_POINT('',(-21.40428571429,-2.25,0.));
#12923 = DIRECTION('',(0.,0.,1.));
#12924 = DIRECTION('',(1.,0.,-0.));
#12925 = ADVANCED_FACE('',(#12926),#12959,.F.);
#12926 = FACE_BOUND('',#12927,.F.);
#12927 = EDGE_LOOP('',(#12928,#12936,#12937,#12938,#12939,#12940,#12951)
  );
#12928 = ORIENTED_EDGE('',*,*,#12929,.T.);
#12929 = EDGE_CURVE('',#12930,#12658,#12932,.T.);
#12930 = VERTEX_POINT('',#12931);
#12931 = CARTESIAN_POINT('',(-2.41917068,-3.85833534,-1.343882127816));
#12932 = LINE('',#12933,#12934);
#12933 = CARTESIAN_POINT('',(-2.41917068,-3.85833534,-1.343882127816));
#12934 = VECTOR('',#12935,1.);
#12935 = DIRECTION('',(0.,1.,0.));
#12936 = ORIENTED_EDGE('',*,*,#12679,.F.);
#12937 = ORIENTED_EDGE('',*,*,#12724,.T.);
#12938 = ORIENTED_EDGE('',*,*,#12848,.F.);
#12939 = ORIENTED_EDGE('',*,*,#12833,.F.);
#12940 = ORIENTED_EDGE('',*,*,#12941,.F.);
#12941 = EDGE_CURVE('',#12942,#12834,#12944,.T.);
#12942 = VERTEX_POINT('',#12943);
#12943 = CARTESIAN_POINT('',(-2.410865166082,-3.866919803197,
    -1.337852450962));
#12944 = B_SPLINE_CURVE_WITH_KNOTS('',3,(#12945,#12946,#12947,#12948,
    #12949,#12950),.UNSPECIFIED.,.F.,.F.,(4,1,1,4),(0.,0.25,0.5,1.),
  .UNSPECIFIED.);
#12945 = CARTESIAN_POINT('',(-2.410865166082,-3.866919803197,
    -1.337852450962));
#12946 = CARTESIAN_POINT('',(-2.3762710191,-3.90388163895,-1.31246551426
    ));
#12947 = CARTESIAN_POINT('',(-2.313682988676,-3.980593007214,
    -1.259776933979));
#12948 = CARTESIAN_POINT('',(-2.209173502777,-4.142744507926,
    -1.148404492628));
#12949 = CARTESIAN_POINT('',(-2.150175443636,-4.272545210803,
    -1.059251934033));
#12950 = CARTESIAN_POINT('',(-2.117796167368,-4.362015591723,
    -0.997799929531));
#12951 = ORIENTED_EDGE('',*,*,#12952,.F.);
#12952 = EDGE_CURVE('',#12930,#12942,#12953,.T.);
#12953 = B_SPLINE_CURVE_WITH_KNOTS('',3,(#12954,#12955,#12956,#12957,
    #12958),.UNSPECIFIED.,.F.,.F.,(4,1,4),(0.,0.5,1.),
  .QUASI_UNIFORM_KNOTS.);
#12954 = CARTESIAN_POINT('',(-2.41917068,-3.85833534,-1.343882127816));
#12955 = CARTESIAN_POINT('',(-2.41775362339,-3.85975239661,
    -1.342864429845));
#12956 = CARTESIAN_POINT('',(-2.414952560851,-3.862600420635,
    -1.340841529299));
#12957 = CARTESIAN_POINT('',(-2.412216863019,-3.865475593568,
    -1.338844394616));
#12958 = CARTESIAN_POINT('',(-2.410865166082,-3.866919803197,
    -1.337852450962));
#12959 = CYLINDRICAL_SURFACE('',#12960,1.);
#12960 = AXIS2_PLACEMENT_3D('',#12961,#12962,#12963);
#12961 = CARTESIAN_POINT('',(-3.0025,-6.3,-0.531646383449));
#12962 = DIRECTION('',(0.,-1.,0.));
#12963 = DIRECTION('',(1.,0.,0.));
#12964 = ADVANCED_FACE('',(#12965),#12997,.T.);
#12965 = FACE_BOUND('',#12966,.T.);
#12966 = EDGE_LOOP('',(#12967,#12968,#12976,#12996));
#12967 = ORIENTED_EDGE('',*,*,#12657,.T.);
#12968 = ORIENTED_EDGE('',*,*,#12969,.T.);
#12969 = EDGE_CURVE('',#12650,#12970,#12972,.T.);
#12970 = VERTEX_POINT('',#12971);
#12971 = CARTESIAN_POINT('',(-2.62750602,-3.65,-1.75));
#12972 = LINE('',#12973,#12974);
#12973 = CARTESIAN_POINT('',(-2.62750602,-0.85,-1.75));
#12974 = VECTOR('',#12975,1.);
#12975 = DIRECTION('',(0.,-1.,0.));
#12976 = ORIENTED_EDGE('',*,*,#12977,.T.);
#12977 = EDGE_CURVE('',#12970,#12930,#12978,.T.);
#12978 = B_SPLINE_CURVE_WITH_KNOTS('',3,(#12979,#12980,#12981,#12982,
    #12983,#12984,#12985,#12986,#12987,#12988,#12989,#12990,#12991,
    #12992,#12993,#12994,#12995),.UNSPECIFIED.,.F.,.F.,(4,1,1,1,1,1,1,1,
    1,1,1,1,1,1,4),(0.,7.142857142857E-02,0.142857142857,0.214285714286,
    0.285714285714,0.357142857143,0.428571428571,0.5,0.571428571429,
    0.642857142857,0.714285714286,0.785714285714,0.857142857143,
    0.928571428571,1.),.UNSPECIFIED.);
#12979 = CARTESIAN_POINT('',(-2.62750602,-3.65,-1.75));
#12980 = CARTESIAN_POINT('',(-2.62750602,-3.65,-1.740017246061));
#12981 = CARTESIAN_POINT('',(-2.626908323458,-3.650597696542,
    -1.719993365025));
#12982 = CARTESIAN_POINT('',(-2.62418590252,-3.65332011748,
    -1.689877832105));
#12983 = CARTESIAN_POINT('',(-2.619626243504,-3.657879776496,
    -1.659837227937));
#12984 = CARTESIAN_POINT('',(-2.613144494983,-3.664361525017,
    -1.629678276282));
#12985 = CARTESIAN_POINT('',(-2.604680402792,-3.672825617208,
    -1.599550590343));
#12986 = CARTESIAN_POINT('',(-2.594169502603,-3.683336517397,
    -1.569522040532));
#12987 = CARTESIAN_POINT('',(-2.581376851318,-3.696129168682,
    -1.539365635004));
#12988 = CARTESIAN_POINT('',(-2.566290309882,-3.711215710118,
    -1.509475170284));
#12989 = CARTESIAN_POINT('',(-2.548704488126,-3.728801531874,
    -1.479815119563));
#12990 = CARTESIAN_POINT('',(-2.528484380594,-3.749021639406,
    -1.450581050422));
#12991 = CARTESIAN_POINT('',(-2.505429407239,-3.772076612761,
    -1.421914867258));
#12992 = CARTESIAN_POINT('',(-2.47949280401,-3.79801321599,
    -1.394192200456));
#12993 = CARTESIAN_POINT('',(-2.450784581947,-3.826721438053,
    -1.367894165407));
#12994 = CARTESIAN_POINT('',(-2.429988198998,-3.847517821002,
    -1.351651025017));
#12995 = CARTESIAN_POINT('',(-2.41917068,-3.85833534,-1.343882127816));
#12996 = ORIENTED_EDGE('',*,*,#12929,.T.);
#12997 = CYLINDRICAL_SURFACE('',#12998,0.5);
#12998 = AXIS2_PLACEMENT_3D('',#12999,#13000,#13001);
#12999 = CARTESIAN_POINT('',(-2.12750602,-6.3,-1.75));
#13000 = DIRECTION('',(0.,-1.,0.));
#13001 = DIRECTION('',(1.,0.,0.));
#13002 = ADVANCED_FACE('',(#13003),#13021,.T.);
#13003 = FACE_BOUND('',#13004,.T.);
#13004 = EDGE_LOOP('',(#13005,#13006,#13012,#13013,#13014,#13020));
#13005 = ORIENTED_EDGE('',*,*,#12542,.F.);
#13006 = ORIENTED_EDGE('',*,*,#13007,.T.);
#13007 = EDGE_CURVE('',#12543,#12942,#13008,.T.);
#13008 = LINE('',#13009,#13010);
#13009 = CARTESIAN_POINT('',(-4.589134833918,-3.866919803197,
    -1.337852450962));
#13010 = VECTOR('',#13011,1.);
#13011 = DIRECTION('',(1.,0.,0.));
#13012 = ORIENTED_EDGE('',*,*,#12952,.F.);
#13013 = ORIENTED_EDGE('',*,*,#12977,.F.);
#13014 = ORIENTED_EDGE('',*,*,#13015,.F.);
#13015 = EDGE_CURVE('',#12591,#12970,#13016,.T.);
#13016 = LINE('',#13017,#13018);
#13017 = CARTESIAN_POINT('',(-4.37249398,-3.65,-1.75));
#13018 = VECTOR('',#13019,1.);
#13019 = DIRECTION('',(1.,0.,0.));
#13020 = ORIENTED_EDGE('',*,*,#12590,.F.);
#13021 = CYLINDRICAL_SURFACE('',#13022,0.5);
#13022 = AXIS2_PLACEMENT_3D('',#13023,#13024,#13025);
#13023 = CARTESIAN_POINT('',(-5.1,-4.15,-1.75));
#13024 = DIRECTION('',(1.,0.,0.));
#13025 = DIRECTION('',(0.,0.,-1.));
#13026 = ADVANCED_FACE('',(#13027),#13033,.T.);
#13027 = FACE_BOUND('',#13028,.F.);
#13028 = EDGE_LOOP('',(#13029,#13030,#13031,#13032));
#13029 = ORIENTED_EDGE('',*,*,#12612,.F.);
#13030 = ORIENTED_EDGE('',*,*,#12649,.T.);
#13031 = ORIENTED_EDGE('',*,*,#12969,.T.);
#13032 = ORIENTED_EDGE('',*,*,#13015,.F.);
#13033 = PLANE('',#13034);
#13034 = AXIS2_PLACEMENT_3D('',#13035,#13036,#13037);
#13035 = CARTESIAN_POINT('',(-1.75,0.,-1.75));
#13036 = DIRECTION('',(0.,0.,1.));
#13037 = DIRECTION('',(1.,0.,-0.));
#13038 = ADVANCED_FACE('',(#13039),#13052,.T.);
#13039 = FACE_BOUND('',#13040,.F.);
#13040 = EDGE_LOOP('',(#13041,#13042,#13043,#13044,#13045,#13051));
#13041 = ORIENTED_EDGE('',*,*,#12552,.T.);
#13042 = ORIENTED_EDGE('',*,*,#13007,.T.);
#13043 = ORIENTED_EDGE('',*,*,#12941,.T.);
#13044 = ORIENTED_EDGE('',*,*,#12914,.F.);
#13045 = ORIENTED_EDGE('',*,*,#13046,.F.);
#13046 = EDGE_CURVE('',#12410,#12897,#13047,.T.);
#13047 = LINE('',#13048,#13049);
#13048 = CARTESIAN_POINT('',(-4.859105634411,-4.563232078721,
    -0.859596019615));
#13049 = VECTOR('',#13050,1.);
#13050 = DIRECTION('',(1.,0.,0.));
#13051 = ORIENTED_EDGE('',*,*,#12409,.F.);
#13052 = PLANE('',#13053);
#13053 = AXIS2_PLACEMENT_3D('',#13054,#13055,#13056);
#13054 = CARTESIAN_POINT('',(-5.1,-3.866919803197,-1.337852450962));
#13055 = DIRECTION('',(0.,0.566160393605,0.824295098076));
#13056 = DIRECTION('',(0.,-0.824295098076,0.566160393605));
#13057 = ADVANCED_FACE('',(#13058),#13069,.F.);
#13058 = FACE_BOUND('',#13059,.F.);
#13059 = EDGE_LOOP('',(#13060,#13066,#13067,#13068));
#13060 = ORIENTED_EDGE('',*,*,#13061,.F.);
#13061 = EDGE_CURVE('',#12419,#12889,#13062,.T.);
#13062 = LINE('',#13063,#13064);
#13063 = CARTESIAN_POINT('',(-4.848487823651,-4.65,-0.694737));
#13064 = VECTOR('',#13065,1.);
#13065 = DIRECTION('',(1.,0.,0.));
#13066 = ORIENTED_EDGE('',*,*,#12418,.F.);
#13067 = ORIENTED_EDGE('',*,*,#13046,.T.);
#13068 = ORIENTED_EDGE('',*,*,#12896,.F.);
#13069 = CYLINDRICAL_SURFACE('',#13070,0.2);
#13070 = AXIS2_PLACEMENT_3D('',#13071,#13072,#13073);
#13071 = CARTESIAN_POINT('',(-5.1,-4.45,-0.694737));
#13072 = DIRECTION('',(1.,0.,0.));
#13073 = DIRECTION('',(0.,0.,-1.));
#13074 = ADVANCED_FACE('',(#13075),#13086,.T.);
#13075 = FACE_BOUND('',#13076,.F.);
#13076 = EDGE_LOOP('',(#13077,#13078,#13079,#13085));
#13077 = ORIENTED_EDGE('',*,*,#13061,.T.);
#13078 = ORIENTED_EDGE('',*,*,#12888,.T.);
#13079 = ORIENTED_EDGE('',*,*,#13080,.F.);
#13080 = EDGE_CURVE('',#12437,#12865,#13081,.T.);
#13081 = LINE('',#13082,#13083);
#13082 = CARTESIAN_POINT('',(-4.848487823651,-4.65,-0.2));
#13083 = VECTOR('',#13084,1.);
#13084 = DIRECTION('',(1.,0.,0.));
#13085 = ORIENTED_EDGE('',*,*,#12436,.F.);
#13086 = PLANE('',#13087);
#13087 = AXIS2_PLACEMENT_3D('',#13088,#13089,#13090);
#13088 = CARTESIAN_POINT('',(-5.1,-4.65,-0.694737));
#13089 = DIRECTION('',(0.,1.,0.));
#13090 = DIRECTION('',(0.,-0.,1.));
#13091 = ADVANCED_FACE('',(#13092),#13098,.T.);
#13092 = FACE_BOUND('',#13093,.T.);
#13093 = EDGE_LOOP('',(#13094,#13095,#13096,#13097));
#13094 = ORIENTED_EDGE('',*,*,#12444,.T.);
#13095 = ORIENTED_EDGE('',*,*,#430,.T.);
#13096 = ORIENTED_EDGE('',*,*,#12864,.T.);
#13097 = ORIENTED_EDGE('',*,*,#13080,.F.);
#13098 = CYLINDRICAL_SURFACE('',#13099,0.2);
#13099 = AXIS2_PLACEMENT_3D('',#13100,#13101,#13102);
#13100 = CARTESIAN_POINT('',(-5.1,-4.85,-0.2));
#13101 = DIRECTION('',(1.,0.,0.));
#13102 = DIRECTION('',(0.,0.,-1.));
#13103 = ADVANCED_FACE('',(#13104),#13249,.F.);
#13104 = FACE_BOUND('',#13105,.F.);
#13105 = EDGE_LOOP('',(#13106,#13121,#13134,#13143,#13161,#13169,#13191,
    #13192,#13216,#13224,#13242));
#13106 = ORIENTED_EDGE('',*,*,#13107,.T.);
#13107 = EDGE_CURVE('',#13108,#13110,#13112,.T.);
#13108 = VERTEX_POINT('',#13109);
#13109 = CARTESIAN_POINT('',(-8.382203832632,-0.137984408277,
    -0.997799929531));
#13110 = VERTEX_POINT('',#13111);
#13111 = CARTESIAN_POINT('',(-8.4975,-2.25,-0.531646383449));
#13112 = B_SPLINE_CURVE_WITH_KNOTS('',3,(#13113,#13114,#13115,#13116,
    #13117,#13118,#13119,#13120),.UNSPECIFIED.,.F.,.F.,(4,1,1,1,1,4),(0.
    ,0.2,0.4,0.6,0.8,1.),.QUASI_UNIFORM_KNOTS.);
#13113 = CARTESIAN_POINT('',(-8.382203832632,-0.137984408277,
    -0.997799929531));
#13114 = CARTESIAN_POINT('',(-8.397233085003,-0.275228432362,
    -0.969276201062));
#13115 = CARTESIAN_POINT('',(-8.424517413159,-0.55144221434,
    -0.910808075263));
#13116 = CARTESIAN_POINT('',(-8.456852350439,-0.971216996085,
    -0.819367604726));
#13117 = CARTESIAN_POINT('',(-8.480235900508,-1.395442863545,
    -0.725003625264));
#13118 = CARTESIAN_POINT('',(-8.49436379023,-1.822667983887,
    -0.628662920347));
#13119 = CARTESIAN_POINT('',(-8.4975,-2.107456360393,-0.564007760364));
#13120 = CARTESIAN_POINT('',(-8.4975,-2.25,-0.531646383449));
#13121 = ORIENTED_EDGE('',*,*,#13122,.T.);
#13122 = EDGE_CURVE('',#13110,#13123,#13125,.T.);
#13123 = VERTEX_POINT('',#13124);
#13124 = CARTESIAN_POINT('',(-8.382203832632,-4.362015591723,
    -0.997799929531));
#13125 = B_SPLINE_CURVE_WITH_KNOTS('',3,(#13126,#13127,#13128,#13129,
    #13130,#13131,#13132,#13133),.UNSPECIFIED.,.F.,.F.,(4,1,1,1,1,4),(0.
    ,0.2,0.4,0.6,0.8,1.),.QUASI_UNIFORM_KNOTS.);
#13126 = CARTESIAN_POINT('',(-8.4975,-2.25,-0.531646383449));
#13127 = CARTESIAN_POINT('',(-8.4975,-2.392543956504,-0.564007832309));
#13128 = CARTESIAN_POINT('',(-8.494363777142,-2.677332769213,
    -0.628663091279));
#13129 = CARTESIAN_POINT('',(-8.480235857522,-3.104558055803,
    -0.725003831062));
#13130 = CARTESIAN_POINT('',(-8.456852327778,-3.528783287123,
    -0.819367666355));
#13131 = CARTESIAN_POINT('',(-8.424517407879,-3.948557837719,
    -0.910808086191));
#13132 = CARTESIAN_POINT('',(-8.397233085883,-4.224771559596,
    -0.969276199391));
#13133 = CARTESIAN_POINT('',(-8.382203832632,-4.362015591723,
    -0.997799929531));
#13134 = ORIENTED_EDGE('',*,*,#13135,.T.);
#13135 = EDGE_CURVE('',#13123,#13136,#13138,.T.);
#13136 = VERTEX_POINT('',#13137);
#13137 = CARTESIAN_POINT('',(-8.359105634411,-4.563232078721,
    -0.859596019615));
#13138 = B_SPLINE_CURVE_WITH_KNOTS('',3,(#13139,#13140,#13141,#13142),
  .UNSPECIFIED.,.F.,.F.,(4,4),(0.,1.),.PIECEWISE_BEZIER_KNOTS.);
#13139 = CARTESIAN_POINT('',(-8.382203832632,-4.362015591723,
    -0.997799929531));
#13140 = CARTESIAN_POINT('',(-8.374855924424,-4.429115169686,
    -0.951713129356));
#13141 = CARTESIAN_POINT('',(-8.367156658855,-4.496187342458,
    -0.905645152214));
#13142 = CARTESIAN_POINT('',(-8.359105634411,-4.563232078721,
    -0.859596019615));
#13143 = ORIENTED_EDGE('',*,*,#13144,.T.);
#13144 = EDGE_CURVE('',#13136,#13145,#13147,.T.);
#13145 = VERTEX_POINT('',#13146);
#13146 = CARTESIAN_POINT('',(-8.348487823651,-4.65,-0.694737));
#13147 = B_SPLINE_CURVE_WITH_KNOTS('',3,(#13148,#13149,#13150,#13151,
    #13152,#13153,#13154,#13155,#13156,#13157,#13158,#13159,#13160),
  .UNSPECIFIED.,.F.,.F.,(4,1,1,1,1,1,1,1,1,1,4),(0.,0.1,0.2,0.3,0.4,0.5,
    0.6,0.7,0.8,0.9,1.),.QUASI_UNIFORM_KNOTS.);
#13148 = CARTESIAN_POINT('',(-8.359105634411,-4.563232078721,
    -0.859596019615));
#13149 = CARTESIAN_POINT('',(-8.358463375337,-4.56858047761,
    -0.855922515276));
#13150 = CARTESIAN_POINT('',(-8.357223154257,-4.578870980193,
    -0.848094198287));
#13151 = CARTESIAN_POINT('',(-8.355485621149,-4.593194398597,
    -0.834816541193));
#13152 = CARTESIAN_POINT('',(-8.35391214838,-4.606088624254,
    -0.820279664475));
#13153 = CARTESIAN_POINT('',(-8.352517074177,-4.617461391846,
    -0.804654177454));
#13154 = CARTESIAN_POINT('',(-8.351299678445,-4.627340481213,
    -0.78788717593));
#13155 = CARTESIAN_POINT('',(-8.350286364438,-4.635531555784,
    -0.770253279884));
#13156 = CARTESIAN_POINT('',(-8.349492133948,-4.641931777208,
    -0.752062769176));
#13157 = CARTESIAN_POINT('',(-8.348914162026,-4.646578389572,
    -0.733246565606));
#13158 = CARTESIAN_POINT('',(-8.348564820206,-4.649382457217,
    -0.714008572384));
#13159 = CARTESIAN_POINT('',(-8.348487823651,-4.65,-0.701177155844));
#13160 = CARTESIAN_POINT('',(-8.348487823651,-4.65,-0.694737));
#13161 = ORIENTED_EDGE('',*,*,#13162,.T.);
#13162 = EDGE_CURVE('',#13145,#13163,#13165,.T.);
#13163 = VERTEX_POINT('',#13164);
#13164 = CARTESIAN_POINT('',(-8.348487823651,-4.65,-0.2));
#13165 = LINE('',#13166,#13167);
#13166 = CARTESIAN_POINT('',(-8.348487823651,-4.65,-0.694737));
#13167 = VECTOR('',#13168,1.);
#13168 = DIRECTION('',(0.,0.,1.));
#13169 = ORIENTED_EDGE('',*,*,#13170,.T.);
#13170 = EDGE_CURVE('',#13163,#458,#13171,.T.);
#13171 = B_SPLINE_CURVE_WITH_KNOTS('',3,(#13172,#13173,#13174,#13175,
    #13176,#13177,#13178,#13179,#13180,#13181,#13182,#13183,#13184,
    #13185,#13186,#13187,#13188,#13189,#13190),.UNSPECIFIED.,.F.,.F.,(4,
    1,1,1,1,1,1,1,1,1,1,1,1,1,1,1,4),(0.,6.25E-02,0.125,0.1875,0.25,
    0.3125,0.375,0.4375,0.5,0.5625,0.625,0.6875,0.75,0.8125,0.875,0.9375
    ,1.),.QUASI_UNIFORM_KNOTS.);
#13172 = CARTESIAN_POINT('',(-8.348487823651,-4.65,-0.2));
#13173 = CARTESIAN_POINT('',(-8.348487823651,-4.65,-0.193495963316));
#13174 = CARTESIAN_POINT('',(-8.348409321924,-4.650629868391,
    -0.180529237466));
#13175 = CARTESIAN_POINT('',(-8.348051699904,-4.653496984193,
    -0.16106559151));
#13176 = CARTESIAN_POINT('',(-8.347456512417,-4.658260963894,
    -0.142001176061));
#13177 = CARTESIAN_POINT('',(-8.346635034681,-4.664820437091,
    -0.123612725532));
#13178 = CARTESIAN_POINT('',(-8.345590823301,-4.673132420566,
    -0.105947289092));
#13179 = CARTESIAN_POINT('',(-8.344318739281,-4.683219231837,
    -8.903206130824E-02));
#13180 = CARTESIAN_POINT('',(-8.342835093594,-4.694929831217,
    -7.31858131163E-02));
#13181 = CARTESIAN_POINT('',(-8.341163115153,-4.708058705985,
    -5.86498616879E-02));
#13182 = CARTESIAN_POINT('',(-8.3393100645,-4.722526697318,
    -4.547085680955E-02));
#13183 = CARTESIAN_POINT('',(-8.337269108774,-4.738362609487,
    -3.366399712407E-02));
#13184 = CARTESIAN_POINT('',(-8.335070469838,-4.755307371082,
    -2.346982844902E-02));
#13185 = CARTESIAN_POINT('',(-8.332749148066,-4.773071505684,
    -1.504030530856E-02));
#13186 = CARTESIAN_POINT('',(-8.330318612535,-4.791536080922,
    -8.398572126276E-03));
#13187 = CARTESIAN_POINT('',(-8.327773881766,-4.810722811917,
    -3.560089446307E-03));
#13188 = CARTESIAN_POINT('',(-8.325151662155,-4.830340704991,
    -6.427852067911E-04));
#13189 = CARTESIAN_POINT('',(-8.323388478036,-4.843429778146,0.));
#13190 = CARTESIAN_POINT('',(-8.3225,-4.85,0.));
#13191 = ORIENTED_EDGE('',*,*,#455,.F.);
#13192 = ORIENTED_EDGE('',*,*,#13193,.T.);
#13193 = EDGE_CURVE('',#456,#13194,#13196,.T.);
#13194 = VERTEX_POINT('',#13195);
#13195 = CARTESIAN_POINT('',(-8.348487823651,0.15,-0.2));
#13196 = B_SPLINE_CURVE_WITH_KNOTS('',3,(#13197,#13198,#13199,#13200,
    #13201,#13202,#13203,#13204,#13205,#13206,#13207,#13208,#13209,
    #13210,#13211,#13212,#13213,#13214,#13215),.UNSPECIFIED.,.F.,.F.,(4,
    1,1,1,1,1,1,1,1,1,1,1,1,1,1,1,4),(0.,6.25E-02,0.125,0.1875,0.25,
    0.3125,0.375,0.4375,0.5,0.5625,0.625,0.6875,0.75,0.8125,0.875,0.9375
    ,1.),.QUASI_UNIFORM_KNOTS.);
#13197 = CARTESIAN_POINT('',(-8.3225,0.35,0.));
#13198 = CARTESIAN_POINT('',(-8.323388429225,0.343430139105,0.));
#13199 = CARTESIAN_POINT('',(-8.325151679801,0.330340581978,
    -6.426855444835E-04));
#13200 = CARTESIAN_POINT('',(-8.327774533061,0.310717932757,
    -3.560909195482E-03));
#13201 = CARTESIAN_POINT('',(-8.330320260507,0.291523646021,
    -8.401805112971E-03));
#13202 = CARTESIAN_POINT('',(-8.332752399209,0.273046705944,
    -1.505077792682E-02));
#13203 = CARTESIAN_POINT('',(-8.335071262438,0.255301249293,
    -2.347369388172E-02));
#13204 = CARTESIAN_POINT('',(-8.337269657344,0.238358372698,
    -3.36667816227E-02));
#13205 = CARTESIAN_POINT('',(-8.33931083651,0.222520702369,
    -4.547535963024E-02));
#13206 = CARTESIAN_POINT('',(-8.341164840371,0.2080451955,
    -5.866347810812E-02));
#13207 = CARTESIAN_POINT('',(-8.342835439504,0.194927090401,
    -7.318989128407E-02));
#13208 = CARTESIAN_POINT('',(-8.344318703284,0.183219517597,
    -8.903171644838E-02));
#13209 = CARTESIAN_POINT('',(-8.345590926334,0.17313160618,
    -0.105948215705));
#13210 = CARTESIAN_POINT('',(-8.346635583586,0.164816061052,
    -0.123623177106));
#13211 = CARTESIAN_POINT('',(-8.347456520721,0.158260893663,
    -0.142003024135));
#13212 = CARTESIAN_POINT('',(-8.348051492364,0.153498647135,
    -0.161057649546));
#13213 = CARTESIAN_POINT('',(-8.348409282222,0.150630187117,
    -0.180524330629));
#13214 = CARTESIAN_POINT('',(-8.348487823651,0.15,-0.193493775461));
#13215 = CARTESIAN_POINT('',(-8.348487823651,0.15,-0.2));
#13216 = ORIENTED_EDGE('',*,*,#13217,.F.);
#13217 = EDGE_CURVE('',#13218,#13194,#13220,.T.);
#13218 = VERTEX_POINT('',#13219);
#13219 = CARTESIAN_POINT('',(-8.348487823651,0.15,-0.694737));
#13220 = LINE('',#13221,#13222);
#13221 = CARTESIAN_POINT('',(-8.348487823651,0.15,-0.694737));
#13222 = VECTOR('',#13223,1.);
#13223 = DIRECTION('',(0.,0.,1.));
#13224 = ORIENTED_EDGE('',*,*,#13225,.T.);
#13225 = EDGE_CURVE('',#13218,#13226,#13228,.T.);
#13226 = VERTEX_POINT('',#13227);
#13227 = CARTESIAN_POINT('',(-8.359105634411,6.323207872101E-02,
    -0.859596019615));
#13228 = B_SPLINE_CURVE_WITH_KNOTS('',3,(#13229,#13230,#13231,#13232,
    #13233,#13234,#13235,#13236,#13237,#13238,#13239,#13240,#13241),
  .UNSPECIFIED.,.F.,.F.,(4,1,1,1,1,1,1,1,1,1,4),(0.,0.1,0.2,0.3,0.4,0.5,
    0.6,0.7,0.8,0.9,1.),.QUASI_UNIFORM_KNOTS.);
#13229 = CARTESIAN_POINT('',(-8.348487823651,0.15,-0.694737));
#13230 = CARTESIAN_POINT('',(-8.348487823651,0.15,-0.70117902095));
#13231 = CARTESIAN_POINT('',(-8.348564856038,0.14938217014,
    -0.714012530412));
#13232 = CARTESIAN_POINT('',(-8.348914286404,0.146577389736,
    -0.733250621576));
#13233 = CARTESIAN_POINT('',(-8.349491982879,0.141932992184,
    -0.752058269546));
#13234 = CARTESIAN_POINT('',(-8.350286299151,0.135532084694,
    -0.770252523041));
#13235 = CARTESIAN_POINT('',(-8.351299819488,0.127339339651,
    -0.787889326793));
#13236 = CARTESIAN_POINT('',(-8.35251699317,0.117462044138,
    -0.80465277507));
#13237 = CARTESIAN_POINT('',(-8.353911685351,0.106092411837,
    -0.82027511472));
#13238 = CARTESIAN_POINT('',(-8.355485803202,9.319291041689E-02,
    -0.834818348136));
#13239 = CARTESIAN_POINT('',(-8.357223406586,7.886889122245E-02,
    -0.84809586823));
#13240 = CARTESIAN_POINT('',(-8.358463508469,6.857936895563E-02,
    -0.855923276746));
#13241 = CARTESIAN_POINT('',(-8.359105634411,6.323207872101E-02,
    -0.859596019615));
#13242 = ORIENTED_EDGE('',*,*,#13243,.T.);
#13243 = EDGE_CURVE('',#13226,#13108,#13244,.T.);
#13244 = B_SPLINE_CURVE_WITH_KNOTS('',3,(#13245,#13246,#13247,#13248),
  .UNSPECIFIED.,.F.,.F.,(4,4),(0.,1.),.PIECEWISE_BEZIER_KNOTS.);
#13245 = CARTESIAN_POINT('',(-8.359105634411,6.323207872101E-02,
    -0.859596019615));
#13246 = CARTESIAN_POINT('',(-8.367156658855,-3.81265754208E-03,
    -0.905645152214));
#13247 = CARTESIAN_POINT('',(-8.374855924424,-7.088483031405E-02,
    -0.951713129356));
#13248 = CARTESIAN_POINT('',(-8.382203832632,-0.137984408277,
    -0.997799929531));
#13249 = CYLINDRICAL_SURFACE('',#13250,19.40178571429);
#13250 = AXIS2_PLACEMENT_3D('',#13251,#13252,#13253);
#13251 = CARTESIAN_POINT('',(10.90428571429,-2.25,0.));
#13252 = DIRECTION('',(0.,0.,1.));
#13253 = DIRECTION('',(1.,0.,-0.));
#13254 = ADVANCED_FACE('',(#13255),#13307,.F.);
#13255 = FACE_BOUND('',#13256,.F.);
#13256 = EDGE_LOOP('',(#13257,#13267,#13277,#13286,#13287,#13288,#13299)
  );
#13257 = ORIENTED_EDGE('',*,*,#13258,.F.);
#13258 = EDGE_CURVE('',#13259,#13261,#13263,.T.);
#13259 = VERTEX_POINT('',#13260);
#13260 = CARTESIAN_POINT('',(-8.08082932,-3.85833534,-1.343882127816));
#13261 = VERTEX_POINT('',#13262);
#13262 = CARTESIAN_POINT('',(-8.08082932,-0.64166466,-1.343882127816));
#13263 = LINE('',#13264,#13265);
#13264 = CARTESIAN_POINT('',(-8.08082932,-3.85833534,-1.343882127816));
#13265 = VECTOR('',#13266,1.);
#13266 = DIRECTION('',(0.,1.,0.));
#13267 = ORIENTED_EDGE('',*,*,#13268,.F.);
#13268 = EDGE_CURVE('',#13269,#13259,#13271,.T.);
#13269 = VERTEX_POINT('',#13270);
#13270 = CARTESIAN_POINT('',(-8.089134833918,-3.866919803197,
    -1.337852450962));
#13271 = B_SPLINE_CURVE_WITH_KNOTS('',3,(#13272,#13273,#13274,#13275,
    #13276),.UNSPECIFIED.,.F.,.F.,(4,1,4),(0.,0.5,1.),
  .QUASI_UNIFORM_KNOTS.);
#13272 = CARTESIAN_POINT('',(-8.089134833918,-3.866919803197,
    -1.337852450962));
#13273 = CARTESIAN_POINT('',(-8.08778319406,-3.865475654554,
    -1.338844352729));
#13274 = CARTESIAN_POINT('',(-8.085047555168,-3.862600540559,
    -1.340841445053));
#13275 = CARTESIAN_POINT('',(-8.082246435524,-3.859752455524,
    -1.342864387535));
#13276 = CARTESIAN_POINT('',(-8.08082932,-3.85833534,-1.343882127816));
#13277 = ORIENTED_EDGE('',*,*,#13278,.F.);
#13278 = EDGE_CURVE('',#13123,#13269,#13279,.T.);
#13279 = B_SPLINE_CURVE_WITH_KNOTS('',3,(#13280,#13281,#13282,#13283,
    #13284,#13285),.UNSPECIFIED.,.F.,.F.,(4,1,1,4),(0.,0.5,0.75,1.),
  .UNSPECIFIED.);
#13280 = CARTESIAN_POINT('',(-8.382203832632,-4.362015591723,
    -0.997799929531));
#13281 = CARTESIAN_POINT('',(-8.349824556364,-4.272545210803,
    -1.059251934033));
#13282 = CARTESIAN_POINT('',(-8.290826497223,-4.142744507926,
    -1.148404492628));
#13283 = CARTESIAN_POINT('',(-8.186317011324,-3.980593007214,
    -1.259776933979));
#13284 = CARTESIAN_POINT('',(-8.1237289809,-3.90388163895,-1.31246551426
    ));
#13285 = CARTESIAN_POINT('',(-8.089134833918,-3.866919803197,
    -1.337852450962));
#13286 = ORIENTED_EDGE('',*,*,#13122,.F.);
#13287 = ORIENTED_EDGE('',*,*,#13107,.F.);
#13288 = ORIENTED_EDGE('',*,*,#13289,.T.);
#13289 = EDGE_CURVE('',#13108,#13290,#13292,.T.);
#13290 = VERTEX_POINT('',#13291);
#13291 = CARTESIAN_POINT('',(-8.089134833918,-0.633080196803,
    -1.337852450962));
#13292 = B_SPLINE_CURVE_WITH_KNOTS('',3,(#13293,#13294,#13295,#13296,
    #13297,#13298),.UNSPECIFIED.,.F.,.F.,(4,1,1,4),(0.,0.5,0.75,1.),
  .UNSPECIFIED.);
#13293 = CARTESIAN_POINT('',(-8.382203832632,-0.137984408277,
    -0.997799929531));
#13294 = CARTESIAN_POINT('',(-8.349824556364,-0.227454789197,
    -1.059251934033));
#13295 = CARTESIAN_POINT('',(-8.290826497223,-0.357255492074,
    -1.148404492628));
#13296 = CARTESIAN_POINT('',(-8.186317011324,-0.519406992786,
    -1.259776933979));
#13297 = CARTESIAN_POINT('',(-8.1237289809,-0.59611836105,-1.31246551426
    ));
#13298 = CARTESIAN_POINT('',(-8.089134833918,-0.633080196803,
    -1.337852450962));
#13299 = ORIENTED_EDGE('',*,*,#13300,.F.);
#13300 = EDGE_CURVE('',#13261,#13290,#13301,.T.);
#13301 = B_SPLINE_CURVE_WITH_KNOTS('',3,(#13302,#13303,#13304,#13305,
    #13306),.UNSPECIFIED.,.F.,.F.,(4,1,4),(0.,0.5,1.),
  .QUASI_UNIFORM_KNOTS.);
#13302 = CARTESIAN_POINT('',(-8.08082932,-0.64166466,-1.343882127816));
#13303 = CARTESIAN_POINT('',(-8.082246424815,-0.640247555185,
    -1.342864395226));
#13304 = CARTESIAN_POINT('',(-8.085047534079,-0.637399481239,
    -1.340841460366));
#13305 = CARTESIAN_POINT('',(-8.087783183684,-0.634524356531,
    -1.338844360343));
#13306 = CARTESIAN_POINT('',(-8.089134833918,-0.633080196803,
    -1.337852450962));
#13307 = CYLINDRICAL_SURFACE('',#13308,1.);
#13308 = AXIS2_PLACEMENT_3D('',#13309,#13310,#13311);
#13309 = CARTESIAN_POINT('',(-7.4975,-6.3,-0.531646383449));
#13310 = DIRECTION('',(0.,-1.,0.));
#13311 = DIRECTION('',(1.,0.,0.));
#13312 = ADVANCED_FACE('',(#13313),#13366,.T.);
#13313 = FACE_BOUND('',#13314,.T.);
#13314 = EDGE_LOOP('',(#13315,#13337,#13345,#13365));
#13315 = ORIENTED_EDGE('',*,*,#13316,.T.);
#13316 = EDGE_CURVE('',#13259,#13317,#13319,.T.);
#13317 = VERTEX_POINT('',#13318);
#13318 = CARTESIAN_POINT('',(-7.87249398,-3.65,-1.75));
#13319 = B_SPLINE_CURVE_WITH_KNOTS('',3,(#13320,#13321,#13322,#13323,
    #13324,#13325,#13326,#13327,#13328,#13329,#13330,#13331,#13332,
    #13333,#13334,#13335,#13336),.UNSPECIFIED.,.F.,.F.,(4,1,1,1,1,1,1,1,
    1,1,1,1,1,1,4),(0.,7.142857142857E-02,0.142857142857,0.214285714286,
    0.285714285714,0.357142857143,0.428571428571,0.5,0.571428571429,
    0.642857142857,0.714285714286,0.785714285714,0.857142857143,
    0.928571428571,1.),.UNSPECIFIED.);
#13320 = CARTESIAN_POINT('',(-8.08082932,-3.85833534,-1.343882127816));
#13321 = CARTESIAN_POINT('',(-8.070017829034,-3.847523849034,
    -1.351646695821));
#13322 = CARTESIAN_POINT('',(-8.049229171381,-3.826735191381,
    -1.367882653171));
#13323 = CARTESIAN_POINT('',(-8.020516022246,-3.798022042246,
    -1.394183170088));
#13324 = CARTESIAN_POINT('',(-7.994574172124,-3.772080192124,
    -1.42191046342));
#13325 = CARTESIAN_POINT('',(-7.971515460149,-3.749021480149,
    -1.45058124148));
#13326 = CARTESIAN_POINT('',(-7.9512978948,-3.7288039148,-1.479811633813
    ));
#13327 = CARTESIAN_POINT('',(-7.933713271119,-3.711219291119,
    -1.50946874467));
#13328 = CARTESIAN_POINT('',(-7.918626937698,-3.696132957698,
    -1.539357463056));
#13329 = CARTESIAN_POINT('',(-7.905833372148,-3.683339392148,
    -1.569514615696));
#13330 = CARTESIAN_POINT('',(-7.895321936016,-3.672827956016,
    -1.599542927413));
#13331 = CARTESIAN_POINT('',(-7.886855983308,-3.664362003308,
    -1.629676071893));
#13332 = CARTESIAN_POINT('',(-7.880374354315,-3.657880374315,
    -1.65983414661));
#13333 = CARTESIAN_POINT('',(-7.875814326453,-3.653320346453,
    -1.689875464531));
#13334 = CARTESIAN_POINT('',(-7.873091600739,-3.650597620739,
    -1.719994042883));
#13335 = CARTESIAN_POINT('',(-7.87249398,-3.65,-1.740017645532));
#13336 = CARTESIAN_POINT('',(-7.87249398,-3.65,-1.75));
#13337 = ORIENTED_EDGE('',*,*,#13338,.F.);
#13338 = EDGE_CURVE('',#13339,#13317,#13341,.T.);
#13339 = VERTEX_POINT('',#13340);
#13340 = CARTESIAN_POINT('',(-7.87249398,-0.85,-1.75));
#13341 = LINE('',#13342,#13343);
#13342 = CARTESIAN_POINT('',(-7.87249398,-0.85,-1.75));
#13343 = VECTOR('',#13344,1.);
#13344 = DIRECTION('',(0.,-1.,0.));
#13345 = ORIENTED_EDGE('',*,*,#13346,.T.);
#13346 = EDGE_CURVE('',#13339,#13261,#13347,.T.);
#13347 = B_SPLINE_CURVE_WITH_KNOTS('',3,(#13348,#13349,#13350,#13351,
    #13352,#13353,#13354,#13355,#13356,#13357,#13358,#13359,#13360,
    #13361,#13362,#13363,#13364),.UNSPECIFIED.,.F.,.F.,(4,1,1,1,1,1,1,1,
    1,1,1,1,1,1,4),(0.,7.142857142857E-02,0.142857142857,0.214285714286,
    0.285714285714,0.357142857143,0.428571428571,0.5,0.571428571429,
    0.642857142857,0.714285714286,0.785714285714,0.857142857143,
    0.928571428571,1.),.UNSPECIFIED.);
#13348 = CARTESIAN_POINT('',(-7.87249398,-0.85,-1.75));
#13349 = CARTESIAN_POINT('',(-7.87249398,-0.85,-1.740017640727));
#13350 = CARTESIAN_POINT('',(-7.873091602522,-0.849402377478,
    -1.719994068103));
#13351 = CARTESIAN_POINT('',(-7.875814300614,-0.846679679386,
    -1.689875709302));
#13352 = CARTESIAN_POINT('',(-7.880374278116,-0.842119701885,
    -1.659834610272));
#13353 = CARTESIAN_POINT('',(-7.886855787291,-0.835638192709,
    -1.629676844445));
#13354 = CARTESIAN_POINT('',(-7.895321796652,-0.827172183348,
    -1.599543405548));
#13355 = CARTESIAN_POINT('',(-7.905832682715,-0.816661297285,
    -1.56951650403));
#13356 = CARTESIAN_POINT('',(-7.918625657146,-0.803868322854,
    -1.53936022323));
#13357 = CARTESIAN_POINT('',(-7.933711995015,-0.788781984985,
    -1.509471077948));
#13358 = CARTESIAN_POINT('',(-7.9512961725,-0.771197807499,
    -1.479814318362));
#13359 = CARTESIAN_POINT('',(-7.97151364409,-0.75098033591,
    -1.450583717916));
#13360 = CARTESIAN_POINT('',(-7.99457069729,-0.72792328271,
    -1.421914546873));
#13361 = CARTESIAN_POINT('',(-8.020511516756,-0.701982463244,
    -1.39418763366));
#13362 = CARTESIAN_POINT('',(-8.049225019126,-0.673268960874,
    -1.367886071714));
#13363 = CARTESIAN_POINT('',(-8.070016108119,-0.65247787188,
    -1.351647931743));
#13364 = CARTESIAN_POINT('',(-8.08082932,-0.64166466,-1.343882127816));
#13365 = ORIENTED_EDGE('',*,*,#13258,.F.);
#13366 = CYLINDRICAL_SURFACE('',#13367,0.5);
#13367 = AXIS2_PLACEMENT_3D('',#13368,#13369,#13370);
#13368 = CARTESIAN_POINT('',(-8.37249398,-6.3,-1.75));
#13369 = DIRECTION('',(0.,-1.,0.));
#13370 = DIRECTION('',(1.,0.,0.));
#13371 = ADVANCED_FACE('',(#13372),#13422,.T.);
#13372 = FACE_BOUND('',#13373,.T.);
#13373 = EDGE_LOOP('',(#13374,#13382,#13404,#13414,#13420,#13421));
#13374 = ORIENTED_EDGE('',*,*,#13375,.T.);
#13375 = EDGE_CURVE('',#13339,#13376,#13378,.T.);
#13376 = VERTEX_POINT('',#13377);
#13377 = CARTESIAN_POINT('',(-6.12750602,-0.85,-1.75));
#13378 = LINE('',#13379,#13380);
#13379 = CARTESIAN_POINT('',(-7.87249398,-0.85,-1.75));
#13380 = VECTOR('',#13381,1.);
#13381 = DIRECTION('',(1.,0.,0.));
#13382 = ORIENTED_EDGE('',*,*,#13383,.F.);
#13383 = EDGE_CURVE('',#13384,#13376,#13386,.T.);
#13384 = VERTEX_POINT('',#13385);
#13385 = CARTESIAN_POINT('',(-5.91917068,-0.64166466,-1.343882127816));
#13386 = B_SPLINE_CURVE_WITH_KNOTS('',3,(#13387,#13388,#13389,#13390,
    #13391,#13392,#13393,#13394,#13395,#13396,#13397,#13398,#13399,
    #13400,#13401,#13402,#13403),.UNSPECIFIED.,.F.,.F.,(4,1,1,1,1,1,1,1,
    1,1,1,1,1,1,4),(0.,7.142857142857E-02,0.142857142857,0.214285714286,
    0.285714285714,0.357142857143,0.428571428571,0.5,0.571428571429,
    0.642857142857,0.714285714286,0.785714285714,0.857142857143,
    0.928571428571,1.),.UNSPECIFIED.);
#13387 = CARTESIAN_POINT('',(-5.91917068,-0.64166466,-1.343882127816));
#13388 = CARTESIAN_POINT('',(-5.929989987603,-0.652483967603,
    -1.351652309553));
#13389 = CARTESIAN_POINT('',(-5.950788943756,-0.673282923756,
    -1.367897747774));
#13390 = CARTESIAN_POINT('',(-5.979497804542,-0.701991784542,
    -1.394197143572));
#13391 = CARTESIAN_POINT('',(-6.005433537156,-0.727927517156,
    -1.421919682466));
#13392 = CARTESIAN_POINT('',(-6.028487219364,-0.750981199364,
    -1.450584883861));
#13393 = CARTESIAN_POINT('',(-6.048707131068,-0.771201111068,
    -1.47981922664));
#13394 = CARTESIAN_POINT('',(-6.066292705428,-0.788786685428,
    -1.509479530114));
#13395 = CARTESIAN_POINT('',(-6.081379031217,-0.803873011217,
    -1.539370346945));
#13396 = CARTESIAN_POINT('',(-6.094171080072,-0.816665060072,
    -1.56952616581));
#13397 = CARTESIAN_POINT('',(-6.104681558855,-0.827175538855,
    -1.599554295688));
#13398 = CARTESIAN_POINT('',(-6.113145278106,-0.835639258106,
    -1.629681470068));
#13399 = CARTESIAN_POINT('',(-6.119626766349,-0.842120746349,
    -1.659840154975));
#13400 = CARTESIAN_POINT('',(-6.124186140907,-0.846680120907,
    -1.689879906231));
#13401 = CARTESIAN_POINT('',(-6.12690840631,-0.84940238631,
    -1.719995017655));
#13402 = CARTESIAN_POINT('',(-6.12750602,-0.85,-1.740017863609));
#13403 = CARTESIAN_POINT('',(-6.12750602,-0.85,-1.75));
#13404 = ORIENTED_EDGE('',*,*,#13405,.F.);
#13405 = EDGE_CURVE('',#13406,#13384,#13408,.T.);
#13406 = VERTEX_POINT('',#13407);
#13407 = CARTESIAN_POINT('',(-5.910865166082,-0.633080196803,
    -1.337852450962));
#13408 = B_SPLINE_CURVE_WITH_KNOTS('',3,(#13409,#13410,#13411,#13412,
    #13413),.UNSPECIFIED.,.F.,.F.,(4,1,4),(0.,0.5,1.),
  .QUASI_UNIFORM_KNOTS.);
#13409 = CARTESIAN_POINT('',(-5.910865166082,-0.633080196803,
    -1.337852450962));
#13410 = CARTESIAN_POINT('',(-5.912216873578,-0.634524417713,
    -1.338844402365));
#13411 = CARTESIAN_POINT('',(-5.914952582312,-0.637399601549,
    -1.340841544883));
#13412 = CARTESIAN_POINT('',(-5.917753634288,-0.640247614288,
    -1.342864437672));
#13413 = CARTESIAN_POINT('',(-5.91917068,-0.64166466,-1.343882127816));
#13414 = ORIENTED_EDGE('',*,*,#13415,.F.);
#13415 = EDGE_CURVE('',#13290,#13406,#13416,.T.);
#13416 = LINE('',#13417,#13418);
#13417 = CARTESIAN_POINT('',(-8.089134833918,-0.633080196803,
    -1.337852450962));
#13418 = VECTOR('',#13419,1.);
#13419 = DIRECTION('',(1.,0.,0.));
#13420 = ORIENTED_EDGE('',*,*,#13300,.F.);
#13421 = ORIENTED_EDGE('',*,*,#13346,.F.);
#13422 = CYLINDRICAL_SURFACE('',#13423,0.5);
#13423 = AXIS2_PLACEMENT_3D('',#13424,#13425,#13426);
#13424 = CARTESIAN_POINT('',(-8.6,-0.35,-1.75));
#13425 = DIRECTION('',(1.,0.,0.));
#13426 = DIRECTION('',(0.,0.,-1.));
#13427 = ADVANCED_FACE('',(#13428),#13459,.T.);
#13428 = FACE_BOUND('',#13429,.F.);
#13429 = EDGE_LOOP('',(#13430,#13431,#13432,#13440,#13449,#13458));
#13430 = ORIENTED_EDGE('',*,*,#13289,.F.);
#13431 = ORIENTED_EDGE('',*,*,#13243,.F.);
#13432 = ORIENTED_EDGE('',*,*,#13433,.T.);
#13433 = EDGE_CURVE('',#13226,#13434,#13436,.T.);
#13434 = VERTEX_POINT('',#13435);
#13435 = CARTESIAN_POINT('',(-5.640894365589,6.323207872101E-02,
    -0.859596019615));
#13436 = LINE('',#13437,#13438);
#13437 = CARTESIAN_POINT('',(-8.359105634411,6.323207872101E-02,
    -0.859596019615));
#13438 = VECTOR('',#13439,1.);
#13439 = DIRECTION('',(1.,0.,0.));
#13440 = ORIENTED_EDGE('',*,*,#13441,.F.);
#13441 = EDGE_CURVE('',#13442,#13434,#13444,.T.);
#13442 = VERTEX_POINT('',#13443);
#13443 = CARTESIAN_POINT('',(-5.617796167368,-0.137984408277,
    -0.997799929531));
#13444 = B_SPLINE_CURVE_WITH_KNOTS('',3,(#13445,#13446,#13447,#13448),
  .UNSPECIFIED.,.F.,.F.,(4,4),(0.,1.),.PIECEWISE_BEZIER_KNOTS.);
#13445 = CARTESIAN_POINT('',(-5.617796167368,-0.137984408277,
    -0.997799929531));
#13446 = CARTESIAN_POINT('',(-5.625144075576,-7.088483031405E-02,
    -0.951713129356));
#13447 = CARTESIAN_POINT('',(-5.632843341145,-3.812657542079E-03,
    -0.905645152214));
#13448 = CARTESIAN_POINT('',(-5.640894365589,6.323207872101E-02,
    -0.859596019615));
#13449 = ORIENTED_EDGE('',*,*,#13450,.F.);
#13450 = EDGE_CURVE('',#13406,#13442,#13451,.T.);
#13451 = B_SPLINE_CURVE_WITH_KNOTS('',3,(#13452,#13453,#13454,#13455,
    #13456,#13457),.UNSPECIFIED.,.F.,.F.,(4,1,1,4),(0.,0.25,0.5,1.),
  .UNSPECIFIED.);
#13452 = CARTESIAN_POINT('',(-5.910865166082,-0.633080196803,
    -1.337852450962));
#13453 = CARTESIAN_POINT('',(-5.8762710191,-0.59611836105,-1.31246551426
    ));
#13454 = CARTESIAN_POINT('',(-5.813682988676,-0.519406992786,
    -1.259776933979));
#13455 = CARTESIAN_POINT('',(-5.709173502777,-0.357255492074,
    -1.148404492628));
#13456 = CARTESIAN_POINT('',(-5.650175443636,-0.227454789197,
    -1.059251934033));
#13457 = CARTESIAN_POINT('',(-5.617796167368,-0.137984408277,
    -0.997799929531));
#13458 = ORIENTED_EDGE('',*,*,#13415,.F.);
#13459 = PLANE('',#13460);
#13460 = AXIS2_PLACEMENT_3D('',#13461,#13462,#13463);
#13461 = CARTESIAN_POINT('',(-8.6,6.323207872101E-02,-0.859596019615));
#13462 = DIRECTION('',(0.,-0.566160393605,0.824295098076));
#13463 = DIRECTION('',(0.,-0.824295098076,-0.566160393605));
#13464 = ADVANCED_FACE('',(#13465),#13493,.F.);
#13465 = FACE_BOUND('',#13466,.F.);
#13466 = EDGE_LOOP('',(#13467,#13468,#13469,#13477));
#13467 = ORIENTED_EDGE('',*,*,#13433,.F.);
#13468 = ORIENTED_EDGE('',*,*,#13225,.F.);
#13469 = ORIENTED_EDGE('',*,*,#13470,.T.);
#13470 = EDGE_CURVE('',#13218,#13471,#13473,.T.);
#13471 = VERTEX_POINT('',#13472);
#13472 = CARTESIAN_POINT('',(-5.651512176349,0.15,-0.694737));
#13473 = LINE('',#13474,#13475);
#13474 = CARTESIAN_POINT('',(-8.348487823651,0.15,-0.694737));
#13475 = VECTOR('',#13476,1.);
#13476 = DIRECTION('',(1.,0.,0.));
#13477 = ORIENTED_EDGE('',*,*,#13478,.F.);
#13478 = EDGE_CURVE('',#13434,#13471,#13479,.T.);
#13479 = B_SPLINE_CURVE_WITH_KNOTS('',3,(#13480,#13481,#13482,#13483,
    #13484,#13485,#13486,#13487,#13488,#13489,#13490,#13491,#13492),
  .UNSPECIFIED.,.F.,.F.,(4,1,1,1,1,1,1,1,1,1,4),(0.,0.1,0.2,0.3,0.4,0.5,
    0.6,0.7,0.8,0.9,1.),.QUASI_UNIFORM_KNOTS.);
#13480 = CARTESIAN_POINT('',(-5.640894365589,6.323207872101E-02,
    -0.859596019615));
#13481 = CARTESIAN_POINT('',(-5.641536491531,6.857936895564E-02,
    -0.855923276746));
#13482 = CARTESIAN_POINT('',(-5.642776593414,7.886889122247E-02,
    -0.84809586823));
#13483 = CARTESIAN_POINT('',(-5.644514196798,9.31929104169E-02,
    -0.834818348136));
#13484 = CARTESIAN_POINT('',(-5.646088314649,0.106092411837,
    -0.82027511472));
#13485 = CARTESIAN_POINT('',(-5.64748300683,0.117462044138,
    -0.80465277507));
#13486 = CARTESIAN_POINT('',(-5.648700180512,0.127339339651,
    -0.787889326793));
#13487 = CARTESIAN_POINT('',(-5.649713700849,0.135532084694,
    -0.770252523041));
#13488 = CARTESIAN_POINT('',(-5.650508017121,0.141932992184,
    -0.752058269546));
#13489 = CARTESIAN_POINT('',(-5.651085713596,0.146577389736,
    -0.733250621576));
#13490 = CARTESIAN_POINT('',(-5.651435143962,0.14938217014,
    -0.714012530412));
#13491 = CARTESIAN_POINT('',(-5.651512176349,0.15,-0.70117902095));
#13492 = CARTESIAN_POINT('',(-5.651512176349,0.15,-0.694737));
#13493 = CYLINDRICAL_SURFACE('',#13494,0.2);
#13494 = AXIS2_PLACEMENT_3D('',#13495,#13496,#13497);
#13495 = CARTESIAN_POINT('',(-8.6,-5.E-02,-0.694737));
#13496 = DIRECTION('',(1.,0.,0.));
#13497 = DIRECTION('',(0.,0.,-1.));
#13498 = ADVANCED_FACE('',(#13499),#13517,.T.);
#13499 = FACE_BOUND('',#13500,.F.);
#13500 = EDGE_LOOP('',(#13501,#13509,#13515,#13516));
#13501 = ORIENTED_EDGE('',*,*,#13502,.T.);
#13502 = EDGE_CURVE('',#13194,#13503,#13505,.T.);
#13503 = VERTEX_POINT('',#13504);
#13504 = CARTESIAN_POINT('',(-5.651512176349,0.15,-0.2));
#13505 = LINE('',#13506,#13507);
#13506 = CARTESIAN_POINT('',(-8.348487823651,0.15,-0.2));
#13507 = VECTOR('',#13508,1.);
#13508 = DIRECTION('',(1.,0.,0.));
#13509 = ORIENTED_EDGE('',*,*,#13510,.F.);
#13510 = EDGE_CURVE('',#13471,#13503,#13511,.T.);
#13511 = LINE('',#13512,#13513);
#13512 = CARTESIAN_POINT('',(-5.651512176349,0.15,-0.694737));
#13513 = VECTOR('',#13514,1.);
#13514 = DIRECTION('',(0.,0.,1.));
#13515 = ORIENTED_EDGE('',*,*,#13470,.F.);
#13516 = ORIENTED_EDGE('',*,*,#13217,.T.);
#13517 = PLANE('',#13518);
#13518 = AXIS2_PLACEMENT_3D('',#13519,#13520,#13521);
#13519 = CARTESIAN_POINT('',(-8.6,0.15,-0.2));
#13520 = DIRECTION('',(0.,-1.,0.));
#13521 = DIRECTION('',(0.,0.,-1.));
#13522 = ADVANCED_FACE('',(#13523),#13550,.T.);
#13523 = FACE_BOUND('',#13524,.T.);
#13524 = EDGE_LOOP('',(#13525,#13547,#13548,#13549));
#13525 = ORIENTED_EDGE('',*,*,#13526,.T.);
#13526 = EDGE_CURVE('',#13503,#475,#13527,.T.);
#13527 = B_SPLINE_CURVE_WITH_KNOTS('',3,(#13528,#13529,#13530,#13531,
    #13532,#13533,#13534,#13535,#13536,#13537,#13538,#13539,#13540,
    #13541,#13542,#13543,#13544,#13545,#13546),.UNSPECIFIED.,.F.,.F.,(4,
    1,1,1,1,1,1,1,1,1,1,1,1,1,1,1,4),(0.,6.25E-02,0.125,0.1875,0.25,
    0.3125,0.375,0.4375,0.5,0.5625,0.625,0.6875,0.75,0.8125,0.875,0.9375
    ,1.),.QUASI_UNIFORM_KNOTS.);
#13528 = CARTESIAN_POINT('',(-5.651512176349,0.15,-0.2));
#13529 = CARTESIAN_POINT('',(-5.651512176349,0.15,-0.193493765048));
#13530 = CARTESIAN_POINT('',(-5.651590717975,0.150630188697,
    -0.180524302422));
#13531 = CARTESIAN_POINT('',(-5.651948509024,0.153498658259,
    -0.161057593717));
#13532 = CARTESIAN_POINT('',(-5.652543481094,0.158260908192,
    -0.142002969818));
#13533 = CARTESIAN_POINT('',(-5.653364422932,0.164816113018,
    -0.123623049344));
#13534 = CARTESIAN_POINT('',(-5.654409079869,0.173131655501,
    -0.105948122299));
#13535 = CARTESIAN_POINT('',(-5.655681307364,0.183219601809,
    -8.90315909526E-02));
#13536 = CARTESIAN_POINT('',(-5.657164569548,0.194927161809,
    -7.31897989619E-02));
#13537 = CARTESIAN_POINT('',(-5.658835184828,0.208045392824,
    -5.866327917162E-02));
#13538 = CARTESIAN_POINT('',(-5.660689178981,0.222520822918,
    -4.547526217291E-02));
#13539 = CARTESIAN_POINT('',(-5.662730366419,0.238358556427,
    -3.366665843633E-02));
#13540 = CARTESIAN_POINT('',(-5.664928758495,0.255301410422,
    -2.347360177574E-02));
#13541 = CARTESIAN_POINT('',(-5.667247652601,0.273047101006,
    -1.505061311621E-02));
#13542 = CARTESIAN_POINT('',(-5.669679765983,0.29152384622,
    -8.401748604065E-03));
#13543 = CARTESIAN_POINT('',(-5.67222549864,0.310718170768,
    -3.560862627133E-03));
#13544 = CARTESIAN_POINT('',(-5.674848329231,0.330340648864,
    -6.426845829848E-04));
#13545 = CARTESIAN_POINT('',(-5.676611573792,0.343430161417,0.));
#13546 = CARTESIAN_POINT('',(-5.6775,0.35,0.));
#13547 = ORIENTED_EDGE('',*,*,#483,.F.);
#13548 = ORIENTED_EDGE('',*,*,#13193,.T.);
#13549 = ORIENTED_EDGE('',*,*,#13502,.T.);
#13550 = CYLINDRICAL_SURFACE('',#13551,0.2);
#13551 = AXIS2_PLACEMENT_3D('',#13552,#13553,#13554);
#13552 = CARTESIAN_POINT('',(-8.6,0.35,-0.2));
#13553 = DIRECTION('',(1.,0.,0.));
#13554 = DIRECTION('',(0.,0.,-1.));
#13555 = ADVANCED_FACE('',(#13556),#13646,.F.);
#13556 = FACE_BOUND('',#13557,.F.);
#13557 = EDGE_LOOP('',(#13558,#13573,#13584,#13585,#13586,#13587,#13588,
    #13589,#13613,#13621,#13639));
#13558 = ORIENTED_EDGE('',*,*,#13559,.T.);
#13559 = EDGE_CURVE('',#13560,#13562,#13564,.T.);
#13560 = VERTEX_POINT('',#13561);
#13561 = CARTESIAN_POINT('',(-5.617796167368,-4.362015591723,
    -0.997799929531));
#13562 = VERTEX_POINT('',#13563);
#13563 = CARTESIAN_POINT('',(-5.5025,-2.25,-0.531646383449));
#13564 = B_SPLINE_CURVE_WITH_KNOTS('',3,(#13565,#13566,#13567,#13568,
    #13569,#13570,#13571,#13572),.UNSPECIFIED.,.F.,.F.,(4,1,1,1,1,4),(0.
    ,0.2,0.4,0.6,0.8,1.),.QUASI_UNIFORM_KNOTS.);
#13565 = CARTESIAN_POINT('',(-5.617796167368,-4.362015591723,
    -0.997799929531));
#13566 = CARTESIAN_POINT('',(-5.602766835173,-4.2247708387,
    -0.969276049565));
#13567 = CARTESIAN_POINT('',(-5.575482456754,-3.948556200993,
    -0.910807731853));
#13568 = CARTESIAN_POINT('',(-5.543147747477,-3.528784211697,
    -0.819367867265));
#13569 = CARTESIAN_POINT('',(-5.519764137204,-3.104558423632,
    -0.725003916586));
#13570 = CARTESIAN_POINT('',(-5.50563615667,-2.677330100302,
    -0.628662487125));
#13571 = CARTESIAN_POINT('',(-5.5025,-2.392542769065,-0.564007562727));
#13572 = CARTESIAN_POINT('',(-5.5025,-2.25,-0.531646383449));
#13573 = ORIENTED_EDGE('',*,*,#13574,.T.);
#13574 = EDGE_CURVE('',#13562,#13442,#13575,.T.);
#13575 = B_SPLINE_CURVE_WITH_KNOTS('',3,(#13576,#13577,#13578,#13579,
    #13580,#13581,#13582,#13583),.UNSPECIFIED.,.F.,.F.,(4,1,1,1,1,4),(0.
    ,0.2,0.4,0.6,0.8,1.),.QUASI_UNIFORM_KNOTS.);
#13576 = CARTESIAN_POINT('',(-5.5025,-2.25,-0.531646383449));
#13577 = CARTESIAN_POINT('',(-5.5025,-2.107456912869,-0.564007634936));
#13578 = CARTESIAN_POINT('',(-5.505636169809,-1.822669144291,
    -0.62866265858));
#13579 = CARTESIAN_POINT('',(-5.519764180234,-1.39544065692,
    -0.725004122401));
#13580 = CARTESIAN_POINT('',(-5.543147769813,-0.971215510151,
    -0.819367927779));
#13581 = CARTESIAN_POINT('',(-5.575482461844,-0.551443748817,
    -0.910807742385));
#13582 = CARTESIAN_POINT('',(-5.602766834203,-0.275229170155,
    -0.969276047725));
#13583 = CARTESIAN_POINT('',(-5.617796167368,-0.137984408277,
    -0.997799929531));
#13584 = ORIENTED_EDGE('',*,*,#13441,.T.);
#13585 = ORIENTED_EDGE('',*,*,#13478,.T.);
#13586 = ORIENTED_EDGE('',*,*,#13510,.T.);
#13587 = ORIENTED_EDGE('',*,*,#13526,.T.);
#13588 = ORIENTED_EDGE('',*,*,#474,.F.);
#13589 = ORIENTED_EDGE('',*,*,#13590,.T.);
#13590 = EDGE_CURVE('',#467,#13591,#13593,.T.);
#13591 = VERTEX_POINT('',#13592);
#13592 = CARTESIAN_POINT('',(-5.651512176349,-4.65,-0.2));
#13593 = B_SPLINE_CURVE_WITH_KNOTS('',3,(#13594,#13595,#13596,#13597,
    #13598,#13599,#13600,#13601,#13602,#13603,#13604,#13605,#13606,
    #13607,#13608,#13609,#13610,#13611,#13612),.UNSPECIFIED.,.F.,.F.,(4,
    1,1,1,1,1,1,1,1,1,1,1,1,1,1,1,4),(0.,6.25E-02,0.125,0.1875,0.25,
    0.3125,0.375,0.4375,0.5,0.5625,0.625,0.6875,0.75,0.8125,0.875,0.9375
    ,1.),.QUASI_UNIFORM_KNOTS.);
#13594 = CARTESIAN_POINT('',(-5.6775,-4.85,0.));
#13595 = CARTESIAN_POINT('',(-5.676611489664,-4.843429539292,0.));
#13596 = CARTESIAN_POINT('',(-5.67484824341,-4.830340005457,
    -6.427987299176E-04));
#13597 = CARTESIAN_POINT('',(-5.672225802952,-4.810720444786,
    -3.560553097522E-03));
#13598 = CARTESIAN_POINT('',(-5.669681132296,-4.791534152068,
    -8.39912229748E-03));
#13599 = CARTESIAN_POINT('',(-5.667250369235,-4.773067825121,
    -1.504183857997E-02));
#13600 = CARTESIAN_POINT('',(-5.664929319875,-4.755305752925,
    -2.347074463783E-02));
#13601 = CARTESIAN_POINT('',(-5.662730655438,-4.738360786213,
    -3.366522492637E-02));
#13602 = CARTESIAN_POINT('',(-5.660689794504,-4.722525599967,
    -4.547174655375E-02));
#13603 = CARTESIAN_POINT('',(-5.658836648798,-4.708056857664,
    -5.865172254634E-02));
#13604 = CARTESIAN_POINT('',(-5.657164822902,-4.69492917236,
    -7.318666804761E-02));
#13605 = CARTESIAN_POINT('',(-5.655681165608,-4.683218479653,
    -8.903318461195E-02));
#13606 = CARTESIAN_POINT('',(-5.654409122159,-4.673131986984,
    -0.105948104797));
#13607 = CARTESIAN_POINT('',(-5.653364902459,-4.664819935896,
    -0.123613955944));
#13608 = CARTESIAN_POINT('',(-5.652543472196,-4.658260840646,
    -0.14200164866));
#13609 = CARTESIAN_POINT('',(-5.651948287575,-4.653496883926,
    -0.161066090273));
#13610 = CARTESIAN_POINT('',(-5.651590676462,-4.650629855412,
    -0.180529481838));
#13611 = CARTESIAN_POINT('',(-5.651512176349,-4.65,-0.193496053457));
#13612 = CARTESIAN_POINT('',(-5.651512176349,-4.65,-0.2));
#13613 = ORIENTED_EDGE('',*,*,#13614,.F.);
#13614 = EDGE_CURVE('',#13615,#13591,#13617,.T.);
#13615 = VERTEX_POINT('',#13616);
#13616 = CARTESIAN_POINT('',(-5.651512176349,-4.65,-0.694737));
#13617 = LINE('',#13618,#13619);
#13618 = CARTESIAN_POINT('',(-5.651512176349,-4.65,-0.694737));
#13619 = VECTOR('',#13620,1.);
#13620 = DIRECTION('',(0.,0.,1.));
#13621 = ORIENTED_EDGE('',*,*,#13622,.T.);
#13622 = EDGE_CURVE('',#13615,#13623,#13625,.T.);
#13623 = VERTEX_POINT('',#13624);
#13624 = CARTESIAN_POINT('',(-5.640894365589,-4.563232078721,
    -0.859596019615));
#13625 = B_SPLINE_CURVE_WITH_KNOTS('',3,(#13626,#13627,#13628,#13629,
    #13630,#13631,#13632,#13633,#13634,#13635,#13636,#13637,#13638),
  .UNSPECIFIED.,.F.,.F.,(4,1,1,1,1,1,1,1,1,1,4),(0.,0.1,0.2,0.3,0.4,0.5,
    0.6,0.7,0.8,0.9,1.),.QUASI_UNIFORM_KNOTS.);
#13626 = CARTESIAN_POINT('',(-5.651512176349,-4.65,-0.694737));
#13627 = CARTESIAN_POINT('',(-5.651512176349,-4.65,-0.701177155844));
#13628 = CARTESIAN_POINT('',(-5.651435179794,-4.649382457217,
    -0.714008572384));
#13629 = CARTESIAN_POINT('',(-5.651085837974,-4.646578389572,
    -0.733246565606));
#13630 = CARTESIAN_POINT('',(-5.650507866052,-4.641931777208,
    -0.752062769176));
#13631 = CARTESIAN_POINT('',(-5.649713635562,-4.635531555784,
    -0.770253279884));
#13632 = CARTESIAN_POINT('',(-5.648700321555,-4.627340481213,
    -0.78788717593));
#13633 = CARTESIAN_POINT('',(-5.647482925823,-4.617461391846,
    -0.804654177454));
#13634 = CARTESIAN_POINT('',(-5.64608785162,-4.606088624255,
    -0.820279664475));
#13635 = CARTESIAN_POINT('',(-5.644514378851,-4.593194398597,
    -0.834816541193));
#13636 = CARTESIAN_POINT('',(-5.642776845743,-4.578870980193,
    -0.848094198287));
#13637 = CARTESIAN_POINT('',(-5.641536624663,-4.56858047761,
    -0.855922515276));
#13638 = CARTESIAN_POINT('',(-5.640894365589,-4.563232078721,
    -0.859596019615));
#13639 = ORIENTED_EDGE('',*,*,#13640,.T.);
#13640 = EDGE_CURVE('',#13623,#13560,#13641,.T.);
#13641 = B_SPLINE_CURVE_WITH_KNOTS('',3,(#13642,#13643,#13644,#13645),
  .UNSPECIFIED.,.F.,.F.,(4,4),(0.,1.),.PIECEWISE_BEZIER_KNOTS.);
#13642 = CARTESIAN_POINT('',(-5.640894365589,-4.563232078721,
    -0.859596019615));
#13643 = CARTESIAN_POINT('',(-5.632843341145,-4.496187342458,
    -0.905645152214));
#13644 = CARTESIAN_POINT('',(-5.625144075576,-4.429115169686,
    -0.951713129356));
#13645 = CARTESIAN_POINT('',(-5.617796167368,-4.362015591723,
    -0.997799929531));
#13646 = CYLINDRICAL_SURFACE('',#13647,19.40178571429);
#13647 = AXIS2_PLACEMENT_3D('',#13648,#13649,#13650);
#13648 = CARTESIAN_POINT('',(-24.90428571429,-2.25,0.));
#13649 = DIRECTION('',(0.,0.,1.));
#13650 = DIRECTION('',(1.,0.,-0.));
#13651 = ADVANCED_FACE('',(#13652),#13685,.F.);
#13652 = FACE_BOUND('',#13653,.F.);
#13653 = EDGE_LOOP('',(#13654,#13662,#13663,#13664,#13665,#13666,#13677)
  );
#13654 = ORIENTED_EDGE('',*,*,#13655,.T.);
#13655 = EDGE_CURVE('',#13656,#13384,#13658,.T.);
#13656 = VERTEX_POINT('',#13657);
#13657 = CARTESIAN_POINT('',(-5.91917068,-3.85833534,-1.343882127816));
#13658 = LINE('',#13659,#13660);
#13659 = CARTESIAN_POINT('',(-5.91917068,-3.85833534,-1.343882127816));
#13660 = VECTOR('',#13661,1.);
#13661 = DIRECTION('',(1.242527845173E-14,1.,0.));
#13662 = ORIENTED_EDGE('',*,*,#13405,.F.);
#13663 = ORIENTED_EDGE('',*,*,#13450,.T.);
#13664 = ORIENTED_EDGE('',*,*,#13574,.F.);
#13665 = ORIENTED_EDGE('',*,*,#13559,.F.);
#13666 = ORIENTED_EDGE('',*,*,#13667,.F.);
#13667 = EDGE_CURVE('',#13668,#13560,#13670,.T.);
#13668 = VERTEX_POINT('',#13669);
#13669 = CARTESIAN_POINT('',(-5.910865166082,-3.866919803197,
    -1.337852450962));
#13670 = B_SPLINE_CURVE_WITH_KNOTS('',3,(#13671,#13672,#13673,#13674,
    #13675,#13676),.UNSPECIFIED.,.F.,.F.,(4,1,1,4),(0.,0.25,0.5,1.),
  .UNSPECIFIED.);
#13671 = CARTESIAN_POINT('',(-5.910865166082,-3.866919803197,
    -1.337852450962));
#13672 = CARTESIAN_POINT('',(-5.8762710191,-3.90388163895,-1.31246551426
    ));
#13673 = CARTESIAN_POINT('',(-5.813682988676,-3.980593007214,
    -1.259776933979));
#13674 = CARTESIAN_POINT('',(-5.709173502777,-4.142744507926,
    -1.148404492628));
#13675 = CARTESIAN_POINT('',(-5.650175443636,-4.272545210803,
    -1.059251934033));
#13676 = CARTESIAN_POINT('',(-5.617796167368,-4.362015591723,
    -0.997799929531));
#13677 = ORIENTED_EDGE('',*,*,#13678,.F.);
#13678 = EDGE_CURVE('',#13656,#13668,#13679,.T.);
#13679 = B_SPLINE_CURVE_WITH_KNOTS('',3,(#13680,#13681,#13682,#13683,
    #13684),.UNSPECIFIED.,.F.,.F.,(4,1,4),(0.,0.5,1.),
  .QUASI_UNIFORM_KNOTS.);
#13680 = CARTESIAN_POINT('',(-5.91917068,-3.85833534,-1.343882127816));
#13681 = CARTESIAN_POINT('',(-5.91775362339,-3.85975239661,
    -1.342864429845));
#13682 = CARTESIAN_POINT('',(-5.914952560851,-3.862600420635,
    -1.340841529299));
#13683 = CARTESIAN_POINT('',(-5.912216863019,-3.865475593568,
    -1.338844394616));
#13684 = CARTESIAN_POINT('',(-5.910865166082,-3.866919803197,
    -1.337852450962));
#13685 = CYLINDRICAL_SURFACE('',#13686,1.);
#13686 = AXIS2_PLACEMENT_3D('',#13687,#13688,#13689);
#13687 = CARTESIAN_POINT('',(-6.5025,-6.3,-0.531646383449));
#13688 = DIRECTION('',(0.,-1.,0.));
#13689 = DIRECTION('',(1.,0.,0.));
#13690 = ADVANCED_FACE('',(#13691),#13723,.T.);
#13691 = FACE_BOUND('',#13692,.T.);
#13692 = EDGE_LOOP('',(#13693,#13694,#13702,#13722));
#13693 = ORIENTED_EDGE('',*,*,#13383,.T.);
#13694 = ORIENTED_EDGE('',*,*,#13695,.T.);
#13695 = EDGE_CURVE('',#13376,#13696,#13698,.T.);
#13696 = VERTEX_POINT('',#13697);
#13697 = CARTESIAN_POINT('',(-6.12750602,-3.65,-1.75));
#13698 = LINE('',#13699,#13700);
#13699 = CARTESIAN_POINT('',(-6.12750602,-0.85,-1.75));
#13700 = VECTOR('',#13701,1.);
#13701 = DIRECTION('',(0.,-1.,0.));
#13702 = ORIENTED_EDGE('',*,*,#13703,.T.);
#13703 = EDGE_CURVE('',#13696,#13656,#13704,.T.);
#13704 = B_SPLINE_CURVE_WITH_KNOTS('',3,(#13705,#13706,#13707,#13708,
    #13709,#13710,#13711,#13712,#13713,#13714,#13715,#13716,#13717,
    #13718,#13719,#13720,#13721),.UNSPECIFIED.,.F.,.F.,(4,1,1,1,1,1,1,1,
    1,1,1,1,1,1,4),(0.,7.142857142857E-02,0.142857142857,0.214285714286,
    0.285714285714,0.357142857143,0.428571428571,0.5,0.571428571429,
    0.642857142857,0.714285714286,0.785714285714,0.857142857143,
    0.928571428571,1.),.UNSPECIFIED.);
#13705 = CARTESIAN_POINT('',(-6.12750602,-3.65,-1.75));
#13706 = CARTESIAN_POINT('',(-6.12750602,-3.65,-1.740017246061));
#13707 = CARTESIAN_POINT('',(-6.126908323458,-3.650597696542,
    -1.719993365025));
#13708 = CARTESIAN_POINT('',(-6.12418590252,-3.65332011748,
    -1.689877832105));
#13709 = CARTESIAN_POINT('',(-6.119626243504,-3.657879776496,
    -1.659837227937));
#13710 = CARTESIAN_POINT('',(-6.113144494983,-3.664361525017,
    -1.629678276282));
#13711 = CARTESIAN_POINT('',(-6.104680402792,-3.672825617208,
    -1.599550590343));
#13712 = CARTESIAN_POINT('',(-6.094169502603,-3.683336517397,
    -1.569522040532));
#13713 = CARTESIAN_POINT('',(-6.081376851318,-3.696129168682,
    -1.539365635004));
#13714 = CARTESIAN_POINT('',(-6.066290309882,-3.711215710118,
    -1.509475170284));
#13715 = CARTESIAN_POINT('',(-6.048704488126,-3.728801531874,
    -1.479815119563));
#13716 = CARTESIAN_POINT('',(-6.028484380594,-3.749021639406,
    -1.450581050422));
#13717 = CARTESIAN_POINT('',(-6.005429407239,-3.772076612761,
    -1.421914867258));
#13718 = CARTESIAN_POINT('',(-5.97949280401,-3.79801321599,
    -1.394192200456));
#13719 = CARTESIAN_POINT('',(-5.950784581947,-3.826721438053,
    -1.367894165407));
#13720 = CARTESIAN_POINT('',(-5.929988198998,-3.847517821002,
    -1.351651025017));
#13721 = CARTESIAN_POINT('',(-5.91917068,-3.85833534,-1.343882127816));
#13722 = ORIENTED_EDGE('',*,*,#13655,.T.);
#13723 = CYLINDRICAL_SURFACE('',#13724,0.5);
#13724 = AXIS2_PLACEMENT_3D('',#13725,#13726,#13727);
#13725 = CARTESIAN_POINT('',(-5.62750602,-6.3,-1.75));
#13726 = DIRECTION('',(0.,-1.,0.));
#13727 = DIRECTION('',(1.,0.,0.));
#13728 = ADVANCED_FACE('',(#13729),#13747,.T.);
#13729 = FACE_BOUND('',#13730,.T.);
#13730 = EDGE_LOOP('',(#13731,#13732,#13738,#13739,#13740,#13746));
#13731 = ORIENTED_EDGE('',*,*,#13268,.F.);
#13732 = ORIENTED_EDGE('',*,*,#13733,.T.);
#13733 = EDGE_CURVE('',#13269,#13668,#13734,.T.);
#13734 = LINE('',#13735,#13736);
#13735 = CARTESIAN_POINT('',(-8.089134833918,-3.866919803197,
    -1.337852450962));
#13736 = VECTOR('',#13737,1.);
#13737 = DIRECTION('',(1.,0.,0.));
#13738 = ORIENTED_EDGE('',*,*,#13678,.F.);
#13739 = ORIENTED_EDGE('',*,*,#13703,.F.);
#13740 = ORIENTED_EDGE('',*,*,#13741,.F.);
#13741 = EDGE_CURVE('',#13317,#13696,#13742,.T.);
#13742 = LINE('',#13743,#13744);
#13743 = CARTESIAN_POINT('',(-7.87249398,-3.65,-1.75));
#13744 = VECTOR('',#13745,1.);
#13745 = DIRECTION('',(1.,0.,0.));
#13746 = ORIENTED_EDGE('',*,*,#13316,.F.);
#13747 = CYLINDRICAL_SURFACE('',#13748,0.5);
#13748 = AXIS2_PLACEMENT_3D('',#13749,#13750,#13751);
#13749 = CARTESIAN_POINT('',(-8.6,-4.15,-1.75));
#13750 = DIRECTION('',(1.,0.,0.));
#13751 = DIRECTION('',(0.,0.,-1.));
#13752 = ADVANCED_FACE('',(#13753),#13759,.T.);
#13753 = FACE_BOUND('',#13754,.F.);
#13754 = EDGE_LOOP('',(#13755,#13756,#13757,#13758));
#13755 = ORIENTED_EDGE('',*,*,#13338,.F.);
#13756 = ORIENTED_EDGE('',*,*,#13375,.T.);
#13757 = ORIENTED_EDGE('',*,*,#13695,.T.);
#13758 = ORIENTED_EDGE('',*,*,#13741,.F.);
#13759 = PLANE('',#13760);
#13760 = AXIS2_PLACEMENT_3D('',#13761,#13762,#13763);
#13761 = CARTESIAN_POINT('',(-5.25,0.,-1.75));
#13762 = DIRECTION('',(0.,0.,1.));
#13763 = DIRECTION('',(1.,0.,-0.));
#13764 = ADVANCED_FACE('',(#13765),#13778,.T.);
#13765 = FACE_BOUND('',#13766,.F.);
#13766 = EDGE_LOOP('',(#13767,#13768,#13769,#13770,#13771,#13777));
#13767 = ORIENTED_EDGE('',*,*,#13278,.T.);
#13768 = ORIENTED_EDGE('',*,*,#13733,.T.);
#13769 = ORIENTED_EDGE('',*,*,#13667,.T.);
#13770 = ORIENTED_EDGE('',*,*,#13640,.F.);
#13771 = ORIENTED_EDGE('',*,*,#13772,.F.);
#13772 = EDGE_CURVE('',#13136,#13623,#13773,.T.);
#13773 = LINE('',#13774,#13775);
#13774 = CARTESIAN_POINT('',(-8.359105634411,-4.563232078721,
    -0.859596019615));
#13775 = VECTOR('',#13776,1.);
#13776 = DIRECTION('',(1.,0.,0.));
#13777 = ORIENTED_EDGE('',*,*,#13135,.F.);
#13778 = PLANE('',#13779);
#13779 = AXIS2_PLACEMENT_3D('',#13780,#13781,#13782);
#13780 = CARTESIAN_POINT('',(-8.6,-3.866919803197,-1.337852450962));
#13781 = DIRECTION('',(0.,0.566160393605,0.824295098076));
#13782 = DIRECTION('',(0.,-0.824295098076,0.566160393605));
#13783 = ADVANCED_FACE('',(#13784),#13795,.F.);
#13784 = FACE_BOUND('',#13785,.F.);
#13785 = EDGE_LOOP('',(#13786,#13792,#13793,#13794));
#13786 = ORIENTED_EDGE('',*,*,#13787,.F.);
#13787 = EDGE_CURVE('',#13145,#13615,#13788,.T.);
#13788 = LINE('',#13789,#13790);
#13789 = CARTESIAN_POINT('',(-8.348487823651,-4.65,-0.694737));
#13790 = VECTOR('',#13791,1.);
#13791 = DIRECTION('',(1.,0.,0.));
#13792 = ORIENTED_EDGE('',*,*,#13144,.F.);
#13793 = ORIENTED_EDGE('',*,*,#13772,.T.);
#13794 = ORIENTED_EDGE('',*,*,#13622,.F.);
#13795 = CYLINDRICAL_SURFACE('',#13796,0.2);
#13796 = AXIS2_PLACEMENT_3D('',#13797,#13798,#13799);
#13797 = CARTESIAN_POINT('',(-8.6,-4.45,-0.694737));
#13798 = DIRECTION('',(1.,0.,0.));
#13799 = DIRECTION('',(0.,0.,-1.));
#13800 = ADVANCED_FACE('',(#13801),#13812,.T.);
#13801 = FACE_BOUND('',#13802,.F.);
#13802 = EDGE_LOOP('',(#13803,#13804,#13805,#13811));
#13803 = ORIENTED_EDGE('',*,*,#13787,.T.);
#13804 = ORIENTED_EDGE('',*,*,#13614,.T.);
#13805 = ORIENTED_EDGE('',*,*,#13806,.F.);
#13806 = EDGE_CURVE('',#13163,#13591,#13807,.T.);
#13807 = LINE('',#13808,#13809);
#13808 = CARTESIAN_POINT('',(-8.348487823651,-4.65,-0.2));
#13809 = VECTOR('',#13810,1.);
#13810 = DIRECTION('',(1.,0.,0.));
#13811 = ORIENTED_EDGE('',*,*,#13162,.F.);
#13812 = PLANE('',#13813);
#13813 = AXIS2_PLACEMENT_3D('',#13814,#13815,#13816);
#13814 = CARTESIAN_POINT('',(-8.6,-4.65,-0.694737));
#13815 = DIRECTION('',(0.,1.,0.));
#13816 = DIRECTION('',(0.,-0.,1.));
#13817 = ADVANCED_FACE('',(#13818),#13824,.T.);
#13818 = FACE_BOUND('',#13819,.T.);
#13819 = EDGE_LOOP('',(#13820,#13821,#13822,#13823));
#13820 = ORIENTED_EDGE('',*,*,#13170,.T.);
#13821 = ORIENTED_EDGE('',*,*,#466,.T.);
#13822 = ORIENTED_EDGE('',*,*,#13590,.T.);
#13823 = ORIENTED_EDGE('',*,*,#13806,.F.);
#13824 = CYLINDRICAL_SURFACE('',#13825,0.2);
#13825 = AXIS2_PLACEMENT_3D('',#13826,#13827,#13828);
#13826 = CARTESIAN_POINT('',(-8.6,-4.85,-0.2));
#13827 = DIRECTION('',(1.,0.,0.));
#13828 = DIRECTION('',(0.,0.,-1.));
#13829 = ( GEOMETRIC_REPRESENTATION_CONTEXT(3) 
GLOBAL_UNCERTAINTY_ASSIGNED_CONTEXT((#13833)) 
GLOBAL_UNIT_ASSIGNED_CONTEXT((#13830,#13831,#13832)) 
REPRESENTATION_CONTEXT('Context #1',
  '3D Context with UNIT and UNCERTAINTY') );
#13830 = ( LENGTH_UNIT() NAMED_UNIT(*) SI_UNIT(.MILLI.,.METRE.) );
#13831 = ( NAMED_UNIT(*) PLANE_ANGLE_UNIT() SI_UNIT($,.RADIAN.) );
#13832 = ( NAMED_UNIT(*) SI_UNIT($,.STERADIAN.) SOLID_ANGLE_UNIT() );
#13833 = UNCERTAINTY_MEASURE_WITH_UNIT(LENGTH_MEASURE(1.E-05),#13830,
  'distance_accuracy_value','confusion accuracy');
#13834 = CONTEXT_DEPENDENT_SHAPE_REPRESENTATION(#13835,#13837);
#13835 = ( REPRESENTATION_RELATIONSHIP('','',#36,#10) 
REPRESENTATION_RELATIONSHIP_WITH_TRANSFORMATION(#13836) 
SHAPE_REPRESENTATION_RELATIONSHIP() );
#13836 = ITEM_DEFINED_TRANSFORMATION('','',#11,#15);
#13837 = PRODUCT_DEFINITION_SHAPE('Placement','Placement of an item',
  #13838);
#13838 = NEXT_ASSEMBLY_USAGE_OCCURRENCE('1','J1','',#5,#31,$);
#13839 = PRODUCT_RELATED_PRODUCT_CATEGORY('part',$,(#33));
#13840 = SHAPE_DEFINITION_REPRESENTATION(#13841,#13847);
#13841 = PRODUCT_DEFINITION_SHAPE('','',#13842);
#13842 = PRODUCT_DEFINITION('design','',#13843,#13846);
#13843 = PRODUCT_DEFINITION_FORMATION('','',#13844);
#13844 = PRODUCT('End_PCB_terminal_holder_PCB',
  'End_PCB_terminal_holder_PCB','',(#13845));
#13845 = PRODUCT_CONTEXT('',#2,'mechanical');
#13846 = PRODUCT_DEFINITION_CONTEXT('part definition',#2,'design');
#13847 = ADVANCED_BREP_SHAPE_REPRESENTATION('',(#11,#13848),#14930);
#13848 = MANIFOLD_SOLID_BREP('',#13849);
#13849 = CLOSED_SHELL('',(#13850,#13892,#13923,#13954,#14215,#14476,
    #14493,#14510,#14527,#14544,#14561,#14578,#14595,#14612,#14629,
    #14646,#14663,#14680,#14697,#14714,#14731,#14748,#14760,#14777,
    #14794,#14811,#14828,#14845,#14862,#14879,#14896,#14913));
#13850 = ADVANCED_FACE('',(#13851),#13887,.F.);
#13851 = FACE_BOUND('',#13852,.T.);
#13852 = EDGE_LOOP('',(#13853,#13863,#13872,#13880));
#13853 = ORIENTED_EDGE('',*,*,#13854,.T.);
#13854 = EDGE_CURVE('',#13855,#13857,#13859,.T.);
#13855 = VERTEX_POINT('',#13856);
#13856 = CARTESIAN_POINT('',(88.028127,-91.540086,0.));
#13857 = VERTEX_POINT('',#13858);
#13858 = CARTESIAN_POINT('',(88.028127,-91.540086,1.51));
#13859 = LINE('',#13860,#13861);
#13860 = CARTESIAN_POINT('',(88.028127,-91.540086,0.));
#13861 = VECTOR('',#13862,1.);
#13862 = DIRECTION('',(0.,0.,1.));
#13863 = ORIENTED_EDGE('',*,*,#13864,.T.);
#13864 = EDGE_CURVE('',#13857,#13865,#13867,.T.);
#13865 = VERTEX_POINT('',#13866);
#13866 = CARTESIAN_POINT('',(89.347075,-93.743516,1.51));
#13867 = CIRCLE('',#13868,2.499996292287);
#13868 = AXIS2_PLACEMENT_3D('',#13869,#13870,#13871);
#13869 = CARTESIAN_POINT('',(90.528123292287,-91.54008540369,1.51));
#13870 = DIRECTION('',(0.,0.,1.));
#13871 = DIRECTION('',(-1.,-2.385225072443E-07,0.));
#13872 = ORIENTED_EDGE('',*,*,#13873,.F.);
#13873 = EDGE_CURVE('',#13874,#13865,#13876,.T.);
#13874 = VERTEX_POINT('',#13875);
#13875 = CARTESIAN_POINT('',(89.347075,-93.743516,0.));
#13876 = LINE('',#13877,#13878);
#13877 = CARTESIAN_POINT('',(89.347075,-93.743516,0.));
#13878 = VECTOR('',#13879,1.);
#13879 = DIRECTION('',(0.,0.,1.));
#13880 = ORIENTED_EDGE('',*,*,#13881,.F.);
#13881 = EDGE_CURVE('',#13855,#13874,#13882,.T.);
#13882 = CIRCLE('',#13883,2.499996292287);
#13883 = AXIS2_PLACEMENT_3D('',#13884,#13885,#13886);
#13884 = CARTESIAN_POINT('',(90.528123292287,-91.54008540369,0.));
#13885 = DIRECTION('',(0.,0.,1.));
#13886 = DIRECTION('',(-1.,-2.385225072443E-07,0.));
#13887 = CYLINDRICAL_SURFACE('',#13888,2.499996292287);
#13888 = AXIS2_PLACEMENT_3D('',#13889,#13890,#13891);
#13889 = CARTESIAN_POINT('',(90.528123292287,-91.54008540369,0.));
#13890 = DIRECTION('',(-0.,-0.,-1.));
#13891 = DIRECTION('',(-1.,-2.385225072443E-07,0.));
#13892 = ADVANCED_FACE('',(#13893),#13918,.T.);
#13893 = FACE_BOUND('',#13894,.T.);
#13894 = EDGE_LOOP('',(#13895,#13905,#13911,#13912));
#13895 = ORIENTED_EDGE('',*,*,#13896,.T.);
#13896 = EDGE_CURVE('',#13897,#13899,#13901,.T.);
#13897 = VERTEX_POINT('',#13898);
#13898 = CARTESIAN_POINT('',(88.028127,-85.499999,0.));
#13899 = VERTEX_POINT('',#13900);
#13900 = CARTESIAN_POINT('',(88.028127,-85.499999,1.51));
#13901 = LINE('',#13902,#13903);
#13902 = CARTESIAN_POINT('',(88.028127,-85.499999,0.));
#13903 = VECTOR('',#13904,1.);
#13904 = DIRECTION('',(0.,0.,1.));
#13905 = ORIENTED_EDGE('',*,*,#13906,.T.);
#13906 = EDGE_CURVE('',#13899,#13857,#13907,.T.);
#13907 = LINE('',#13908,#13909);
#13908 = CARTESIAN_POINT('',(88.028127,-85.499999,1.51));
#13909 = VECTOR('',#13910,1.);
#13910 = DIRECTION('',(0.,-1.,0.));
#13911 = ORIENTED_EDGE('',*,*,#13854,.F.);
#13912 = ORIENTED_EDGE('',*,*,#13913,.F.);
#13913 = EDGE_CURVE('',#13897,#13855,#13914,.T.);
#13914 = LINE('',#13915,#13916);
#13915 = CARTESIAN_POINT('',(88.028127,-85.499999,0.));
#13916 = VECTOR('',#13917,1.);
#13917 = DIRECTION('',(0.,-1.,0.));
#13918 = PLANE('',#13919);
#13919 = AXIS2_PLACEMENT_3D('',#13920,#13921,#13922);
#13920 = CARTESIAN_POINT('',(88.028127,-85.499999,0.));
#13921 = DIRECTION('',(1.,0.,-0.));
#13922 = DIRECTION('',(0.,-1.,0.));
#13923 = ADVANCED_FACE('',(#13924),#13949,.T.);
#13924 = FACE_BOUND('',#13925,.T.);
#13925 = EDGE_LOOP('',(#13926,#13927,#13935,#13943));
#13926 = ORIENTED_EDGE('',*,*,#13873,.T.);
#13927 = ORIENTED_EDGE('',*,*,#13928,.T.);
#13928 = EDGE_CURVE('',#13865,#13929,#13931,.T.);
#13929 = VERTEX_POINT('',#13930);
#13930 = CARTESIAN_POINT('',(97.56032,-98.145861,1.51));
#13931 = LINE('',#13932,#13933);
#13932 = CARTESIAN_POINT('',(89.347075,-93.743516,1.51));
#13933 = VECTOR('',#13934,1.);
#13934 = DIRECTION('',(0.881373085615,-0.472420875865,0.));
#13935 = ORIENTED_EDGE('',*,*,#13936,.F.);
#13936 = EDGE_CURVE('',#13937,#13929,#13939,.T.);
#13937 = VERTEX_POINT('',#13938);
#13938 = CARTESIAN_POINT('',(97.56032,-98.145861,0.));
#13939 = LINE('',#13940,#13941);
#13940 = CARTESIAN_POINT('',(97.56032,-98.145861,0.));
#13941 = VECTOR('',#13942,1.);
#13942 = DIRECTION('',(0.,0.,1.));
#13943 = ORIENTED_EDGE('',*,*,#13944,.F.);
#13944 = EDGE_CURVE('',#13874,#13937,#13945,.T.);
#13945 = LINE('',#13946,#13947);
#13946 = CARTESIAN_POINT('',(89.347075,-93.743516,0.));
#13947 = VECTOR('',#13948,1.);
#13948 = DIRECTION('',(0.881373085615,-0.472420875865,0.));
#13949 = PLANE('',#13950);
#13950 = AXIS2_PLACEMENT_3D('',#13951,#13952,#13953);
#13951 = CARTESIAN_POINT('',(89.347075,-93.743516,0.));
#13952 = DIRECTION('',(0.472420875865,0.881373085615,-0.));
#13953 = DIRECTION('',(0.881373085615,-0.472420875865,0.));
#13954 = ADVANCED_FACE('',(#13955,#14100,#14111,#14122,#14133,#14144,
    #14155,#14166,#14177,#14188,#14199),#14210,.F.);
#13955 = FACE_BOUND('',#13956,.F.);
#13956 = EDGE_LOOP('',(#13957,#13958,#13959,#13967,#13976,#13984,#13993,
    #14001,#14009,#14017,#14025,#14033,#14042,#14050,#14059,#14067,
    #14075,#14084,#14092,#14099));
#13957 = ORIENTED_EDGE('',*,*,#13881,.F.);
#13958 = ORIENTED_EDGE('',*,*,#13913,.F.);
#13959 = ORIENTED_EDGE('',*,*,#13960,.F.);
#13960 = EDGE_CURVE('',#13961,#13897,#13963,.T.);
#13961 = VERTEX_POINT('',#13962);
#13962 = CARTESIAN_POINT('',(81.200001,-85.499999,0.));
#13963 = LINE('',#13964,#13965);
#13964 = CARTESIAN_POINT('',(81.200001,-85.499999,0.));
#13965 = VECTOR('',#13966,1.);
#13966 = DIRECTION('',(1.,0.,0.));
#13967 = ORIENTED_EDGE('',*,*,#13968,.F.);
#13968 = EDGE_CURVE('',#13969,#13961,#13971,.T.);
#13969 = VERTEX_POINT('',#13970);
#13970 = CARTESIAN_POINT('',(81.,-85.7,0.));
#13971 = CIRCLE('',#13972,0.200001216271);
#13972 = AXIS2_PLACEMENT_3D('',#13973,#13974,#13975);
#13973 = CARTESIAN_POINT('',(81.200001216271,-85.70000021627,0.));
#13974 = DIRECTION('',(0.,0.,-1.));
#13975 = DIRECTION('',(-0.999999999999,1.081345960356E-06,0.));
#13976 = ORIENTED_EDGE('',*,*,#13977,.F.);
#13977 = EDGE_CURVE('',#13978,#13969,#13980,.T.);
#13978 = VERTEX_POINT('',#13979);
#13979 = CARTESIAN_POINT('',(81.,-114.299998,0.));
#13980 = LINE('',#13981,#13982);
#13981 = CARTESIAN_POINT('',(81.,-114.299998,0.));
#13982 = VECTOR('',#13983,1.);
#13983 = DIRECTION('',(0.,1.,0.));
#13984 = ORIENTED_EDGE('',*,*,#13985,.F.);
#13985 = EDGE_CURVE('',#13986,#13978,#13988,.T.);
#13986 = VERTEX_POINT('',#13987);
#13987 = CARTESIAN_POINT('',(81.200001,-114.499999,0.));
#13988 = CIRCLE('',#13989,0.200001216271);
#13989 = AXIS2_PLACEMENT_3D('',#13990,#13991,#13992);
#13990 = CARTESIAN_POINT('',(81.200001216271,-114.2999977837,0.));
#13991 = DIRECTION('',(0.,0.,-1.));
#13992 = DIRECTION('',(-1.081346102464E-06,-0.999999999999,-0.));
#13993 = ORIENTED_EDGE('',*,*,#13994,.F.);
#13994 = EDGE_CURVE('',#13995,#13986,#13997,.T.);
#13995 = VERTEX_POINT('',#13996);
#13996 = CARTESIAN_POINT('',(87.,-114.499999,0.));
#13997 = LINE('',#13998,#13999);
#13998 = CARTESIAN_POINT('',(87.,-114.499999,0.));
#13999 = VECTOR('',#14000,1.);
#14000 = DIRECTION('',(-1.,0.,0.));
#14001 = ORIENTED_EDGE('',*,*,#14002,.F.);
#14002 = EDGE_CURVE('',#14003,#13995,#14005,.T.);
#14003 = VERTEX_POINT('',#14004);
#14004 = CARTESIAN_POINT('',(87.,-112.999999,0.));
#14005 = LINE('',#14006,#14007);
#14006 = CARTESIAN_POINT('',(87.,-112.999999,0.));
#14007 = VECTOR('',#14008,1.);
#14008 = DIRECTION('',(0.,-1.,0.));
#14009 = ORIENTED_EDGE('',*,*,#14010,.F.);
#14010 = EDGE_CURVE('',#14011,#14003,#14013,.T.);
#14011 = VERTEX_POINT('',#14012);
#14012 = CARTESIAN_POINT('',(93.,-112.999999,0.));
#14013 = LINE('',#14014,#14015);
#14014 = CARTESIAN_POINT('',(93.,-112.999999,0.));
#14015 = VECTOR('',#14016,1.);
#14016 = DIRECTION('',(-1.,0.,0.));
#14017 = ORIENTED_EDGE('',*,*,#14018,.F.);
#14018 = EDGE_CURVE('',#14019,#14011,#14021,.T.);
#14019 = VERTEX_POINT('',#14020);
#14020 = CARTESIAN_POINT('',(93.,-114.499999,0.));
#14021 = LINE('',#14022,#14023);
#14022 = CARTESIAN_POINT('',(93.,-114.499999,0.));
#14023 = VECTOR('',#14024,1.);
#14024 = DIRECTION('',(0.,1.,0.));
#14025 = ORIENTED_EDGE('',*,*,#14026,.F.);
#14026 = EDGE_CURVE('',#14027,#14019,#14029,.T.);
#14027 = VERTEX_POINT('',#14028);
#14028 = CARTESIAN_POINT('',(118.8,-114.499999,0.));
#14029 = LINE('',#14030,#14031);
#14030 = CARTESIAN_POINT('',(118.8,-114.499999,0.));
#14031 = VECTOR('',#14032,1.);
#14032 = DIRECTION('',(-1.,0.,0.));
#14033 = ORIENTED_EDGE('',*,*,#14034,.F.);
#14034 = EDGE_CURVE('',#14035,#14027,#14037,.T.);
#14035 = VERTEX_POINT('',#14036);
#14036 = CARTESIAN_POINT('',(119.,-114.300033,0.));
#14037 = CIRCLE('',#14038,0.199943190339);
#14038 = AXIS2_PLACEMENT_3D('',#14039,#14040,#14041);
#14039 = CARTESIAN_POINT('',(118.80005681096,-114.3000558177,0.));
#14040 = DIRECTION('',(0.,0.,-1.));
#14041 = DIRECTION('',(0.999999993488,1.14121076124E-04,0.));
#14042 = ORIENTED_EDGE('',*,*,#14043,.F.);
#14043 = EDGE_CURVE('',#14044,#14035,#14046,.T.);
#14044 = VERTEX_POINT('',#14045);
#14045 = CARTESIAN_POINT('',(119.,-85.699999,0.));
#14046 = LINE('',#14047,#14048);
#14047 = CARTESIAN_POINT('',(119.,-85.699999,0.));
#14048 = VECTOR('',#14049,1.);
#14049 = DIRECTION('',(0.,-1.,0.));
#14050 = ORIENTED_EDGE('',*,*,#14051,.F.);
#14051 = EDGE_CURVE('',#14052,#14044,#14054,.T.);
#14052 = VERTEX_POINT('',#14053);
#14053 = CARTESIAN_POINT('',(118.8,-85.499999,0.));
#14054 = CIRCLE('',#14055,0.199977320865);
#14055 = AXIS2_PLACEMENT_3D('',#14056,#14057,#14058);
#14056 = CARTESIAN_POINT('',(118.80002268042,-85.69997631957,0.));
#14057 = DIRECTION('',(0.,0.,-1.));
#14058 = DIRECTION('',(-1.134149680983E-04,0.999999993569,0.));
#14059 = ORIENTED_EDGE('',*,*,#14060,.F.);
#14060 = EDGE_CURVE('',#14061,#14052,#14063,.T.);
#14061 = VERTEX_POINT('',#14062);
#14062 = CARTESIAN_POINT('',(111.963855,-85.499999,0.));
#14063 = LINE('',#14064,#14065);
#14064 = CARTESIAN_POINT('',(111.963855,-85.499999,0.));
#14065 = VECTOR('',#14066,1.);
#14066 = DIRECTION('',(1.,0.,0.));
#14067 = ORIENTED_EDGE('',*,*,#14068,.F.);
#14068 = EDGE_CURVE('',#14069,#14061,#14071,.T.);
#14069 = VERTEX_POINT('',#14070);
#14070 = CARTESIAN_POINT('',(111.963855,-91.815353,0.));
#14071 = LINE('',#14072,#14073);
#14072 = CARTESIAN_POINT('',(111.963855,-91.815353,0.));
#14073 = VECTOR('',#14074,1.);
#14074 = DIRECTION('',(0.,1.,0.));
#14075 = ORIENTED_EDGE('',*,*,#14076,.F.);
#14076 = EDGE_CURVE('',#14077,#14069,#14079,.T.);
#14077 = VERTEX_POINT('',#14078);
#14078 = CARTESIAN_POINT('',(110.603318,-94.040578,0.));
#14079 = CIRCLE('',#14080,2.500004957502);
#14080 = AXIS2_PLACEMENT_3D('',#14081,#14082,#14083);
#14081 = CARTESIAN_POINT('',(109.4638500425,-91.81535046975,0.));
#14082 = DIRECTION('',(0.,0.,1.));
#14083 = DIRECTION('',(0.455786279176,-0.890089247051,0.));
#14084 = ORIENTED_EDGE('',*,*,#14085,.F.);
#14085 = EDGE_CURVE('',#14086,#14077,#14088,.T.);
#14086 = VERTEX_POINT('',#14087);
#14087 = CARTESIAN_POINT('',(102.48959,-98.195365,0.));
#14088 = LINE('',#14089,#14090);
#14089 = CARTESIAN_POINT('',(102.48959,-98.195365,0.));
#14090 = VECTOR('',#14091,1.);
#14091 = DIRECTION('',(0.890088980192,0.455786800315,0.));
#14092 = ORIENTED_EDGE('',*,*,#14093,.F.);
#14093 = EDGE_CURVE('',#13937,#14086,#14094,.T.);
#14094 = CIRCLE('',#14095,3.499994609236);
#14095 = AXIS2_PLACEMENT_3D('',#14096,#14097,#14098);
#14096 = CARTESIAN_POINT('',(100.00000034384,-100.6554271147,0.));
#14097 = DIRECTION('',(0.,0.,-1.));
#14098 = DIRECTION('',(-0.697052600426,0.717019994309,0.));
#14099 = ORIENTED_EDGE('',*,*,#13944,.F.);
#14100 = FACE_BOUND('',#14101,.F.);
#14101 = EDGE_LOOP('',(#14102));
#14102 = ORIENTED_EDGE('',*,*,#14103,.F.);
#14103 = EDGE_CURVE('',#14104,#14104,#14106,.T.);
#14104 = VERTEX_POINT('',#14105);
#14105 = CARTESIAN_POINT('',(86.5,-111.935598,0.));
#14106 = CIRCLE('',#14107,1.5);
#14107 = AXIS2_PLACEMENT_3D('',#14108,#14109,#14110);
#14108 = CARTESIAN_POINT('',(85.,-111.935598,0.));
#14109 = DIRECTION('',(0.,0.,1.));
#14110 = DIRECTION('',(1.,0.,-0.));
#14111 = FACE_BOUND('',#14112,.F.);
#14112 = EDGE_LOOP('',(#14113));
#14113 = ORIENTED_EDGE('',*,*,#14114,.T.);
#14114 = EDGE_CURVE('',#14115,#14115,#14117,.T.);
#14115 = VERTEX_POINT('',#14116);
#14116 = CARTESIAN_POINT('',(95.12,-108.65,0.));
#14117 = CIRCLE('',#14118,0.55);
#14118 = AXIS2_PLACEMENT_3D('',#14119,#14120,#14121);
#14119 = CARTESIAN_POINT('',(95.12,-108.1,0.));
#14120 = DIRECTION('',(-0.,0.,-1.));
#14121 = DIRECTION('',(-0.,-1.,0.));
#14122 = FACE_BOUND('',#14123,.F.);
#14123 = EDGE_LOOP('',(#14124));
#14124 = ORIENTED_EDGE('',*,*,#14125,.T.);
#14125 = EDGE_CURVE('',#14126,#14126,#14128,.T.);
#14126 = VERTEX_POINT('',#14127);
#14127 = CARTESIAN_POINT('',(98.62,-108.65,0.));
#14128 = CIRCLE('',#14129,0.55);
#14129 = AXIS2_PLACEMENT_3D('',#14130,#14131,#14132);
#14130 = CARTESIAN_POINT('',(98.62,-108.1,0.));
#14131 = DIRECTION('',(-0.,0.,-1.));
#14132 = DIRECTION('',(-0.,-1.,0.));
#14133 = FACE_BOUND('',#14134,.F.);
#14134 = EDGE_LOOP('',(#14135));
#14135 = ORIENTED_EDGE('',*,*,#14136,.T.);
#14136 = EDGE_CURVE('',#14137,#14137,#14139,.T.);
#14137 = VERTEX_POINT('',#14138);
#14138 = CARTESIAN_POINT('',(102.12,-108.65,0.));
#14139 = CIRCLE('',#14140,0.55);
#14140 = AXIS2_PLACEMENT_3D('',#14141,#14142,#14143);
#14141 = CARTESIAN_POINT('',(102.12,-108.1,0.));
#14142 = DIRECTION('',(-0.,0.,-1.));
#14143 = DIRECTION('',(-0.,-1.,0.));
#14144 = FACE_BOUND('',#14145,.F.);
#14145 = EDGE_LOOP('',(#14146));
#14146 = ORIENTED_EDGE('',*,*,#14147,.T.);
#14147 = EDGE_CURVE('',#14148,#14148,#14150,.T.);
#14148 = VERTEX_POINT('',#14149);
#14149 = CARTESIAN_POINT('',(105.62,-108.65,0.));
#14150 = CIRCLE('',#14151,0.55);
#14151 = AXIS2_PLACEMENT_3D('',#14152,#14153,#14154);
#14152 = CARTESIAN_POINT('',(105.62,-108.1,0.));
#14153 = DIRECTION('',(-0.,0.,-1.));
#14154 = DIRECTION('',(-0.,-1.,0.));
#14155 = FACE_BOUND('',#14156,.F.);
#14156 = EDGE_LOOP('',(#14157));
#14157 = ORIENTED_EDGE('',*,*,#14158,.F.);
#14158 = EDGE_CURVE('',#14159,#14159,#14161,.T.);
#14159 = VERTEX_POINT('',#14160);
#14160 = CARTESIAN_POINT('',(116.5,-111.935598,0.));
#14161 = CIRCLE('',#14162,1.5);
#14162 = AXIS2_PLACEMENT_3D('',#14163,#14164,#14165);
#14163 = CARTESIAN_POINT('',(115.,-111.935598,0.));
#14164 = DIRECTION('',(0.,0.,1.));
#14165 = DIRECTION('',(1.,0.,-0.));
#14166 = FACE_BOUND('',#14167,.F.);
#14167 = EDGE_LOOP('',(#14168));
#14168 = ORIENTED_EDGE('',*,*,#14169,.T.);
#14169 = EDGE_CURVE('',#14170,#14170,#14172,.T.);
#14170 = VERTEX_POINT('',#14171);
#14171 = CARTESIAN_POINT('',(109.12,-108.65,0.));
#14172 = CIRCLE('',#14173,0.55);
#14173 = AXIS2_PLACEMENT_3D('',#14174,#14175,#14176);
#14174 = CARTESIAN_POINT('',(109.12,-108.1,0.));
#14175 = DIRECTION('',(-0.,0.,-1.));
#14176 = DIRECTION('',(-0.,-1.,0.));
#14177 = FACE_BOUND('',#14178,.F.);
#14178 = EDGE_LOOP('',(#14179));
#14179 = ORIENTED_EDGE('',*,*,#14180,.F.);
#14180 = EDGE_CURVE('',#14181,#14181,#14183,.T.);
#14181 = VERTEX_POINT('',#14182);
#14182 = CARTESIAN_POINT('',(102.2,-101.155433,0.));
#14183 = CIRCLE('',#14184,2.2);
#14184 = AXIS2_PLACEMENT_3D('',#14185,#14186,#14187);
#14185 = CARTESIAN_POINT('',(100.,-101.155433,0.));
#14186 = DIRECTION('',(0.,0.,1.));
#14187 = DIRECTION('',(1.,0.,-0.));
#14188 = FACE_BOUND('',#14189,.F.);
#14189 = EDGE_LOOP('',(#14190));
#14190 = ORIENTED_EDGE('',*,*,#14191,.F.);
#14191 = EDGE_CURVE('',#14192,#14192,#14194,.T.);
#14192 = VERTEX_POINT('',#14193);
#14193 = CARTESIAN_POINT('',(86.5,-88.0644,0.));
#14194 = CIRCLE('',#14195,1.5);
#14195 = AXIS2_PLACEMENT_3D('',#14196,#14197,#14198);
#14196 = CARTESIAN_POINT('',(85.,-88.0644,0.));
#14197 = DIRECTION('',(0.,0.,1.));
#14198 = DIRECTION('',(1.,0.,-0.));
#14199 = FACE_BOUND('',#14200,.F.);
#14200 = EDGE_LOOP('',(#14201));
#14201 = ORIENTED_EDGE('',*,*,#14202,.F.);
#14202 = EDGE_CURVE('',#14203,#14203,#14205,.T.);
#14203 = VERTEX_POINT('',#14204);
#14204 = CARTESIAN_POINT('',(116.5,-88.0644,0.));
#14205 = CIRCLE('',#14206,1.5);
#14206 = AXIS2_PLACEMENT_3D('',#14207,#14208,#14209);
#14207 = CARTESIAN_POINT('',(115.,-88.0644,0.));
#14208 = DIRECTION('',(0.,0.,1.));
#14209 = DIRECTION('',(1.,0.,-0.));
#14210 = PLANE('',#14211);
#14211 = AXIS2_PLACEMENT_3D('',#14212,#14213,#14214);
#14212 = CARTESIAN_POINT('',(0.,0.,0.));
#14213 = DIRECTION('',(0.,0.,1.));
#14214 = DIRECTION('',(1.,0.,-0.));
#14215 = ADVANCED_FACE('',(#14216,#14361,#14372,#14383,#14394,#14405,
    #14416,#14427,#14438,#14449,#14460),#14471,.T.);
#14216 = FACE_BOUND('',#14217,.T.);
#14217 = EDGE_LOOP('',(#14218,#14219,#14220,#14228,#14237,#14245,#14254,
    #14262,#14270,#14278,#14286,#14294,#14303,#14311,#14320,#14328,
    #14336,#14345,#14353,#14360));
#14218 = ORIENTED_EDGE('',*,*,#13864,.F.);
#14219 = ORIENTED_EDGE('',*,*,#13906,.F.);
#14220 = ORIENTED_EDGE('',*,*,#14221,.F.);
#14221 = EDGE_CURVE('',#14222,#13899,#14224,.T.);
#14222 = VERTEX_POINT('',#14223);
#14223 = CARTESIAN_POINT('',(81.200001,-85.499999,1.51));
#14224 = LINE('',#14225,#14226);
#14225 = CARTESIAN_POINT('',(81.200001,-85.499999,1.51));
#14226 = VECTOR('',#14227,1.);
#14227 = DIRECTION('',(1.,0.,0.));
#14228 = ORIENTED_EDGE('',*,*,#14229,.F.);
#14229 = EDGE_CURVE('',#14230,#14222,#14232,.T.);
#14230 = VERTEX_POINT('',#14231);
#14231 = CARTESIAN_POINT('',(81.,-85.7,1.51));
#14232 = CIRCLE('',#14233,0.200001216271);
#14233 = AXIS2_PLACEMENT_3D('',#14234,#14235,#14236);
#14234 = CARTESIAN_POINT('',(81.200001216271,-85.70000021627,1.51));
#14235 = DIRECTION('',(0.,0.,-1.));
#14236 = DIRECTION('',(-0.999999999999,1.081345960356E-06,0.));
#14237 = ORIENTED_EDGE('',*,*,#14238,.F.);
#14238 = EDGE_CURVE('',#14239,#14230,#14241,.T.);
#14239 = VERTEX_POINT('',#14240);
#14240 = CARTESIAN_POINT('',(81.,-114.299998,1.51));
#14241 = LINE('',#14242,#14243);
#14242 = CARTESIAN_POINT('',(81.,-114.299998,1.51));
#14243 = VECTOR('',#14244,1.);
#14244 = DIRECTION('',(0.,1.,0.));
#14245 = ORIENTED_EDGE('',*,*,#14246,.F.);
#14246 = EDGE_CURVE('',#14247,#14239,#14249,.T.);
#14247 = VERTEX_POINT('',#14248);
#14248 = CARTESIAN_POINT('',(81.200001,-114.499999,1.51));
#14249 = CIRCLE('',#14250,0.200001216271);
#14250 = AXIS2_PLACEMENT_3D('',#14251,#14252,#14253);
#14251 = CARTESIAN_POINT('',(81.200001216271,-114.2999977837,1.51));
#14252 = DIRECTION('',(0.,0.,-1.));
#14253 = DIRECTION('',(-1.081346102464E-06,-0.999999999999,-0.));
#14254 = ORIENTED_EDGE('',*,*,#14255,.F.);
#14255 = EDGE_CURVE('',#14256,#14247,#14258,.T.);
#14256 = VERTEX_POINT('',#14257);
#14257 = CARTESIAN_POINT('',(87.,-114.499999,1.51));
#14258 = LINE('',#14259,#14260);
#14259 = CARTESIAN_POINT('',(87.,-114.499999,1.51));
#14260 = VECTOR('',#14261,1.);
#14261 = DIRECTION('',(-1.,0.,0.));
#14262 = ORIENTED_EDGE('',*,*,#14263,.F.);
#14263 = EDGE_CURVE('',#14264,#14256,#14266,.T.);
#14264 = VERTEX_POINT('',#14265);
#14265 = CARTESIAN_POINT('',(87.,-112.999999,1.51));
#14266 = LINE('',#14267,#14268);
#14267 = CARTESIAN_POINT('',(87.,-112.999999,1.51));
#14268 = VECTOR('',#14269,1.);
#14269 = DIRECTION('',(0.,-1.,0.));
#14270 = ORIENTED_EDGE('',*,*,#14271,.F.);
#14271 = EDGE_CURVE('',#14272,#14264,#14274,.T.);
#14272 = VERTEX_POINT('',#14273);
#14273 = CARTESIAN_POINT('',(93.,-112.999999,1.51));
#14274 = LINE('',#14275,#14276);
#14275 = CARTESIAN_POINT('',(93.,-112.999999,1.51));
#14276 = VECTOR('',#14277,1.);
#14277 = DIRECTION('',(-1.,0.,0.));
#14278 = ORIENTED_EDGE('',*,*,#14279,.F.);
#14279 = EDGE_CURVE('',#14280,#14272,#14282,.T.);
#14280 = VERTEX_POINT('',#14281);
#14281 = CARTESIAN_POINT('',(93.,-114.499999,1.51));
#14282 = LINE('',#14283,#14284);
#14283 = CARTESIAN_POINT('',(93.,-114.499999,1.51));
#14284 = VECTOR('',#14285,1.);
#14285 = DIRECTION('',(0.,1.,0.));
#14286 = ORIENTED_EDGE('',*,*,#14287,.F.);
#14287 = EDGE_CURVE('',#14288,#14280,#14290,.T.);
#14288 = VERTEX_POINT('',#14289);
#14289 = CARTESIAN_POINT('',(118.8,-114.499999,1.51));
#14290 = LINE('',#14291,#14292);
#14291 = CARTESIAN_POINT('',(118.8,-114.499999,1.51));
#14292 = VECTOR('',#14293,1.);
#14293 = DIRECTION('',(-1.,0.,0.));
#14294 = ORIENTED_EDGE('',*,*,#14295,.F.);
#14295 = EDGE_CURVE('',#14296,#14288,#14298,.T.);
#14296 = VERTEX_POINT('',#14297);
#14297 = CARTESIAN_POINT('',(119.,-114.300033,1.51));
#14298 = CIRCLE('',#14299,0.199943190339);
#14299 = AXIS2_PLACEMENT_3D('',#14300,#14301,#14302);
#14300 = CARTESIAN_POINT('',(118.80005681096,-114.3000558177,1.51));
#14301 = DIRECTION('',(0.,0.,-1.));
#14302 = DIRECTION('',(0.999999993488,1.14121076124E-04,0.));
#14303 = ORIENTED_EDGE('',*,*,#14304,.F.);
#14304 = EDGE_CURVE('',#14305,#14296,#14307,.T.);
#14305 = VERTEX_POINT('',#14306);
#14306 = CARTESIAN_POINT('',(119.,-85.699999,1.51));
#14307 = LINE('',#14308,#14309);
#14308 = CARTESIAN_POINT('',(119.,-85.699999,1.51));
#14309 = VECTOR('',#14310,1.);
#14310 = DIRECTION('',(0.,-1.,0.));
#14311 = ORIENTED_EDGE('',*,*,#14312,.F.);
#14312 = EDGE_CURVE('',#14313,#14305,#14315,.T.);
#14313 = VERTEX_POINT('',#14314);
#14314 = CARTESIAN_POINT('',(118.8,-85.499999,1.51));
#14315 = CIRCLE('',#14316,0.199977320865);
#14316 = AXIS2_PLACEMENT_3D('',#14317,#14318,#14319);
#14317 = CARTESIAN_POINT('',(118.80002268042,-85.69997631957,1.51));
#14318 = DIRECTION('',(0.,0.,-1.));
#14319 = DIRECTION('',(-1.134149680983E-04,0.999999993569,0.));
#14320 = ORIENTED_EDGE('',*,*,#14321,.F.);
#14321 = EDGE_CURVE('',#14322,#14313,#14324,.T.);
#14322 = VERTEX_POINT('',#14323);
#14323 = CARTESIAN_POINT('',(111.963855,-85.499999,1.51));
#14324 = LINE('',#14325,#14326);
#14325 = CARTESIAN_POINT('',(111.963855,-85.499999,1.51));
#14326 = VECTOR('',#14327,1.);
#14327 = DIRECTION('',(1.,0.,0.));
#14328 = ORIENTED_EDGE('',*,*,#14329,.F.);
#14329 = EDGE_CURVE('',#14330,#14322,#14332,.T.);
#14330 = VERTEX_POINT('',#14331);
#14331 = CARTESIAN_POINT('',(111.963855,-91.815353,1.51));
#14332 = LINE('',#14333,#14334);
#14333 = CARTESIAN_POINT('',(111.963855,-91.815353,1.51));
#14334 = VECTOR('',#14335,1.);
#14335 = DIRECTION('',(0.,1.,0.));
#14336 = ORIENTED_EDGE('',*,*,#14337,.F.);
#14337 = EDGE_CURVE('',#14338,#14330,#14340,.T.);
#14338 = VERTEX_POINT('',#14339);
#14339 = CARTESIAN_POINT('',(110.603318,-94.040578,1.51));
#14340 = CIRCLE('',#14341,2.500004957502);
#14341 = AXIS2_PLACEMENT_3D('',#14342,#14343,#14344);
#14342 = CARTESIAN_POINT('',(109.4638500425,-91.81535046975,1.51));
#14343 = DIRECTION('',(0.,0.,1.));
#14344 = DIRECTION('',(0.455786279176,-0.890089247051,0.));
#14345 = ORIENTED_EDGE('',*,*,#14346,.F.);
#14346 = EDGE_CURVE('',#14347,#14338,#14349,.T.);
#14347 = VERTEX_POINT('',#14348);
#14348 = CARTESIAN_POINT('',(102.48959,-98.195365,1.51));
#14349 = LINE('',#14350,#14351);
#14350 = CARTESIAN_POINT('',(102.48959,-98.195365,1.51));
#14351 = VECTOR('',#14352,1.);
#14352 = DIRECTION('',(0.890088980192,0.455786800315,0.));
#14353 = ORIENTED_EDGE('',*,*,#14354,.F.);
#14354 = EDGE_CURVE('',#13929,#14347,#14355,.T.);
#14355 = CIRCLE('',#14356,3.499994609236);
#14356 = AXIS2_PLACEMENT_3D('',#14357,#14358,#14359);
#14357 = CARTESIAN_POINT('',(100.00000034384,-100.6554271147,1.51));
#14358 = DIRECTION('',(0.,0.,-1.));
#14359 = DIRECTION('',(-0.697052600426,0.717019994309,0.));
#14360 = ORIENTED_EDGE('',*,*,#13928,.F.);
#14361 = FACE_BOUND('',#14362,.T.);
#14362 = EDGE_LOOP('',(#14363));
#14363 = ORIENTED_EDGE('',*,*,#14364,.F.);
#14364 = EDGE_CURVE('',#14365,#14365,#14367,.T.);
#14365 = VERTEX_POINT('',#14366);
#14366 = CARTESIAN_POINT('',(86.5,-111.935598,1.51));
#14367 = CIRCLE('',#14368,1.5);
#14368 = AXIS2_PLACEMENT_3D('',#14369,#14370,#14371);
#14369 = CARTESIAN_POINT('',(85.,-111.935598,1.51));
#14370 = DIRECTION('',(0.,0.,1.));
#14371 = DIRECTION('',(1.,0.,-0.));
#14372 = FACE_BOUND('',#14373,.T.);
#14373 = EDGE_LOOP('',(#14374));
#14374 = ORIENTED_EDGE('',*,*,#14375,.T.);
#14375 = EDGE_CURVE('',#14376,#14376,#14378,.T.);
#14376 = VERTEX_POINT('',#14377);
#14377 = CARTESIAN_POINT('',(95.12,-108.65,1.51));
#14378 = CIRCLE('',#14379,0.55);
#14379 = AXIS2_PLACEMENT_3D('',#14380,#14381,#14382);
#14380 = CARTESIAN_POINT('',(95.12,-108.1,1.51));
#14381 = DIRECTION('',(-0.,0.,-1.));
#14382 = DIRECTION('',(-0.,-1.,0.));
#14383 = FACE_BOUND('',#14384,.T.);
#14384 = EDGE_LOOP('',(#14385));
#14385 = ORIENTED_EDGE('',*,*,#14386,.T.);
#14386 = EDGE_CURVE('',#14387,#14387,#14389,.T.);
#14387 = VERTEX_POINT('',#14388);
#14388 = CARTESIAN_POINT('',(98.62,-108.65,1.51));
#14389 = CIRCLE('',#14390,0.55);
#14390 = AXIS2_PLACEMENT_3D('',#14391,#14392,#14393);
#14391 = CARTESIAN_POINT('',(98.62,-108.1,1.51));
#14392 = DIRECTION('',(-0.,0.,-1.));
#14393 = DIRECTION('',(-0.,-1.,0.));
#14394 = FACE_BOUND('',#14395,.T.);
#14395 = EDGE_LOOP('',(#14396));
#14396 = ORIENTED_EDGE('',*,*,#14397,.T.);
#14397 = EDGE_CURVE('',#14398,#14398,#14400,.T.);
#14398 = VERTEX_POINT('',#14399);
#14399 = CARTESIAN_POINT('',(102.12,-108.65,1.51));
#14400 = CIRCLE('',#14401,0.55);
#14401 = AXIS2_PLACEMENT_3D('',#14402,#14403,#14404);
#14402 = CARTESIAN_POINT('',(102.12,-108.1,1.51));
#14403 = DIRECTION('',(-0.,0.,-1.));
#14404 = DIRECTION('',(-0.,-1.,0.));
#14405 = FACE_BOUND('',#14406,.T.);
#14406 = EDGE_LOOP('',(#14407));
#14407 = ORIENTED_EDGE('',*,*,#14408,.T.);
#14408 = EDGE_CURVE('',#14409,#14409,#14411,.T.);
#14409 = VERTEX_POINT('',#14410);
#14410 = CARTESIAN_POINT('',(105.62,-108.65,1.51));
#14411 = CIRCLE('',#14412,0.55);
#14412 = AXIS2_PLACEMENT_3D('',#14413,#14414,#14415);
#14413 = CARTESIAN_POINT('',(105.62,-108.1,1.51));
#14414 = DIRECTION('',(-0.,0.,-1.));
#14415 = DIRECTION('',(-0.,-1.,0.));
#14416 = FACE_BOUND('',#14417,.T.);
#14417 = EDGE_LOOP('',(#14418));
#14418 = ORIENTED_EDGE('',*,*,#14419,.F.);
#14419 = EDGE_CURVE('',#14420,#14420,#14422,.T.);
#14420 = VERTEX_POINT('',#14421);
#14421 = CARTESIAN_POINT('',(116.5,-111.935598,1.51));
#14422 = CIRCLE('',#14423,1.5);
#14423 = AXIS2_PLACEMENT_3D('',#14424,#14425,#14426);
#14424 = CARTESIAN_POINT('',(115.,-111.935598,1.51));
#14425 = DIRECTION('',(0.,0.,1.));
#14426 = DIRECTION('',(1.,0.,-0.));
#14427 = FACE_BOUND('',#14428,.T.);
#14428 = EDGE_LOOP('',(#14429));
#14429 = ORIENTED_EDGE('',*,*,#14430,.T.);
#14430 = EDGE_CURVE('',#14431,#14431,#14433,.T.);
#14431 = VERTEX_POINT('',#14432);
#14432 = CARTESIAN_POINT('',(109.12,-108.65,1.51));
#14433 = CIRCLE('',#14434,0.55);
#14434 = AXIS2_PLACEMENT_3D('',#14435,#14436,#14437);
#14435 = CARTESIAN_POINT('',(109.12,-108.1,1.51));
#14436 = DIRECTION('',(-0.,0.,-1.));
#14437 = DIRECTION('',(-0.,-1.,0.));
#14438 = FACE_BOUND('',#14439,.T.);
#14439 = EDGE_LOOP('',(#14440));
#14440 = ORIENTED_EDGE('',*,*,#14441,.F.);
#14441 = EDGE_CURVE('',#14442,#14442,#14444,.T.);
#14442 = VERTEX_POINT('',#14443);
#14443 = CARTESIAN_POINT('',(102.2,-101.155433,1.51));
#14444 = CIRCLE('',#14445,2.2);
#14445 = AXIS2_PLACEMENT_3D('',#14446,#14447,#14448);
#14446 = CARTESIAN_POINT('',(100.,-101.155433,1.51));
#14447 = DIRECTION('',(0.,0.,1.));
#14448 = DIRECTION('',(1.,0.,-0.));
#14449 = FACE_BOUND('',#14450,.T.);
#14450 = EDGE_LOOP('',(#14451));
#14451 = ORIENTED_EDGE('',*,*,#14452,.F.);
#14452 = EDGE_CURVE('',#14453,#14453,#14455,.T.);
#14453 = VERTEX_POINT('',#14454);
#14454 = CARTESIAN_POINT('',(86.5,-88.0644,1.51));
#14455 = CIRCLE('',#14456,1.5);
#14456 = AXIS2_PLACEMENT_3D('',#14457,#14458,#14459);
#14457 = CARTESIAN_POINT('',(85.,-88.0644,1.51));
#14458 = DIRECTION('',(0.,0.,1.));
#14459 = DIRECTION('',(1.,0.,-0.));
#14460 = FACE_BOUND('',#14461,.T.);
#14461 = EDGE_LOOP('',(#14462));
#14462 = ORIENTED_EDGE('',*,*,#14463,.F.);
#14463 = EDGE_CURVE('',#14464,#14464,#14466,.T.);
#14464 = VERTEX_POINT('',#14465);
#14465 = CARTESIAN_POINT('',(116.5,-88.0644,1.51));
#14466 = CIRCLE('',#14467,1.5);
#14467 = AXIS2_PLACEMENT_3D('',#14468,#14469,#14470);
#14468 = CARTESIAN_POINT('',(115.,-88.0644,1.51));
#14469 = DIRECTION('',(0.,0.,1.));
#14470 = DIRECTION('',(1.,0.,-0.));
#14471 = PLANE('',#14472);
#14472 = AXIS2_PLACEMENT_3D('',#14473,#14474,#14475);
#14473 = CARTESIAN_POINT('',(0.,0.,1.51));
#14474 = DIRECTION('',(0.,0.,1.));
#14475 = DIRECTION('',(1.,0.,-0.));
#14476 = ADVANCED_FACE('',(#14477),#14488,.T.);
#14477 = FACE_BOUND('',#14478,.T.);
#14478 = EDGE_LOOP('',(#14479,#14485,#14486,#14487));
#14479 = ORIENTED_EDGE('',*,*,#14480,.T.);
#14480 = EDGE_CURVE('',#13961,#14222,#14481,.T.);
#14481 = LINE('',#14482,#14483);
#14482 = CARTESIAN_POINT('',(81.200001,-85.499999,0.));
#14483 = VECTOR('',#14484,1.);
#14484 = DIRECTION('',(0.,0.,1.));
#14485 = ORIENTED_EDGE('',*,*,#14221,.T.);
#14486 = ORIENTED_EDGE('',*,*,#13896,.F.);
#14487 = ORIENTED_EDGE('',*,*,#13960,.F.);
#14488 = PLANE('',#14489);
#14489 = AXIS2_PLACEMENT_3D('',#14490,#14491,#14492);
#14490 = CARTESIAN_POINT('',(81.200001,-85.499999,0.));
#14491 = DIRECTION('',(0.,1.,0.));
#14492 = DIRECTION('',(1.,0.,0.));
#14493 = ADVANCED_FACE('',(#14494),#14505,.T.);
#14494 = FACE_BOUND('',#14495,.T.);
#14495 = EDGE_LOOP('',(#14496,#14497,#14498,#14504));
#14496 = ORIENTED_EDGE('',*,*,#13936,.T.);
#14497 = ORIENTED_EDGE('',*,*,#14354,.T.);
#14498 = ORIENTED_EDGE('',*,*,#14499,.F.);
#14499 = EDGE_CURVE('',#14086,#14347,#14500,.T.);
#14500 = LINE('',#14501,#14502);
#14501 = CARTESIAN_POINT('',(102.48959,-98.195365,0.));
#14502 = VECTOR('',#14503,1.);
#14503 = DIRECTION('',(0.,0.,1.));
#14504 = ORIENTED_EDGE('',*,*,#14093,.F.);
#14505 = CYLINDRICAL_SURFACE('',#14506,3.499994609236);
#14506 = AXIS2_PLACEMENT_3D('',#14507,#14508,#14509);
#14507 = CARTESIAN_POINT('',(100.00000034384,-100.6554271147,0.));
#14508 = DIRECTION('',(0.,0.,-1.));
#14509 = DIRECTION('',(-0.697052600426,0.717019994309,0.));
#14510 = ADVANCED_FACE('',(#14511),#14522,.T.);
#14511 = FACE_BOUND('',#14512,.T.);
#14512 = EDGE_LOOP('',(#14513,#14519,#14520,#14521));
#14513 = ORIENTED_EDGE('',*,*,#14514,.T.);
#14514 = EDGE_CURVE('',#13969,#14230,#14515,.T.);
#14515 = LINE('',#14516,#14517);
#14516 = CARTESIAN_POINT('',(81.,-85.7,0.));
#14517 = VECTOR('',#14518,1.);
#14518 = DIRECTION('',(0.,0.,1.));
#14519 = ORIENTED_EDGE('',*,*,#14229,.T.);
#14520 = ORIENTED_EDGE('',*,*,#14480,.F.);
#14521 = ORIENTED_EDGE('',*,*,#13968,.F.);
#14522 = CYLINDRICAL_SURFACE('',#14523,0.200001216271);
#14523 = AXIS2_PLACEMENT_3D('',#14524,#14525,#14526);
#14524 = CARTESIAN_POINT('',(81.200001216271,-85.70000021627,0.));
#14525 = DIRECTION('',(0.,0.,-1.));
#14526 = DIRECTION('',(-0.999999999999,1.081345960356E-06,0.));
#14527 = ADVANCED_FACE('',(#14528),#14539,.T.);
#14528 = FACE_BOUND('',#14529,.T.);
#14529 = EDGE_LOOP('',(#14530,#14531,#14532,#14538));
#14530 = ORIENTED_EDGE('',*,*,#14499,.T.);
#14531 = ORIENTED_EDGE('',*,*,#14346,.T.);
#14532 = ORIENTED_EDGE('',*,*,#14533,.F.);
#14533 = EDGE_CURVE('',#14077,#14338,#14534,.T.);
#14534 = LINE('',#14535,#14536);
#14535 = CARTESIAN_POINT('',(110.603318,-94.040578,0.));
#14536 = VECTOR('',#14537,1.);
#14537 = DIRECTION('',(0.,0.,1.));
#14538 = ORIENTED_EDGE('',*,*,#14085,.F.);
#14539 = PLANE('',#14540);
#14540 = AXIS2_PLACEMENT_3D('',#14541,#14542,#14543);
#14541 = CARTESIAN_POINT('',(102.48959,-98.195365,0.));
#14542 = DIRECTION('',(-0.455786800315,0.890088980192,0.));
#14543 = DIRECTION('',(0.890088980192,0.455786800315,0.));
#14544 = ADVANCED_FACE('',(#14545),#14556,.T.);
#14545 = FACE_BOUND('',#14546,.T.);
#14546 = EDGE_LOOP('',(#14547,#14553,#14554,#14555));
#14547 = ORIENTED_EDGE('',*,*,#14548,.T.);
#14548 = EDGE_CURVE('',#13978,#14239,#14549,.T.);
#14549 = LINE('',#14550,#14551);
#14550 = CARTESIAN_POINT('',(81.,-114.299998,0.));
#14551 = VECTOR('',#14552,1.);
#14552 = DIRECTION('',(0.,0.,1.));
#14553 = ORIENTED_EDGE('',*,*,#14238,.T.);
#14554 = ORIENTED_EDGE('',*,*,#14514,.F.);
#14555 = ORIENTED_EDGE('',*,*,#13977,.F.);
#14556 = PLANE('',#14557);
#14557 = AXIS2_PLACEMENT_3D('',#14558,#14559,#14560);
#14558 = CARTESIAN_POINT('',(81.,-114.299998,0.));
#14559 = DIRECTION('',(-1.,0.,0.));
#14560 = DIRECTION('',(0.,1.,0.));
#14561 = ADVANCED_FACE('',(#14562),#14573,.F.);
#14562 = FACE_BOUND('',#14563,.T.);
#14563 = EDGE_LOOP('',(#14564,#14565,#14566,#14572));
#14564 = ORIENTED_EDGE('',*,*,#14533,.T.);
#14565 = ORIENTED_EDGE('',*,*,#14337,.T.);
#14566 = ORIENTED_EDGE('',*,*,#14567,.F.);
#14567 = EDGE_CURVE('',#14069,#14330,#14568,.T.);
#14568 = LINE('',#14569,#14570);
#14569 = CARTESIAN_POINT('',(111.963855,-91.815353,0.));
#14570 = VECTOR('',#14571,1.);
#14571 = DIRECTION('',(0.,0.,1.));
#14572 = ORIENTED_EDGE('',*,*,#14076,.F.);
#14573 = CYLINDRICAL_SURFACE('',#14574,2.500004957502);
#14574 = AXIS2_PLACEMENT_3D('',#14575,#14576,#14577);
#14575 = CARTESIAN_POINT('',(109.4638500425,-91.81535046975,0.));
#14576 = DIRECTION('',(-0.,-0.,-1.));
#14577 = DIRECTION('',(0.455786279176,-0.890089247051,0.));
#14578 = ADVANCED_FACE('',(#14579),#14590,.T.);
#14579 = FACE_BOUND('',#14580,.T.);
#14580 = EDGE_LOOP('',(#14581,#14587,#14588,#14589));
#14581 = ORIENTED_EDGE('',*,*,#14582,.T.);
#14582 = EDGE_CURVE('',#13986,#14247,#14583,.T.);
#14583 = LINE('',#14584,#14585);
#14584 = CARTESIAN_POINT('',(81.200001,-114.499999,0.));
#14585 = VECTOR('',#14586,1.);
#14586 = DIRECTION('',(0.,0.,1.));
#14587 = ORIENTED_EDGE('',*,*,#14246,.T.);
#14588 = ORIENTED_EDGE('',*,*,#14548,.F.);
#14589 = ORIENTED_EDGE('',*,*,#13985,.F.);
#14590 = CYLINDRICAL_SURFACE('',#14591,0.200001216271);
#14591 = AXIS2_PLACEMENT_3D('',#14592,#14593,#14594);
#14592 = CARTESIAN_POINT('',(81.200001216271,-114.2999977837,0.));
#14593 = DIRECTION('',(0.,0.,-1.));
#14594 = DIRECTION('',(-1.081346102464E-06,-0.999999999999,-0.));
#14595 = ADVANCED_FACE('',(#14596),#14607,.T.);
#14596 = FACE_BOUND('',#14597,.T.);
#14597 = EDGE_LOOP('',(#14598,#14599,#14600,#14606));
#14598 = ORIENTED_EDGE('',*,*,#14567,.T.);
#14599 = ORIENTED_EDGE('',*,*,#14329,.T.);
#14600 = ORIENTED_EDGE('',*,*,#14601,.F.);
#14601 = EDGE_CURVE('',#14061,#14322,#14602,.T.);
#14602 = LINE('',#14603,#14604);
#14603 = CARTESIAN_POINT('',(111.963855,-85.499999,0.));
#14604 = VECTOR('',#14605,1.);
#14605 = DIRECTION('',(0.,0.,1.));
#14606 = ORIENTED_EDGE('',*,*,#14068,.F.);
#14607 = PLANE('',#14608);
#14608 = AXIS2_PLACEMENT_3D('',#14609,#14610,#14611);
#14609 = CARTESIAN_POINT('',(111.963855,-91.815353,0.));
#14610 = DIRECTION('',(-1.,0.,0.));
#14611 = DIRECTION('',(0.,1.,0.));
#14612 = ADVANCED_FACE('',(#14613),#14624,.T.);
#14613 = FACE_BOUND('',#14614,.T.);
#14614 = EDGE_LOOP('',(#14615,#14621,#14622,#14623));
#14615 = ORIENTED_EDGE('',*,*,#14616,.T.);
#14616 = EDGE_CURVE('',#13995,#14256,#14617,.T.);
#14617 = LINE('',#14618,#14619);
#14618 = CARTESIAN_POINT('',(87.,-114.499999,0.));
#14619 = VECTOR('',#14620,1.);
#14620 = DIRECTION('',(0.,0.,1.));
#14621 = ORIENTED_EDGE('',*,*,#14255,.T.);
#14622 = ORIENTED_EDGE('',*,*,#14582,.F.);
#14623 = ORIENTED_EDGE('',*,*,#13994,.F.);
#14624 = PLANE('',#14625);
#14625 = AXIS2_PLACEMENT_3D('',#14626,#14627,#14628);
#14626 = CARTESIAN_POINT('',(87.,-114.499999,0.));
#14627 = DIRECTION('',(0.,-1.,0.));
#14628 = DIRECTION('',(-1.,0.,0.));
#14629 = ADVANCED_FACE('',(#14630),#14641,.T.);
#14630 = FACE_BOUND('',#14631,.T.);
#14631 = EDGE_LOOP('',(#14632,#14633,#14634,#14640));
#14632 = ORIENTED_EDGE('',*,*,#14601,.T.);
#14633 = ORIENTED_EDGE('',*,*,#14321,.T.);
#14634 = ORIENTED_EDGE('',*,*,#14635,.F.);
#14635 = EDGE_CURVE('',#14052,#14313,#14636,.T.);
#14636 = LINE('',#14637,#14638);
#14637 = CARTESIAN_POINT('',(118.8,-85.499999,0.));
#14638 = VECTOR('',#14639,1.);
#14639 = DIRECTION('',(0.,0.,1.));
#14640 = ORIENTED_EDGE('',*,*,#14060,.F.);
#14641 = PLANE('',#14642);
#14642 = AXIS2_PLACEMENT_3D('',#14643,#14644,#14645);
#14643 = CARTESIAN_POINT('',(111.963855,-85.499999,0.));
#14644 = DIRECTION('',(0.,1.,0.));
#14645 = DIRECTION('',(1.,0.,0.));
#14646 = ADVANCED_FACE('',(#14647),#14658,.T.);
#14647 = FACE_BOUND('',#14648,.T.);
#14648 = EDGE_LOOP('',(#14649,#14655,#14656,#14657));
#14649 = ORIENTED_EDGE('',*,*,#14650,.T.);
#14650 = EDGE_CURVE('',#14003,#14264,#14651,.T.);
#14651 = LINE('',#14652,#14653);
#14652 = CARTESIAN_POINT('',(87.,-112.999999,0.));
#14653 = VECTOR('',#14654,1.);
#14654 = DIRECTION('',(0.,0.,1.));
#14655 = ORIENTED_EDGE('',*,*,#14263,.T.);
#14656 = ORIENTED_EDGE('',*,*,#14616,.F.);
#14657 = ORIENTED_EDGE('',*,*,#14002,.F.);
#14658 = PLANE('',#14659);
#14659 = AXIS2_PLACEMENT_3D('',#14660,#14661,#14662);
#14660 = CARTESIAN_POINT('',(87.,-112.999999,0.));
#14661 = DIRECTION('',(1.,0.,-0.));
#14662 = DIRECTION('',(0.,-1.,0.));
#14663 = ADVANCED_FACE('',(#14664),#14675,.T.);
#14664 = FACE_BOUND('',#14665,.T.);
#14665 = EDGE_LOOP('',(#14666,#14667,#14668,#14674));
#14666 = ORIENTED_EDGE('',*,*,#14635,.T.);
#14667 = ORIENTED_EDGE('',*,*,#14312,.T.);
#14668 = ORIENTED_EDGE('',*,*,#14669,.F.);
#14669 = EDGE_CURVE('',#14044,#14305,#14670,.T.);
#14670 = LINE('',#14671,#14672);
#14671 = CARTESIAN_POINT('',(119.,-85.699999,0.));
#14672 = VECTOR('',#14673,1.);
#14673 = DIRECTION('',(0.,0.,1.));
#14674 = ORIENTED_EDGE('',*,*,#14051,.F.);
#14675 = CYLINDRICAL_SURFACE('',#14676,0.199977320865);
#14676 = AXIS2_PLACEMENT_3D('',#14677,#14678,#14679);
#14677 = CARTESIAN_POINT('',(118.80002268042,-85.69997631957,0.));
#14678 = DIRECTION('',(0.,0.,-1.));
#14679 = DIRECTION('',(-1.134149680983E-04,0.999999993569,0.));
#14680 = ADVANCED_FACE('',(#14681),#14692,.T.);
#14681 = FACE_BOUND('',#14682,.T.);
#14682 = EDGE_LOOP('',(#14683,#14689,#14690,#14691));
#14683 = ORIENTED_EDGE('',*,*,#14684,.T.);
#14684 = EDGE_CURVE('',#14011,#14272,#14685,.T.);
#14685 = LINE('',#14686,#14687);
#14686 = CARTESIAN_POINT('',(93.,-112.999999,0.));
#14687 = VECTOR('',#14688,1.);
#14688 = DIRECTION('',(0.,0.,1.));
#14689 = ORIENTED_EDGE('',*,*,#14271,.T.);
#14690 = ORIENTED_EDGE('',*,*,#14650,.F.);
#14691 = ORIENTED_EDGE('',*,*,#14010,.F.);
#14692 = PLANE('',#14693);
#14693 = AXIS2_PLACEMENT_3D('',#14694,#14695,#14696);
#14694 = CARTESIAN_POINT('',(93.,-112.999999,0.));
#14695 = DIRECTION('',(0.,-1.,0.));
#14696 = DIRECTION('',(-1.,0.,0.));
#14697 = ADVANCED_FACE('',(#14698),#14709,.T.);
#14698 = FACE_BOUND('',#14699,.T.);
#14699 = EDGE_LOOP('',(#14700,#14701,#14702,#14708));
#14700 = ORIENTED_EDGE('',*,*,#14669,.T.);
#14701 = ORIENTED_EDGE('',*,*,#14304,.T.);
#14702 = ORIENTED_EDGE('',*,*,#14703,.F.);
#14703 = EDGE_CURVE('',#14035,#14296,#14704,.T.);
#14704 = LINE('',#14705,#14706);
#14705 = CARTESIAN_POINT('',(119.,-114.300033,0.));
#14706 = VECTOR('',#14707,1.);
#14707 = DIRECTION('',(0.,0.,1.));
#14708 = ORIENTED_EDGE('',*,*,#14043,.F.);
#14709 = PLANE('',#14710);
#14710 = AXIS2_PLACEMENT_3D('',#14711,#14712,#14713);
#14711 = CARTESIAN_POINT('',(119.,-85.699999,0.));
#14712 = DIRECTION('',(1.,0.,-0.));
#14713 = DIRECTION('',(0.,-1.,0.));
#14714 = ADVANCED_FACE('',(#14715),#14726,.T.);
#14715 = FACE_BOUND('',#14716,.T.);
#14716 = EDGE_LOOP('',(#14717,#14723,#14724,#14725));
#14717 = ORIENTED_EDGE('',*,*,#14718,.T.);
#14718 = EDGE_CURVE('',#14019,#14280,#14719,.T.);
#14719 = LINE('',#14720,#14721);
#14720 = CARTESIAN_POINT('',(93.,-114.499999,0.));
#14721 = VECTOR('',#14722,1.);
#14722 = DIRECTION('',(0.,0.,1.));
#14723 = ORIENTED_EDGE('',*,*,#14279,.T.);
#14724 = ORIENTED_EDGE('',*,*,#14684,.F.);
#14725 = ORIENTED_EDGE('',*,*,#14018,.F.);
#14726 = PLANE('',#14727);
#14727 = AXIS2_PLACEMENT_3D('',#14728,#14729,#14730);
#14728 = CARTESIAN_POINT('',(93.,-114.499999,0.));
#14729 = DIRECTION('',(-1.,0.,0.));
#14730 = DIRECTION('',(0.,1.,0.));
#14731 = ADVANCED_FACE('',(#14732),#14743,.T.);
#14732 = FACE_BOUND('',#14733,.T.);
#14733 = EDGE_LOOP('',(#14734,#14735,#14736,#14742));
#14734 = ORIENTED_EDGE('',*,*,#14703,.T.);
#14735 = ORIENTED_EDGE('',*,*,#14295,.T.);
#14736 = ORIENTED_EDGE('',*,*,#14737,.F.);
#14737 = EDGE_CURVE('',#14027,#14288,#14738,.T.);
#14738 = LINE('',#14739,#14740);
#14739 = CARTESIAN_POINT('',(118.8,-114.499999,0.));
#14740 = VECTOR('',#14741,1.);
#14741 = DIRECTION('',(0.,0.,1.));
#14742 = ORIENTED_EDGE('',*,*,#14034,.F.);
#14743 = CYLINDRICAL_SURFACE('',#14744,0.199943190339);
#14744 = AXIS2_PLACEMENT_3D('',#14745,#14746,#14747);
#14745 = CARTESIAN_POINT('',(118.80005681096,-114.3000558177,0.));
#14746 = DIRECTION('',(0.,0.,-1.));
#14747 = DIRECTION('',(0.999999993488,1.14121076124E-04,0.));
#14748 = ADVANCED_FACE('',(#14749),#14755,.T.);
#14749 = FACE_BOUND('',#14750,.T.);
#14750 = EDGE_LOOP('',(#14751,#14752,#14753,#14754));
#14751 = ORIENTED_EDGE('',*,*,#14737,.T.);
#14752 = ORIENTED_EDGE('',*,*,#14287,.T.);
#14753 = ORIENTED_EDGE('',*,*,#14718,.F.);
#14754 = ORIENTED_EDGE('',*,*,#14026,.F.);
#14755 = PLANE('',#14756);
#14756 = AXIS2_PLACEMENT_3D('',#14757,#14758,#14759);
#14757 = CARTESIAN_POINT('',(118.8,-114.499999,0.));
#14758 = DIRECTION('',(0.,-1.,0.));
#14759 = DIRECTION('',(-1.,0.,0.));
#14760 = ADVANCED_FACE('',(#14761),#14772,.F.);
#14761 = FACE_BOUND('',#14762,.T.);
#14762 = EDGE_LOOP('',(#14763,#14769,#14770,#14771));
#14763 = ORIENTED_EDGE('',*,*,#14764,.T.);
#14764 = EDGE_CURVE('',#14104,#14365,#14765,.T.);
#14765 = LINE('',#14766,#14767);
#14766 = CARTESIAN_POINT('',(86.5,-111.935598,0.));
#14767 = VECTOR('',#14768,1.);
#14768 = DIRECTION('',(0.,0.,1.));
#14769 = ORIENTED_EDGE('',*,*,#14364,.T.);
#14770 = ORIENTED_EDGE('',*,*,#14764,.F.);
#14771 = ORIENTED_EDGE('',*,*,#14103,.F.);
#14772 = CYLINDRICAL_SURFACE('',#14773,1.5);
#14773 = AXIS2_PLACEMENT_3D('',#14774,#14775,#14776);
#14774 = CARTESIAN_POINT('',(85.,-111.935598,0.));
#14775 = DIRECTION('',(-0.,-0.,-1.));
#14776 = DIRECTION('',(1.,0.,-0.));
#14777 = ADVANCED_FACE('',(#14778),#14789,.F.);
#14778 = FACE_BOUND('',#14779,.T.);
#14779 = EDGE_LOOP('',(#14780,#14781,#14787,#14788));
#14780 = ORIENTED_EDGE('',*,*,#14114,.T.);
#14781 = ORIENTED_EDGE('',*,*,#14782,.T.);
#14782 = EDGE_CURVE('',#14115,#14376,#14783,.T.);
#14783 = LINE('',#14784,#14785);
#14784 = CARTESIAN_POINT('',(95.12,-108.65,-4.6E-02));
#14785 = VECTOR('',#14786,1.);
#14786 = DIRECTION('',(0.,0.,1.));
#14787 = ORIENTED_EDGE('',*,*,#14375,.F.);
#14788 = ORIENTED_EDGE('',*,*,#14782,.F.);
#14789 = CYLINDRICAL_SURFACE('',#14790,0.55);
#14790 = AXIS2_PLACEMENT_3D('',#14791,#14792,#14793);
#14791 = CARTESIAN_POINT('',(95.12,-108.1,-4.6E-02));
#14792 = DIRECTION('',(-0.,-0.,-1.));
#14793 = DIRECTION('',(-0.,-1.,0.));
#14794 = ADVANCED_FACE('',(#14795),#14806,.F.);
#14795 = FACE_BOUND('',#14796,.T.);
#14796 = EDGE_LOOP('',(#14797,#14798,#14804,#14805));
#14797 = ORIENTED_EDGE('',*,*,#14125,.T.);
#14798 = ORIENTED_EDGE('',*,*,#14799,.T.);
#14799 = EDGE_CURVE('',#14126,#14387,#14800,.T.);
#14800 = LINE('',#14801,#14802);
#14801 = CARTESIAN_POINT('',(98.62,-108.65,-4.6E-02));
#14802 = VECTOR('',#14803,1.);
#14803 = DIRECTION('',(0.,0.,1.));
#14804 = ORIENTED_EDGE('',*,*,#14386,.F.);
#14805 = ORIENTED_EDGE('',*,*,#14799,.F.);
#14806 = CYLINDRICAL_SURFACE('',#14807,0.55);
#14807 = AXIS2_PLACEMENT_3D('',#14808,#14809,#14810);
#14808 = CARTESIAN_POINT('',(98.62,-108.1,-4.6E-02));
#14809 = DIRECTION('',(-0.,-0.,-1.));
#14810 = DIRECTION('',(-0.,-1.,0.));
#14811 = ADVANCED_FACE('',(#14812),#14823,.F.);
#14812 = FACE_BOUND('',#14813,.T.);
#14813 = EDGE_LOOP('',(#14814,#14815,#14821,#14822));
#14814 = ORIENTED_EDGE('',*,*,#14136,.T.);
#14815 = ORIENTED_EDGE('',*,*,#14816,.T.);
#14816 = EDGE_CURVE('',#14137,#14398,#14817,.T.);
#14817 = LINE('',#14818,#14819);
#14818 = CARTESIAN_POINT('',(102.12,-108.65,-4.6E-02));
#14819 = VECTOR('',#14820,1.);
#14820 = DIRECTION('',(0.,0.,1.));
#14821 = ORIENTED_EDGE('',*,*,#14397,.F.);
#14822 = ORIENTED_EDGE('',*,*,#14816,.F.);
#14823 = CYLINDRICAL_SURFACE('',#14824,0.55);
#14824 = AXIS2_PLACEMENT_3D('',#14825,#14826,#14827);
#14825 = CARTESIAN_POINT('',(102.12,-108.1,-4.6E-02));
#14826 = DIRECTION('',(-0.,-0.,-1.));
#14827 = DIRECTION('',(-0.,-1.,0.));
#14828 = ADVANCED_FACE('',(#14829),#14840,.F.);
#14829 = FACE_BOUND('',#14830,.T.);
#14830 = EDGE_LOOP('',(#14831,#14832,#14838,#14839));
#14831 = ORIENTED_EDGE('',*,*,#14147,.T.);
#14832 = ORIENTED_EDGE('',*,*,#14833,.T.);
#14833 = EDGE_CURVE('',#14148,#14409,#14834,.T.);
#14834 = LINE('',#14835,#14836);
#14835 = CARTESIAN_POINT('',(105.62,-108.65,-4.6E-02));
#14836 = VECTOR('',#14837,1.);
#14837 = DIRECTION('',(0.,0.,1.));
#14838 = ORIENTED_EDGE('',*,*,#14408,.F.);
#14839 = ORIENTED_EDGE('',*,*,#14833,.F.);
#14840 = CYLINDRICAL_SURFACE('',#14841,0.55);
#14841 = AXIS2_PLACEMENT_3D('',#14842,#14843,#14844);
#14842 = CARTESIAN_POINT('',(105.62,-108.1,-4.6E-02));
#14843 = DIRECTION('',(-0.,-0.,-1.));
#14844 = DIRECTION('',(-0.,-1.,0.));
#14845 = ADVANCED_FACE('',(#14846),#14857,.F.);
#14846 = FACE_BOUND('',#14847,.T.);
#14847 = EDGE_LOOP('',(#14848,#14854,#14855,#14856));
#14848 = ORIENTED_EDGE('',*,*,#14849,.T.);
#14849 = EDGE_CURVE('',#14159,#14420,#14850,.T.);
#14850 = LINE('',#14851,#14852);
#14851 = CARTESIAN_POINT('',(116.5,-111.935598,0.));
#14852 = VECTOR('',#14853,1.);
#14853 = DIRECTION('',(0.,0.,1.));
#14854 = ORIENTED_EDGE('',*,*,#14419,.T.);
#14855 = ORIENTED_EDGE('',*,*,#14849,.F.);
#14856 = ORIENTED_EDGE('',*,*,#14158,.F.);
#14857 = CYLINDRICAL_SURFACE('',#14858,1.5);
#14858 = AXIS2_PLACEMENT_3D('',#14859,#14860,#14861);
#14859 = CARTESIAN_POINT('',(115.,-111.935598,0.));
#14860 = DIRECTION('',(-0.,-0.,-1.));
#14861 = DIRECTION('',(1.,0.,-0.));
#14862 = ADVANCED_FACE('',(#14863),#14874,.F.);
#14863 = FACE_BOUND('',#14864,.T.);
#14864 = EDGE_LOOP('',(#14865,#14866,#14872,#14873));
#14865 = ORIENTED_EDGE('',*,*,#14169,.T.);
#14866 = ORIENTED_EDGE('',*,*,#14867,.T.);
#14867 = EDGE_CURVE('',#14170,#14431,#14868,.T.);
#14868 = LINE('',#14869,#14870);
#14869 = CARTESIAN_POINT('',(109.12,-108.65,-4.6E-02));
#14870 = VECTOR('',#14871,1.);
#14871 = DIRECTION('',(0.,0.,1.));
#14872 = ORIENTED_EDGE('',*,*,#14430,.F.);
#14873 = ORIENTED_EDGE('',*,*,#14867,.F.);
#14874 = CYLINDRICAL_SURFACE('',#14875,0.55);
#14875 = AXIS2_PLACEMENT_3D('',#14876,#14877,#14878);
#14876 = CARTESIAN_POINT('',(109.12,-108.1,-4.6E-02));
#14877 = DIRECTION('',(-0.,-0.,-1.));
#14878 = DIRECTION('',(-0.,-1.,0.));
#14879 = ADVANCED_FACE('',(#14880),#14891,.F.);
#14880 = FACE_BOUND('',#14881,.T.);
#14881 = EDGE_LOOP('',(#14882,#14888,#14889,#14890));
#14882 = ORIENTED_EDGE('',*,*,#14883,.T.);
#14883 = EDGE_CURVE('',#14181,#14442,#14884,.T.);
#14884 = LINE('',#14885,#14886);
#14885 = CARTESIAN_POINT('',(102.2,-101.155433,0.));
#14886 = VECTOR('',#14887,1.);
#14887 = DIRECTION('',(0.,0.,1.));
#14888 = ORIENTED_EDGE('',*,*,#14441,.T.);
#14889 = ORIENTED_EDGE('',*,*,#14883,.F.);
#14890 = ORIENTED_EDGE('',*,*,#14180,.F.);
#14891 = CYLINDRICAL_SURFACE('',#14892,2.2);
#14892 = AXIS2_PLACEMENT_3D('',#14893,#14894,#14895);
#14893 = CARTESIAN_POINT('',(100.,-101.155433,0.));
#14894 = DIRECTION('',(-0.,-0.,-1.));
#14895 = DIRECTION('',(1.,0.,-0.));
#14896 = ADVANCED_FACE('',(#14897),#14908,.F.);
#14897 = FACE_BOUND('',#14898,.T.);
#14898 = EDGE_LOOP('',(#14899,#14905,#14906,#14907));
#14899 = ORIENTED_EDGE('',*,*,#14900,.T.);
#14900 = EDGE_CURVE('',#14192,#14453,#14901,.T.);
#14901 = LINE('',#14902,#14903);
#14902 = CARTESIAN_POINT('',(86.5,-88.0644,0.));
#14903 = VECTOR('',#14904,1.);
#14904 = DIRECTION('',(0.,0.,1.));
#14905 = ORIENTED_EDGE('',*,*,#14452,.T.);
#14906 = ORIENTED_EDGE('',*,*,#14900,.F.);
#14907 = ORIENTED_EDGE('',*,*,#14191,.F.);
#14908 = CYLINDRICAL_SURFACE('',#14909,1.5);
#14909 = AXIS2_PLACEMENT_3D('',#14910,#14911,#14912);
#14910 = CARTESIAN_POINT('',(85.,-88.0644,0.));
#14911 = DIRECTION('',(-0.,-0.,-1.));
#14912 = DIRECTION('',(1.,0.,-0.));
#14913 = ADVANCED_FACE('',(#14914),#14925,.F.);
#14914 = FACE_BOUND('',#14915,.T.);
#14915 = EDGE_LOOP('',(#14916,#14922,#14923,#14924));
#14916 = ORIENTED_EDGE('',*,*,#14917,.T.);
#14917 = EDGE_CURVE('',#14203,#14464,#14918,.T.);
#14918 = LINE('',#14919,#14920);
#14919 = CARTESIAN_POINT('',(116.5,-88.0644,0.));
#14920 = VECTOR('',#14921,1.);
#14921 = DIRECTION('',(0.,0.,1.));
#14922 = ORIENTED_EDGE('',*,*,#14463,.T.);
#14923 = ORIENTED_EDGE('',*,*,#14917,.F.);
#14924 = ORIENTED_EDGE('',*,*,#14202,.F.);
#14925 = CYLINDRICAL_SURFACE('',#14926,1.5);
#14926 = AXIS2_PLACEMENT_3D('',#14927,#14928,#14929);
#14927 = CARTESIAN_POINT('',(115.,-88.0644,0.));
#14928 = DIRECTION('',(-0.,-0.,-1.));
#14929 = DIRECTION('',(1.,0.,-0.));
#14930 = ( GEOMETRIC_REPRESENTATION_CONTEXT(3) 
GLOBAL_UNCERTAINTY_ASSIGNED_CONTEXT((#14934)) 
GLOBAL_UNIT_ASSIGNED_CONTEXT((#14931,#14932,#14933)) 
REPRESENTATION_CONTEXT('Context #1',
  '3D Context with UNIT and UNCERTAINTY') );
#14931 = ( LENGTH_UNIT() NAMED_UNIT(*) SI_UNIT(.MILLI.,.METRE.) );
#14932 = ( NAMED_UNIT(*) PLANE_ANGLE_UNIT() SI_UNIT($,.RADIAN.) );
#14933 = ( NAMED_UNIT(*) SI_UNIT($,.STERADIAN.) SOLID_ANGLE_UNIT() );
#14934 = UNCERTAINTY_MEASURE_WITH_UNIT(LENGTH_MEASURE(1.E-07),#14931,
  'distance_accuracy_value','confusion accuracy');
#14935 = CONTEXT_DEPENDENT_SHAPE_REPRESENTATION(#14936,#14938);
#14936 = ( REPRESENTATION_RELATIONSHIP('','',#13847,#10) 
REPRESENTATION_RELATIONSHIP_WITH_TRANSFORMATION(#14937) 
SHAPE_REPRESENTATION_RELATIONSHIP() );
#14937 = ITEM_DEFINED_TRANSFORMATION('','',#11,#19);
#14938 = PRODUCT_DEFINITION_SHAPE('Placement','Placement of an item',
  #14939);
#14939 = NEXT_ASSEMBLY_USAGE_OCCURRENCE('2','=>[0:1:1:3]','',#5,#13842,$
  );
#14940 = PRODUCT_RELATED_PRODUCT_CATEGORY('part',$,(#13844));
#14941 = MECHANICAL_DESIGN_GEOMETRIC_PRESENTATION_REPRESENTATION('',(
    #14942),#14930);
#14942 = STYLED_ITEM('color',(#14943),#13848);
#14943 = PRESENTATION_STYLE_ASSIGNMENT((#14944));
#14944 = SURFACE_STYLE_USAGE(.BOTH.,#14945);
#14945 = SURFACE_SIDE_STYLE('',(#14946));
#14946 = SURFACE_STYLE_FILL_AREA(#14947);
#14947 = FILL_AREA_STYLE('',(#14948));
#14948 = FILL_AREA_STYLE_COLOUR('',#14949);
#14949 = COLOUR_RGB('',0.313304153717,0.484529207832,0.410020903123);
#14950 = SHAPE_DEFINITION_REPRESENTATION(#14951,#14953);
#14951 = PROPERTY_DEFINITION('shape with specific properties',
  'properties for subshape',#14952);
#14952 = SHAPE_ASPECT('','',#30,.F.);
#14953 = SHAPE_REPRESENTATION('',(#37),#13829);
#14954 = PROPERTY_DEFINITION_REPRESENTATION(#14955,#14956);
#14955 = PROPERTY_DEFINITION('geometric validation property',
  'surface area',#14952);
#14956 = REPRESENTATION('surface area',(#14957),#13829);
#14957 = MEASURE_REPRESENTATION_ITEM('surface area measure',AREA_MEASURE
  (1.184855240203E+03),#14958);
#14958 = DERIVED_UNIT((#14959));
#14959 = DERIVED_UNIT_ELEMENT(#14960,2.);
#14960 = ( LENGTH_UNIT() NAMED_UNIT(*) SI_UNIT(.MILLI.,.METRE.) );
#14961 = PROPERTY_DEFINITION_REPRESENTATION(#14962,#14963);
#14962 = PROPERTY_DEFINITION('geometric validation property','volume',
  #14952);
#14963 = REPRESENTATION('volume',(#14964),#13829);
#14964 = MEASURE_REPRESENTATION_ITEM('volume measure',VOLUME_MEASURE(
    1.43342621972E+03),#14965);
#14965 = DERIVED_UNIT((#14966));
#14966 = DERIVED_UNIT_ELEMENT(#14967,3.);
#14967 = ( LENGTH_UNIT() NAMED_UNIT(*) SI_UNIT(.MILLI.,.METRE.) );
#14968 = PROPERTY_DEFINITION_REPRESENTATION(#14969,#14970);
#14969 = PROPERTY_DEFINITION('geometric validation property','centroid',
  #14952);
#14970 = REPRESENTATION('centroid',(#14971),#13829);
#14971 = CARTESIAN_POINT('centre point',(1.906330771226E-02,
    -0.696529733232,-4.260950623949));
ENDSEC;
END-ISO-10303-21;
